营业流水号,结算流水号,客位名称,牌号,备注,桌号,就餐人数,应收金额,优惠金额,实收金额,操作pos,操作员,结算时间,开票标志,打印次数,hour
YY000101-251220-0103,JS000101-251220-0103,大厅.A08,,,,2,622.0,0.0,622.0,收银pos,001-收银,2025-12-20 21:01:35,否,0,21
YY000101-251220-0109,JS000101-251220-0109,外卖区域.WM客位204262,,,,1,75.2,0.0,75.2,收银pos,001-收银,2025-12-20 20:57:31,否,1,20
YY000101-251220-0108,JS000101-251220-0108,外卖区域.WM客位204262,,,,1,34.8,0.0,34.8,收银pos,001-收银,2025-12-20 20:50:19,否,1,20
YY000101-251220-0107,JS000101-251220-0107,外卖区域.WM客位204262,,,,1,36.1,0.0,36.1,收银pos,001-收银,2025-12-20 20:43:27,否,1,20
YY000101-251220-0106,JS000101-251220-0106,外卖区域.WM客位204262,,,,1,46.7,0.0,46.7,收银pos,001-收银,2025-12-20 20:33:23,否,1,20
YY000101-251220-0105,JS000101-251220-0105,外卖区域.WM客位204262,,,,1,42.3,0.0,42.3,收银pos,001-收银,2025-12-20 20:28:12,否,1,20
YY000101-251220-0104,JS000101-251220-0104,外卖区域.WM客位204262,,,,1,68.7,0.0,68.7,收银pos,001-收银,2025-12-20 20:10:13,否,1,20
YY000101-251220-0095,JS000101-251220-0093,大厅.A03,,,,2,128.0,0.0,128.0,收银pos,001-收银,2025-12-20 20:00:10,否,0,20
YY000101-251220-0102,JS000101-251220-0102,外卖区域.WM客位204262,,,,1,45.7,0.0,45.7,收银pos,001-收银,2025-12-20 19:33:18,否,1,19
YY000101-251220-0093,JS000101-251220-0101,大厅.A09,,,,2,19.0,0.0,19.0,收银pos,001-收银,2025-12-20 19:33:13,否,0,19
YY000101-251220-0101,JS000101-251220-0100,大厅.A02,,,,1,26.0,0.0,26.0,收银pos,001-收银,2025-12-20 19:26:36,否,0,19
YY000101-251220-0100,JS000101-251220-0099,大厅.A01,,,,2,4.0,0.0,4.0,收银pos,001-收银,2025-12-20 19:14:09,否,0,19
YY000101-251220-0099,JS000101-251220-0098,外卖区域.WM客位204262,,,,1,32.8,0.0,32.8,收银pos,001-收银,2025-12-20 19:11:52,否,1,19
YY000101-251220-0091,JS000101-251220-0090,大厅.A06,,,,2,223.0,0.0,223.0,收银pos,001-收银,2025-12-20 19:08:56,否,0,19
YY000101-251220-0098,JS000101-251220-0097,外卖区域.WM客位204262,,,,1,35.8,0.0,35.8,收银pos,001-收银,2025-12-20 19:08:16,否,1,19
YY000101-251220-0090,JS000101-251220-0089,大厅.A02,,,,2,215.0,0.0,215.0,收银pos,001-收银,2025-12-20 19:06:11,否,0,19
YY000101-251220-0097,JS000101-251220-0096,外卖区域.WM客位204262,,,,1,35.7,0.0,35.7,收银pos,001-收银,2025-12-20 19:00:18,否,1,19
YY000101-251220-0082,JS000101-251220-0083,大厅.A04,,,,2,278.0,0.0,278.0,收银pos,001-收银,2025-12-20 18:49:14,否,0,18
YY000101-251220-0084,JS000101-251220-0095,大厅.A08,,,,4,404.0,67.8,336.2,收银pos,001-收银,2025-12-20 18:49:03,否,0,18
YY000101-251220-0096,JS000101-251220-0094,外卖区域.WM客位204262,,,,1,27.8,0.0,27.8,收银pos,001-收银,2025-12-20 18:48:28,否,1,18
YY000101-251220-0094,JS000101-251220-0092,大厅.A11,,,,2,97.0,0.0,97.0,收银pos,001-收银,2025-12-20 18:46:44,否,0,18
YY000101-251220-0092,JS000101-251220-0091,外卖区域.WM客位204262,,,,1,34.8,0.0,34.8,收银pos,001-收银,2025-12-20 18:30:24,否,1,18
YY000101-251220-0089,JS000101-251220-0088,大厅.A09,,,,2,178.0,0.0,178.0,收银pos,001-收银,2025-12-20 18:21:45,否,0,18
YY000101-251220-0088,JS000101-251220-0087,外卖区域.WM客位204262,,,,1,32.8,0.0,32.8,收银pos,001-收银,2025-12-20 18:10:54,否,1,18
YY000101-251220-0087,JS000101-251220-0086,外卖区域.WM客位204262,,,,1,34.8,0.0,34.8,收银pos,001-收银,2025-12-20 18:04:42,否,1,18
YY000101-251220-0086,JS000101-251220-0085,外卖区域.WM客位204262,,,,1,37.7,0.0,37.7,收银pos,001-收银,2025-12-20 17:44:37,否,1,17
YY000101-251220-0085,JS000101-251220-0084,外卖区域.WM客位204262,,,,1,37.8,0.0,37.8,收银pos,001-收银,2025-12-20 17:29:15,否,1,17
YY000101-251220-0083,JS000101-251220-0082,外卖区域.WM客位204262,,,,1,33.8,0.0,33.8,收银pos,001-收银,2025-12-20 17:20:47,否,1,17
YY000101-251220-0081,JS000101-251220-0081,外卖区域.WM客位204262,,,,1,33.8,0.0,33.8,收银pos,001-收银,2025-12-20 17:19:09,否,1,17
YY000101-251220-0080,JS000101-251220-0080,外卖区域.WM客位204262,,,,1,44.8,0.0,44.8,收银pos,001-收银,2025-12-20 17:03:47,否,1,17
YY000101-251220-0079,JS000101-251220-0079,外卖区域.WM客位204262,,,,1,50.8,0.0,50.8,收银pos,001-收银,2025-12-20 16:05:21,否,1,16
YY000101-251220-0078,JS000101-251220-0078,大厅.A09,,,,1,39.0,0.0,39.0,收银pos,001-收银,2025-12-20 16:02:46,否,0,16
YY000101-251220-0077,JS000101-251220-0077,外卖区域.WM客位204262,,,,1,91.7,0.0,91.7,收银pos,001-收银,2025-12-20 14:49:01,否,1,14
YY000101-251220-0070,JS000101-251220-0070,大厅.A06,,,,2,128.0,0.0,128.0,收银pos,001-收银,2025-12-20 14:27:33,否,0,14
YY000101-251220-0071,JS000101-251220-0076,大厅.A07,,,,4,284.0,55.6,228.4,收银pos,001-收银,2025-12-20 14:26:09,否,0,14
YY000101-251220-0076,JS000101-251220-0075,外卖区域.WM客位204262,,,,1,69.1,0.0,69.1,收银pos,001-收银,2025-12-20 14:08:54,否,1,14
YY000101-251220-0075,JS000101-251220-0074,外卖区域.WM客位204262,,,,1,34.8,0.0,34.8,收银pos,001-收银,2025-12-20 14:04:49,否,1,14
YY000101-251220-0074,JS000101-251220-0073,外卖区域.WM客位204262,,,,1,38.8,0.0,38.8,收银pos,001-收银,2025-12-20 13:55:50,否,1,13
YY000101-251220-0073,JS000101-251220-0072,外卖区域.WM客位204262,,,,1,32.8,0.0,32.8,收银pos,001-收银,2025-12-20 13:48:07,否,1,13
YY000101-251220-0072,JS000101-251220-0071,外卖区域.WM客位204262,,,,1,45.8,0.0,45.8,收银pos,001-收银,2025-12-20 13:42:21,否,1,13
YY000101-251220-0069,JS000101-251220-0069,外卖区域.WM客位204262,,,,1,35.8,0.0,35.8,收银pos,001-收银,2025-12-20 13:26:49,否,1,13
YY000101-251220-0048,JS000101-251220-0048,大厅.A05,,,,2,215.0,0.0,215.0,收银pos,001-收银,2025-12-20 13:23:16,否,0,13
YY000101-251220-0068,JS000101-251220-0068,外卖区域.WM客位204262,,,,1,69.7,0.0,69.7,收银pos,001-收银,2025-12-20 13:06:43,否,1,13
YY000101-251220-0061,JS000101-251220-0067,大厅.A07,,,,2,52.0,0.0,52.0,收银pos,001-收银,2025-12-20 13:04:34,否,0,13
YY000101-251220-0054,JS000101-251220-0066,大厅.A03,,,,2,204.0,34.8,169.2,收银pos,001-收银,2025-12-20 13:03:28,否,0,13
YY000101-251220-0067,JS000101-251220-0065,外卖区域.WM客位204262,,,,1,38.7,0.0,38.7,收银pos,001-收银,2025-12-20 12:59:05,否,1,12
YY000101-251220-0064,JS000101-251220-0063,大厅.A02,,,,2,23.8,0.0,23.8,收银pos,001-收银,2025-12-20 12:58:52,否,0,12
YY000101-251220-0066,JS000101-251220-0064,外卖区域.WM客位204262,,,,1,47.8,0.0,47.8,收银pos,001-收银,2025-12-20 12:57:52,否,1,12
YY000101-251220-0065,JS000101-251220-0062,外卖区域.WM客位204262,,,,1,37.8,0.0,37.8,收银pos,001-收银,2025-12-20 12:55:08,否,1,12
YY000101-251220-0055,JS000101-251220-0061,大厅.A11,,,,1,26.0,0.0,26.0,收银pos,001-收银,2025-12-20 12:53:44,否,0,12
YY000101-251220-0063,JS000101-251220-0060,外卖区域.WM客位204262,,,,1,39.8,0.0,39.8,收银pos,001-收银,2025-12-20 12:52:39,否,1,12
YY000101-251220-0062,JS000101-251220-0059,外卖区域.WM客位204262,,,,1,27.8,0.0,27.8,收银pos,001-收银,2025-12-20 12:43:25,否,1,12
YY000101-251220-0060,JS000101-251220-0058,外卖区域.WM客位204262,,,,1,49.8,0.0,49.8,收银pos,001-收银,2025-12-20 12:40:26,否,1,12
YY000101-251220-0059,JS000101-251220-0057,外卖区域.WM客位204262,,,,1,35.8,0.0,35.8,收银pos,001-收银,2025-12-20 12:40:18,否,1,12
YY000101-251220-0058,JS000101-251220-0056,外卖区域.WM客位204262,,,,1,27.8,0.0,27.8,收银pos,001-收银,2025-12-20 12:40:17,否,1,12
YY000101-251220-0057,JS000101-251220-0055,外卖区域.WM客位204262,,,,1,37.8,0.0,37.8,收银pos,001-收银,2025-12-20 12:40:09,否,1,12
YY000101-251220-0056,JS000101-251220-0054,外卖区域.WM客位204262,,,,1,32.8,0.0,32.8,收银pos,001-收银,2025-12-20 12:36:14,否,1,12
YY000101-251220-0031,JS000101-251220-0053,大厅.A08,,,,4,387.0,0.0,387.0,收银pos,001-收银,2025-12-20 12:36:00,否,0,12
YY000101-251220-0053,JS000101-251220-0052,外卖区域.WM客位204262,,,,1,27.8,0.0,27.8,收银pos,001-收银,2025-12-20 12:24:24,否,1,12
YY000101-251220-0052,JS000101-251220-0051,外卖区域.WM客位204262,,,,1,54.8,0.0,54.8,收银pos,001-收银,2025-12-20 12:23:26,否,1,12
YY000101-251220-0051,JS000101-251220-0050,外卖区域.WM客位204262,,,,1,54.2,0.0,54.2,收银pos,001-收银,2025-12-20 12:22:12,否,1,12
YY000101-251220-0050,JS000101-251220-0049,外卖区域.WM客位204262,,,,1,47.8,0.0,47.8,收银pos,001-收银,2025-12-20 12:18:53,否,1,12
YY000101-251220-0049,JS000101-251220-0047,外卖区域.WM客位204262,,,,1,34.8,0.0,34.8,收银pos,001-收银,2025-12-20 12:17:45,否,1,12
YY000101-251220-0047,JS000101-251220-0046,外卖区域.WM客位204262,,,,1,39.8,0.0,39.8,收银pos,001-收银,2025-12-20 12:17:12,否,1,12
YY000101-251220-0046,JS000101-251220-0045,外卖区域.WM客位204262,,,,1,43.8,0.0,43.8,收银pos,001-收银,2025-12-20 12:09:09,否,1,12
YY000101-251220-0045,JS000101-251220-0044,外卖区域.WM客位204262,,,,1,70.6,0.0,70.6,收银pos,001-收银,2025-12-20 12:08:57,否,1,12
YY000101-251220-0044,JS000101-251220-0043,外卖区域.WM客位204262,,,,1,46.7,0.0,46.7,收银pos,001-收银,2025-12-20 12:06:32,否,1,12
YY000101-251220-0043,JS000101-251220-0042,外卖区域.WM客位204262,,,,1,34.8,0.0,34.8,收银pos,001-收银,2025-12-20 12:01:36,否,1,12
YY000101-251220-0042,JS000101-251220-0041,外卖区域.WM客位204262,,,,1,34.8,0.0,34.8,收银pos,001-收银,2025-12-20 12:01:04,否,1,12
YY000101-251220-0041,JS000101-251220-0040,外卖区域.WM客位204262,,,,1,27.8,0.0,27.8,收银pos,001-收银,2025-12-20 11:55:07,否,1,11
YY000101-251220-0040,JS000101-251220-0039,外卖区域.WM客位204262,,,,1,40.5,0.0,40.5,收银pos,001-收银,2025-12-20 11:53:19,否,1,11
YY000101-251220-0039,JS000101-251220-0038,外卖区域.WM客位204262,,,,1,49.6,0.0,49.6,收银pos,001-收银,2025-12-20 11:49:44,否,1,11
YY000101-251220-0038,JS000101-251220-0037,外卖区域.WM客位204262,,,,1,40.6,0.0,40.6,收银pos,001-收银,2025-12-20 11:49:26,否,1,11
YY000101-251220-0037,JS000101-251220-0036,外卖区域.WM客位204262,,,,1,36.8,0.0,36.8,收银pos,001-收银,2025-12-20 11:48:03,否,1,11
YY000101-251220-0036,JS000101-251220-0035,外卖区域.WM客位204262,,,,1,36.8,0.0,36.8,收银pos,001-收银,2025-12-20 11:46:10,否,1,11
YY000101-251220-0035,JS000101-251220-0034,外卖区域.WM客位204262,,,,1,39.7,0.0,39.7,收银pos,001-收银,2025-12-20 11:44:06,否,1,11
YY000101-251220-0034,JS000101-251220-0033,外卖区域.WM客位204262,,,,1,82.6,0.0,82.6,收银pos,001-收银,2025-12-20 11:37:47,否,1,11
YY000101-251220-0033,JS000101-251220-0032,外卖区域.WM客位204262,,,,1,39.7,0.0,39.7,收银pos,001-收银,2025-12-20 11:37:46,否,1,11
YY000101-251220-0032,JS000101-251220-0031,外卖区域.WM客位204262,,,,1,41.8,0.0,41.8,收银pos,001-收银,2025-12-20 11:37:37,否,1,11
YY000101-251220-0029,JS000101-251220-0029,外卖区域.WM客位204262,,,,1,35.8,0.0,35.8,收银pos,001-收银,2025-12-20 11:33:38,否,1,11
YY000101-251220-0028,JS000101-251220-0028,外卖区域.WM客位204262,,,,1,47.8,0.0,47.8,收银pos,001-收银,2025-12-20 11:32:05,否,1,11
YY000101-251220-0027,JS000101-251220-0027,外卖区域.WM客位204262,,,,1,34.8,0.0,34.8,收银pos,001-收银,2025-12-20 11:31:02,否,1,11
YY000101-251220-0026,JS000101-251220-0026,外卖区域.WM客位204262,,,,1,40.8,0.0,40.8,收银pos,001-收银,2025-12-20 11:30:50,否,1,11
YY000101-251220-0025,JS000101-251220-0025,外卖区域.WM客位204262,,,,1,39.6,0.0,39.6,收银pos,001-收银,2025-12-20 11:29:17,否,1,11
YY000101-251220-0024,JS000101-251220-0024,外卖区域.WM客位204262,,,,1,35.8,0.0,35.8,收银pos,001-收银,2025-12-20 11:26:27,否,1,11
YY000101-251220-0023,JS000101-251220-0023,外卖区域.WM客位204262,,,,1,32.8,0.0,32.8,收银pos,001-收银,2025-12-20 11:25:28,否,1,11
YY000101-251220-0022,JS000101-251220-0022,外卖区域.WM客位204262,,,,1,34.8,0.0,34.8,收银pos,001-收银,2025-12-20 11:25:16,否,1,11
YY000101-251220-0021,JS000101-251220-0021,外卖区域.WM客位204262,,,,1,33.8,0.0,33.8,收银pos,001-收银,2025-12-20 11:15:48,否,1,11
YY000101-251220-0020,JS000101-251220-0020,外卖区域.WM客位204262,,,,1,49.7,0.0,49.7,收银pos,001-收银,2025-12-20 11:14:10,否,1,11
YY000101-251220-0019,JS000101-251220-0019,外卖区域.WM客位204262,,,,1,34.8,0.0,34.8,收银pos,001-收银,2025-12-20 11:12:06,否,1,11
YY000101-251220-0018,JS000101-251220-0018,外卖区域.WM客位204262,,,,1,33.8,0.0,33.8,收银pos,001-收银,2025-12-20 11:11:18,否,1,11
YY000101-251220-0017,JS000101-251220-0017,外卖区域.WM客位204262,,,,1,48.7,0.0,48.7,收银pos,001-收银,2025-12-20 11:10:56,否,1,11
YY000101-251220-0016,JS000101-251220-0016,外卖区域.WM客位204262,,,,1,45.8,0.0,45.8,收银pos,001-收银,2025-12-20 11:04:04,否,1,11
YY000101-251220-0015,JS000101-251220-0015,外卖区域.WM客位204262,,,,1,48.7,0.0,48.7,收银pos,001-收银,2025-12-20 11:02:25,否,1,11
YY000101-251220-0014,JS000101-251220-0014,外卖区域.WM客位204262,,,,1,62.8,0.0,62.8,收银pos,001-收银,2025-12-20 11:01:42,否,1,11
YY000101-251220-0013,JS000101-251220-0013,外卖区域.WM客位204262,,,,1,35.7,0.0,35.7,收银pos,001-收银,2025-12-20 10:58:38,否,1,10
YY000101-251220-0012,JS000101-251220-0012,外卖区域.WM客位204262,,,,1,71.8,0.0,71.8,收银pos,001-收银,2025-12-20 10:55:48,否,1,10
YY000101-251220-0011,JS000101-251220-0011,外卖区域.WM客位204262,,,,1,42.6,0.0,42.6,收银pos,001-收银,2025-12-20 10:55:10,否,1,10
YY000101-251220-0010,JS000101-251220-0010,外卖区域.WM客位204262,,,,1,47.8,0.0,47.8,收银pos,001-收银,2025-12-20 10:54:42,否,1,10
YY000101-251220-0009,JS000101-251220-0009,外卖区域.WM客位204262,,,,1,36.8,0.0,36.8,收银pos,001-收银,2025-12-20 10:52:11,否,1,10
YY000101-251220-0008,JS000101-251220-0008,外卖区域.WM客位204262,,,,1,50.7,0.0,50.7,收银pos,001-收银,2025-12-20 10:45:04,否,1,10
YY000101-251220-0007,JS000101-251220-0007,外卖区域.WM客位204262,,,,1,50.6,0.0,50.6,收银pos,001-收银,2025-12-20 10:44:56,否,1,10
YY000101-251220-0006,JS000101-251220-0006,外卖区域.WM客位204262,,,,1,39.7,0.0,39.7,收银pos,001-收银,2025-12-20 10:42:12,否,1,10
YY000101-251220-0005,JS000101-251220-0005,外卖区域.WM客位204262,,,,1,45.8,0.0,45.8,收银pos,001-收银,2025-12-20 10:40:08,否,1,10
YY000101-251220-0004,JS000101-251220-0004,外卖区域.WM客位204262,,,,1,32.8,0.0,32.8,收银pos,001-收银,2025-12-20 10:40:00,否,1,10
YY000101-251220-0003,JS000101-251220-0003,外卖区域.WM客位204262,,,,1,33.8,0.0,33.8,收银pos,001-收银,2025-12-20 10:29:50,否,1,10
YY000101-251220-0002,JS000101-251220-0002,外卖区域.WM客位204262,,,,1,27.8,0.0,27.8,收银pos,001-收银,2025-12-20 10:25:28,否,1,10
YY000101-251220-0001,JS000101-251220-0001,外卖区域.WM客位204262,,,,1,46.7,0.0,46.7,收银pos,001-收银,2025-12-20 10:12:17,否,1,10
YY000101-251219-0116,JS000101-251219-0114,大厅.A07,,,,2,254.0,65.2,188.8,收银pos,001-收银,2025-12-19 21:09:53,否,0,21
YY000101-251219-0117,JS000101-251219-0113,外卖区域.WM客位204262,,,,1,57.7,0.0,57.7,收银pos,001-收银,2025-12-19 20:57:50,否,1,20
YY000101-251219-0099,JS000101-251219-0097,大厅.A03,,,,2,234.0,0.0,234.0,收银pos,001-收银,2025-12-19 20:39:47,否,0,20
YY000101-251219-0115,JS000101-251219-0112,外卖区域.WM客位204262,,,,1,53.8,0.0,53.8,收银pos,001-收银,2025-12-19 20:32:52,否,1,20
YY000101-251219-0106,JS000101-251219-0111,大厅.A06,,,,3,5.0,5.0,0.0,收银pos,001-收银,2025-12-19 20:29:53,否,0,20
YY000101-251219-0114,JS000101-251219-0110,外卖区域.WM客位204262,,,,1,42.8,0.0,42.8,收银pos,001-收银,2025-12-19 20:27:25,否,1,20
YY000101-251219-0113,JS000101-251219-0109,外卖区域.WM客位204262,,,,1,34.8,0.0,34.8,收银pos,001-收银,2025-12-19 20:20:48,否,1,20
YY000101-251219-0111,JS000101-251219-0108,外卖区域.WM客位204262,,,,1,50.8,0.0,50.8,收银pos,001-收银,2025-12-19 20:19:15,否,1,20
YY000101-251219-0110,JS000101-251219-0107,外卖区域.WM客位204262,,,,1,35.8,0.0,35.8,收银pos,001-收银,2025-12-19 20:11:12,否,1,20
YY000101-251219-0101,JS000101-251219-0106,大厅.A09,,,,2,212.0,36.8,175.2,收银pos,001-收银,2025-12-19 20:09:24,否,0,20
YY000101-251219-0098,JS000101-251219-0105,大厅.A05,,,,1,107.0,21.4,85.6,收银pos,001-收银,2025-12-19 20:08:28,否,0,20
YY000101-251219-0104,JS000101-251219-0104,大厅.A04,,,,3,258.0,0.0,258.0,收银pos,001-收银,2025-12-19 20:08:10,否,0,20
YY000101-251219-0109,JS000101-251219-0103,外卖区域.WM客位204262,,,,1,32.8,0.0,32.8,收银pos,001-收银,2025-12-19 20:00:02,否,1,20
YY000101-251219-0096,JS000101-251219-0096,大厅.A02,,,,2,196.0,18.0,178.0,收银pos,001-收银,2025-12-19 19:59:38,否,0,19
YY000101-251219-0108,JS000101-251219-0102,外卖区域.WM客位204262,,,,1,40.7,0.0,40.7,收银pos,001-收银,2025-12-19 19:48:07,否,1,19
YY000101-251219-0105,JS000101-251219-0101,大厅.A06,,,,2,178.0,0.0,178.0,收银pos,001-收银,2025-12-19 19:42:17,否,0,19
YY000101-251219-0103,JS000101-251219-0100,外卖区域.WM客位204262,,,,1,38.8,0.0,38.8,收银pos,001-收银,2025-12-19 19:30:48,否,1,19
YY000101-251219-0100,JS000101-251219-0098,外卖区域.WM客位204262,,,,1,42.7,0.0,42.7,收银pos,001-收银,2025-12-19 19:15:47,否,1,19
YY000101-251219-0097,JS000101-251219-0095,外卖区域.WM客位204262,,,,1,52.1,0.0,52.1,收银pos,001-收银,2025-12-19 19:09:45,否,1,19
YY000101-251219-0095,JS000101-251219-0094,外卖区域.WM客位204262,,,,1,36.8,0.0,36.8,收银pos,001-收银,2025-12-19 19:02:43,否,1,19
YY000101-251219-0094,JS000101-251219-0093,外卖区域.WM客位204262,,,,1,38.8,0.0,38.8,收银pos,001-收银,2025-12-19 19:02:21,否,1,19
YY000101-251219-0093,JS000101-251219-0092,外卖区域.WM客位204262,,,,1,42.8,0.0,42.8,收银pos,001-收银,2025-12-19 19:00:57,否,1,19
YY000101-251219-0092,JS000101-251219-0091,外卖区域.WM客位204262,,,,1,35.8,0.0,35.8,收银pos,001-收银,2025-12-19 18:59:08,否,1,18
YY000101-251219-0091,JS000101-251219-0090,大厅.A07,,,,3,18.0,0.0,18.0,收银pos,001-收银,2025-12-19 18:49:51,否,0,18
YY000101-251219-0090,JS000101-251219-0089,外卖区域.WM客位204262,,,,1,32.8,0.0,32.8,收银pos,001-收银,2025-12-19 18:44:52,否,1,18
YY000101-251219-0089,JS000101-251219-0088,大厅.A07,,,,3,178.0,0.0,178.0,收银pos,001-收银,2025-12-19 18:42:12,否,0,18
YY000101-251219-0076,JS000101-251219-0087,大厅.A08,,,,4,495.0,66.0,429.0,收银pos,001-收银,2025-12-19 18:31:21,否,0,18
YY000101-251219-0088,JS000101-251219-0086,外卖区域.WM客位204262,,,,1,32.7,0.0,32.7,收银pos,001-收银,2025-12-19 18:29:19,否,1,18
YY000101-251219-0080,JS000101-251219-0085,大厅.A05,,,,3,262.0,52.4,209.6,收银pos,001-收银,2025-12-19 18:27:09,否,0,18
YY000101-251219-0087,JS000101-251219-0084,外卖区域.WM客位204262,,,,1,31.8,0.0,31.8,收银pos,001-收银,2025-12-19 18:20:32,否,1,18
YY000101-251219-0086,JS000101-251219-0083,外卖区域.WM客位204262,,,,1,44.6,0.0,44.6,收银pos,001-收银,2025-12-19 18:17:47,否,1,18
YY000101-251219-0085,JS000101-251219-0082,外卖区域.WM客位204262,,,,1,43.7,0.0,43.7,收银pos,001-收银,2025-12-19 18:07:23,否,1,18
YY000101-251219-0084,JS000101-251219-0081,外卖区域.WM客位204262,,,,1,42.8,0.0,42.8,收银pos,001-收银,2025-12-19 17:57:14,否,1,17
YY000101-251219-0083,JS000101-251219-0080,外卖区域.WM客位204262,,,,1,38.6,0.0,38.6,收银pos,001-收银,2025-12-19 17:55:15,否,1,17
YY000101-251219-0082,JS000101-251219-0079,外卖区域.WM客位204262,,,,1,44.8,0.0,44.8,收银pos,001-收银,2025-12-19 17:36:10,否,1,17
YY000101-251219-0081,JS000101-251219-0078,外卖区域.WM客位204262,,,,1,46.7,0.0,46.7,收银pos,001-收银,2025-12-19 17:27:06,否,1,17
YY000101-251219-0079,JS000101-251219-0077,外卖区域.WM客位204262,,,,1,36.8,0.0,36.8,收银pos,001-收银,2025-12-19 17:24:47,否,1,17
YY000101-251219-0077,JS000101-251219-0075,外卖区域.WM客位204262,,,,1,48.7,0.0,48.7,收银pos,001-收银,2025-12-19 17:19:29,否,1,17
YY000101-251219-0075,JS000101-251219-0074,外卖区域.WM客位204262,,,,1,65.8,0.0,65.8,收银pos,001-收银,2025-12-19 17:07:19,否,1,17
YY000101-251219-0074,JS000101-251219-0073,外卖区域.WM客位204262,,,,1,33.8,0.0,33.8,收银pos,001-收银,2025-12-19 16:48:39,否,1,16
YY000101-251219-0073,JS000101-251219-0072,外卖区域.WM客位204262,,,,1,32.8,0.0,32.8,收银pos,001-收银,2025-12-19 16:10:17,否,1,16
YY000101-251219-0071,JS000101-251219-0070,外卖区域.WM客位204262,,,,1,35.8,0.0,35.8,收银pos,001-收银,2025-12-19 16:05:04,否,1,16
YY000101-251219-0068,JS000101-251219-0067,大厅.A07,,,,2,47.6,0.0,47.6,收银pos,001-收银,2025-12-19 15:36:23,否,0,15
YY000101-251219-0070,JS000101-251219-0069,外卖区域.WM客位204262,,,,1,34.8,0.0,34.8,收银pos,001-收银,2025-12-19 15:21:05,否,1,15
YY000101-251219-0069,JS000101-251219-0068,外卖区域.WM客位204262,,,,1,56.8,0.0,56.8,收银pos,001-收银,2025-12-19 15:16:39,否,1,15
YY000101-251219-0067,JS000101-251219-0066,外卖区域.WM客位204262,,,,1,32.8,0.0,32.8,收银pos,001-收银,2025-12-19 15:01:58,否,1,15
YY000101-251219-0066,JS000101-251219-0065,外卖区域.WM客位204262,,,,1,40.3,0.0,40.3,收银pos,001-收银,2025-12-19 14:50:29,否,1,14
YY000101-251219-0063,JS000101-251219-0064,大厅.A09,,,,1,39.0,0.0,39.0,收银pos,001-收银,2025-12-19 14:48:33,否,0,14
YY000101-251219-0065,JS000101-251219-0063,外卖区域.WM客位204262,,,,1,70.7,0.0,70.7,收银pos,001-收银,2025-12-19 14:36:13,否,1,14
YY000101-251219-0064,JS000101-251219-0062,外卖区域.WM客位204262,,,,1,104.6,0.0,104.6,收银pos,001-收银,2025-12-19 14:30:01,否,1,14
YY000101-251219-0062,JS000101-251219-0061,外卖区域.WM客位204262,,,,1,44.8,0.0,44.8,收银pos,001-收银,2025-12-19 14:20:38,否,1,14
YY000101-251219-0061,JS000101-251219-0060,外卖区域.WM客位204262,,,,1,45.8,0.0,45.8,收银pos,001-收银,2025-12-19 14:08:38,否,1,14
YY000101-251219-0060,JS000101-251219-0059,外卖区域.WM客位204262,,,,1,45.8,0.0,45.8,收银pos,001-收银,2025-12-19 14:07:45,否,1,14
YY000101-251219-0059,JS000101-251219-0058,大厅.A05,,,,2,60.0,0.0,60.0,收银pos,001-收银,2025-12-19 14:04:19,否,0,14
YY000101-251219-0058,JS000101-251219-0057,外卖区域.WM客位204262,,,,1,37.7,0.0,37.7,收银pos,001-收银,2025-12-19 13:38:15,否,1,13
YY000101-251219-0057,JS000101-251219-0056,外卖区域.WM客位204262,,,,1,69.6,0.0,69.6,收银pos,001-收银,2025-12-19 13:32:29,否,1,13
YY000101-251219-0053,JS000101-251219-0055,大厅.A02,,,,4,14.0,0.0,14.0,收银pos,001-收银,2025-12-19 13:17:14,否,0,13
YY000101-251219-0051,JS000101-251219-0054,大厅.A06,,,,2,8.0,8.0,0.0,收银pos,001-收银,2025-12-19 13:10:19,否,0,13
YY000101-251219-0054,JS000101-251219-0053,大厅.A07,,,,3,245.0,37.2,207.8,收银pos,001-收银,2025-12-19 13:07:10,否,0,13
YY000101-251219-0056,JS000101-251219-0052,外卖区域.WM客位204262,,,,1,48.8,0.0,48.8,收银pos,001-收银,2025-12-19 12:57:30,否,1,12
YY000101-251219-0055,JS000101-251219-0051,大厅.A11,,,,1,25.0,0.0,25.0,收银pos,001-收银,2025-12-19 12:55:36,否,1,12
YY000101-251219-0042,JS000101-251219-0041,大厅.A10,,,,1,23.8,0.0,23.8,收银pos,001-收银,2025-12-19 12:43:16,否,0,12
YY000101-251219-0048,JS000101-251219-0047,大厅.A09,,,,2,47.6,0.0,47.6,收银pos,001-收银,2025-12-19 12:43:12,否,0,12
YY000101-251219-0045,JS000101-251219-0044,大厅.A02,,,,24,278.0,0.0,278.0,收银pos,001-收银,2025-12-19 12:37:58,否,0,12
YY000101-251219-0052,JS000101-251219-0050,外卖区域.WM客位204262,,,,1,47.1,0.0,47.1,收银pos,001-收银,2025-12-19 12:34:19,否,1,12
YY000101-251219-0050,JS000101-251219-0048,大厅.A06,,,,2,178.0,0.0,178.0,收银pos,001-收银,2025-12-19 12:33:43,否,0,12
YY000101-251219-0037,JS000101-251219-0049,大厅.A04,,,,2,133.0,0.0,133.0,收银pos,001-收银,2025-12-19 12:27:38,否,0,12
YY000101-251219-0049,JS000101-251219-0046,外卖区域.WM客位204262,,,,1,27.8,0.0,27.8,收银pos,001-收银,2025-12-19 12:23:45,否,1,12
YY000101-251219-0046,JS000101-251219-0045,外卖区域.WM客位204262,,,,1,66.6,0.0,66.6,收银pos,001-收银,2025-12-19 12:13:41,否,1,12
YY000101-251219-0044,JS000101-251219-0043,外卖区域.WM客位204262,,,,1,59.3,0.0,59.3,收银pos,001-收银,2025-12-19 12:12:48,否,1,12
YY000101-251219-0043,JS000101-251219-0042,外卖区域.WM客位204262,,,,1,32.82,0.0,32.82,收银pos,001-收银,2025-12-19 12:12:25,否,1,12
YY000101-251219-0040,JS000101-251219-0040,大厅.A03,,,,2,33.0,0.0,33.0,收银pos,001-收银,2025-12-19 12:09:06,否,0,12
YY000101-251219-0041,JS000101-251219-0039,外卖区域.WM客位204262,,,,1,36.8,0.0,36.8,收银pos,001-收银,2025-12-19 12:07:40,否,1,12
YY000101-251219-0039,JS000101-251219-0038,外卖区域.WM客位204262,,,,1,52.6,0.0,52.6,收银pos,001-收银,2025-12-19 12:00:33,否,1,12
YY000101-251219-0038,JS000101-251219-0037,外卖区域.WM客位204262,,,,1,31.8,0.0,31.8,收银pos,001-收银,2025-12-19 11:58:39,否,1,11
YY000101-251219-0036,JS000101-251219-0036,外卖区域.WM客位204262,,,,1,29.8,0.0,29.8,收银pos,001-收银,2025-12-19 11:43:38,否,1,11
YY000101-251219-0035,JS000101-251219-0035,外卖区域.WM客位204262,,,,1,35.8,0.0,35.8,收银pos,001-收银,2025-12-19 11:40:19,否,1,11
YY000101-251219-0034,JS000101-251219-0034,外卖区域.WM客位204262,,,,1,34.8,0.0,34.8,收银pos,001-收银,2025-12-19 11:38:10,否,1,11
YY000101-251219-0033,JS000101-251219-0033,外卖区域.WM客位204262,,,,1,28.8,0.0,28.8,收银pos,001-收银,2025-12-19 11:38:02,否,1,11
YY000101-251219-0032,JS000101-251219-0032,外卖区域.WM客位204262,,,,1,37.7,0.0,37.7,收银pos,001-收银,2025-12-19 11:35:07,否,1,11
YY000101-251219-0031,JS000101-251219-0031,外卖区域.WM客位204262,,,,1,43.8,0.0,43.8,收银pos,001-收银,2025-12-19 11:32:58,否,1,11
YY000101-251219-0030,JS000101-251219-0030,外卖区域.WM客位204262,,,,1,34.8,0.0,34.8,收银pos,001-收银,2025-12-19 11:31:29,否,1,11
YY000101-251219-0029,JS000101-251219-0029,外卖区域.WM客位204262,,,,1,30.8,0.0,30.8,收银pos,001-收银,2025-12-19 11:30:47,否,1,11
YY000101-251219-0028,JS000101-251219-0028,外卖区域.WM客位204262,,,,1,38.8,0.0,38.8,收银pos,001-收银,2025-12-19 11:30:30,否,1,11
YY000101-251219-0027,JS000101-251219-0027,外卖区域.WM客位204262,,,,1,35.8,0.0,35.8,收银pos,001-收银,2025-12-19 11:29:47,否,1,11
YY000101-251219-0026,JS000101-251219-0026,外卖区域.WM客位204262,,,,1,52.6,0.0,52.6,收银pos,001-收银,2025-12-19 11:29:29,否,1,11
YY000101-251219-0025,JS000101-251219-0025,外卖区域.WM客位204262,,,,1,33.8,0.0,33.8,收银pos,001-收银,2025-12-19 11:27:20,否,1,11
YY000101-251219-0024,JS000101-251219-0024,外卖区域.WM客位204262,,,,1,37.8,0.0,37.8,收银pos,001-收银,2025-12-19 11:26:18,否,1,11
YY000101-251219-0023,JS000101-251219-0023,外卖区域.WM客位204262,,,,1,44.7,0.0,44.7,收银pos,001-收银,2025-12-19 11:24:09,否,1,11
YY000101-251219-0021,JS000101-251219-0021,外卖区域.WM客位204262,,,,1,37.7,0.0,37.7,收银pos,001-收银,2025-12-19 11:19:26,否,1,11
YY000101-251219-0020,JS000101-251219-0020,外卖区域.WM客位204262,,,,1,37.7,0.0,37.7,收银pos,001-收银,2025-12-19 11:16:26,否,1,11
YY000101-251219-0019,JS000101-251219-0019,外卖区域.WM客位204262,,,,1,38.7,0.0,38.7,收银pos,001-收银,2025-12-19 11:15:08,否,1,11
YY000101-251219-0018,JS000101-251219-0018,外卖区域.WM客位204262,,,,1,22.77,0.0,22.77,收银pos,001-收银,2025-12-19 11:14:30,否,1,11
YY000101-251219-0017,JS000101-251219-0017,外卖区域.WM客位204262,,,,1,41.7,0.0,41.7,收银pos,001-收银,2025-12-19 11:12:57,否,1,11
YY000101-251219-0016,JS000101-251219-0016,外卖区域.WM客位204262,,,,1,47.8,0.0,47.8,收银pos,001-收银,2025-12-19 11:11:38,否,1,11
YY000101-251219-0015,JS000101-251219-0015,外卖区域.WM客位204262,,,,1,39.8,0.0,39.8,收银pos,001-收银,2025-12-19 11:11:16,否,1,11
YY000101-251219-0014,JS000101-251219-0014,外卖区域.WM客位204262,,,,1,35.3,0.0,35.3,收银pos,001-收银,2025-12-19 11:09:42,否,1,11
YY000101-251219-0013,JS000101-251219-0013,外卖区域.WM客位204262,,,,1,41.7,0.0,41.7,收银pos,001-收银,2025-12-19 11:08:39,否,1,11
YY000101-251219-0012,JS000101-251219-0012,外卖区域.WM客位204262,,,,1,35.8,0.0,35.8,收银pos,001-收银,2025-12-19 11:08:06,否,1,11
YY000101-251219-0011,JS000101-251219-0011,外卖区域.WM客位204262,,,,1,37.8,0.0,37.8,收银pos,001-收银,2025-12-19 11:07:38,否,1,11
YY000101-251219-0010,JS000101-251219-0010,外卖区域.WM客位204262,,,,1,53.7,0.0,53.7,收银pos,001-收银,2025-12-19 11:07:01,否,1,11
YY000101-251219-0009,JS000101-251219-0009,外卖区域.WM客位204262,,,,1,32.8,0.0,32.8,收银pos,001-收银,2025-12-19 11:02:40,否,1,11
YY000101-251219-0008,JS000101-251219-0008,外卖区域.WM客位204262,,,,1,39.8,0.0,39.8,收银pos,001-收银,2025-12-19 11:02:12,否,1,11
YY000101-251219-0007,JS000101-251219-0007,外卖区域.WM客位204262,,,,1,57.8,0.0,57.8,收银pos,001-收银,2025-12-19 11:01:48,否,1,11
YY000101-251219-0006,JS000101-251219-0006,外卖区域.WM客位204262,,,,1,41.7,0.0,41.7,收银pos,001-收银,2025-12-19 10:58:48,否,1,10
YY000101-251219-0005,JS000101-251219-0005,外卖区域.WM客位204262,,,,1,68.8,0.0,68.8,收银pos,001-收银,2025-12-19 10:50:49,否,1,10
YY000101-251219-0004,JS000101-251219-0004,外卖区域.WM客位204262,,,,1,34.8,0.0,34.8,收银pos,001-收银,2025-12-19 10:49:41,否,1,10
YY000101-251219-0003,JS000101-251219-0003,外卖区域.WM客位204262,,,,1,46.7,0.0,46.7,收银pos,001-收银,2025-12-19 10:10:55,否,1,10
YY000101-251219-0002,JS000101-251219-0002,外卖区域.WM客位204262,,,,1,41.8,0.0,41.8,收银pos,001-收银,2025-12-19 09:59:15,否,1,9
YY000101-251219-0001,JS000101-251219-0001,外卖区域.WM客位204262,,,,1,32.8,0.0,32.8,收银pos,001-收银,2025-12-19 08:42:28,否,1,8
YY000101-251218-0112,JS000101-251218-0115,大厅.A06,,,,2,279.0,0.0,279.0,收银pos,001-收银,2025-12-18 21:15:46,否,0,21
YY000101-251218-0115,JS000101-251218-0114,大厅.A08,,,,4,199.0,0.0,199.0,收银pos,001-收银,2025-12-18 21:15:07,否,0,21
YY000101-251218-0107,JS000101-251218-0113,大厅.A04,,,,3,397.0,0.0,397.0,收银pos,001-收银,2025-12-18 21:14:05,否,0,21
YY000101-251218-0113,JS000101-251218-0111,大厅.A08,,,,2,278.0,0.0,278.0,收银pos,001-收银,2025-12-18 20:45:14,否,0,20
YY000101-251218-0105,JS000101-251218-0103,大厅.A07,,,,2,306.0,0.0,306.0,收银pos,001-收银,2025-12-18 20:45:03,否,0,20
YY000101-251218-0114,JS000101-251218-0112,外卖区域.WM客位204262,,,,1,34.8,0.0,34.8,收银pos,001-收银,2025-12-18 20:38:32,否,1,20
YY000101-251218-0109,JS000101-251218-0106,大厅.A02,,,,2,178.0,0.0,178.0,收银pos,001-收银,2025-12-18 20:35:08,否,0,20
YY000101-251218-0101,JS000101-251218-0110,大厅.A08,,,,5,278.0,51.4,226.6,收银pos,001-收银,2025-12-18 20:34:59,否,0,20
YY000101-251218-0102,JS000101-251218-0109,大厅.A09,,,,2,18.0,0.0,18.0,收银pos,001-收银,2025-12-18 20:32:17,否,0,20
YY000101-251218-0111,JS000101-251218-0108,外卖区域.WM客位204262,,,,1,54.8,0.0,54.8,收银pos,001-收银,2025-12-18 20:30:04,否,1,20
YY000101-251218-0110,JS000101-251218-0107,外卖区域.WM客位204262,,,,1,31.8,0.0,31.8,收银pos,001-收银,2025-12-18 20:18:14,否,1,20
YY000101-251218-0091,JS000101-251218-0091,大厅.A02,,,,2,178.0,0.0,178.0,收银pos,001-收银,2025-12-18 20:15:11,否,0,20
YY000101-251218-0108,JS000101-251218-0105,外卖区域.WM客位204262,,,,1,43.8,0.0,43.8,收银pos,001-收银,2025-12-18 19:54:52,否,1,19
YY000101-251218-0106,JS000101-251218-0104,外卖区域.WM客位204262,,,,1,39.7,0.0,39.7,收银pos,001-收银,2025-12-18 19:49:06,否,1,19
YY000101-251218-0104,JS000101-251218-0102,外卖区域.WM客位204262,,,,1,34.8,0.0,34.8,收银pos,001-收银,2025-12-18 19:42:03,否,1,19
YY000101-251218-0103,JS000101-251218-0101,外卖区域.WM客位204262,,,,1,73.8,0.0,73.8,收银pos,001-收银,2025-12-18 19:34:00,否,1,19
YY000101-251218-0087,JS000101-251218-0087,大厅.A03,,,,2,178.0,0.0,178.0,收银pos,001-收银,2025-12-18 19:13:27,否,0,19
YY000101-251218-0088,JS000101-251218-0089,大厅.A04,,,,2,178.0,0.0,178.0,收银pos,001-收银,2025-12-18 19:13:23,否,0,19
YY000101-251218-0100,JS000101-251218-0100,大厅.A09,,,,2,178.0,0.0,178.0,收银pos,001-收银,2025-12-18 19:13:20,否,0,19
YY000101-251218-0099,JS000101-251218-0099,外卖区域.WM客位204262,,,,1,34.8,0.0,34.8,收银pos,001-收银,2025-12-18 19:10:13,否,1,19
YY000101-251218-0098,JS000101-251218-0098,外卖区域.WM客位204262,,,,1,43.8,0.0,43.8,收银pos,001-收银,2025-12-18 19:07:48,否,1,19
YY000101-251218-0097,JS000101-251218-0097,外卖区域.WM客位204262,,,,1,35.8,0.0,35.8,收银pos,001-收银,2025-12-18 19:02:23,否,1,19
YY000101-251218-0096,JS000101-251218-0096,外卖区域.WM客位204262,,,,1,47.7,0.0,47.7,收银pos,001-收银,2025-12-18 19:02:05,否,1,19
YY000101-251218-0095,JS000101-251218-0095,外卖区域.WM客位204262,,,,1,41.7,0.0,41.7,收银pos,001-收银,2025-12-18 18:46:59,否,1,18
YY000101-251218-0094,JS000101-251218-0094,外卖区域.WM客位204262,,,,1,89.7,0.0,89.7,收银pos,001-收银,2025-12-18 18:46:16,否,1,18
YY000101-251218-0093,JS000101-251218-0093,外卖区域.WM客位204262,,,,1,40.8,0.0,40.8,收银pos,001-收银,2025-12-18 18:35:18,否,1,18
YY000101-251218-0092,JS000101-251218-0092,外卖区域.WM客位204262,,,,1,38.8,0.0,38.8,收银pos,001-收银,2025-12-18 18:28:15,否,1,18
YY000101-251218-0090,JS000101-251218-0090,外卖区域.WM客位204262,,,,1,50.5,0.0,50.5,收银pos,001-收银,2025-12-18 18:21:42,否,1,18
YY000101-251218-0089,JS000101-251218-0088,外卖区域.WM客位204262,,,,1,27.8,0.0,27.8,收银pos,001-收银,2025-12-18 18:01:47,否,1,18
YY000101-251218-0086,JS000101-251218-0086,外卖区域.WM客位204262,,,,1,42.3,0.0,42.3,收银pos,001-收银,2025-12-18 17:46:15,否,1,17
YY000101-251218-0085,JS000101-251218-0085,外卖区域.WM客位204262,,,,1,46.8,0.0,46.8,收银pos,001-收银,2025-12-18 17:32:59,否,1,17
YY000101-251218-0084,JS000101-251218-0084,外卖区域.WM客位204262,,,,1,69.6,0.0,69.6,收银pos,001-收银,2025-12-18 17:25:17,否,1,17
YY000101-251218-0083,JS000101-251218-0083,外卖区域.WM客位204262,,,,1,32.8,0.0,32.8,收银pos,001-收银,2025-12-18 17:22:17,否,1,17
YY000101-251218-0082,JS000101-251218-0082,外卖区域.WM客位204262,,,,1,34.8,0.0,34.8,收银pos,001-收银,2025-12-18 16:47:49,否,1,16
YY000101-251218-0081,JS000101-251218-0081,外卖区域.WM客位204262,,,,1,33.8,0.0,33.8,收银pos,001-收银,2025-12-18 16:41:12,否,1,16
YY000101-251218-0080,JS000101-251218-0080,大厅.A06,,,,2,6.0,0.0,6.0,收银pos,001-收银,2025-12-18 16:29:48,否,0,16
YY000101-251218-0079,JS000101-251218-0079,大厅.A10,,,,1,26.0,0.0,26.0,收银pos,001-收银,2025-12-18 16:28:48,否,0,16
YY000101-251218-0078,JS000101-251218-0078,外卖区域.WM客位204262,,,,1,38.7,0.0,38.7,收银pos,001-收银,2025-12-18 16:27:41,否,1,16
YY000101-251218-0077,JS000101-251218-0077,外卖区域.WM客位204262,,,,1,50.8,0.0,50.8,收银pos,001-收银,2025-12-18 16:21:40,否,1,16
YY000101-251218-0076,JS000101-251218-0076,外卖区域.WM客位204262,,,,1,31.8,0.0,31.8,收银pos,001-收银,2025-12-18 16:20:11,否,1,16
YY000101-251218-0074,JS000101-251218-0074,大厅.A06,,,,2,59.8,0.0,59.8,收银pos,001-收银,2025-12-18 16:02:07,否,0,16
YY000101-251218-0075,JS000101-251218-0075,外卖区域.WM客位204262,,,,1,38.8,0.0,38.8,收银pos,001-收银,2025-12-18 15:33:25,否,1,15
YY000101-251218-0073,JS000101-251218-0073,外卖区域.WM客位204262,,,,1,53.7,0.0,53.7,收银pos,001-收银,2025-12-18 15:11:34,否,1,15
YY000101-251218-0067,JS000101-251218-0072,大厅.A08,,,,1,173.0,25.6,147.4,收银pos,001-收银,2025-12-18 15:00:29,否,0,15
YY000101-251218-0072,JS000101-251218-0071,外卖区域.WM客位204262,,,,1,36.8,0.0,36.8,收银pos,001-收银,2025-12-18 14:46:22,否,1,14
YY000101-251218-0071,JS000101-251218-0070,外卖区域.WM客位204262,,,,1,48.8,0.0,48.8,收银pos,001-收银,2025-12-18 14:38:29,否,1,14
YY000101-251218-0070,JS000101-251218-0069,外卖区域.WM客位204262,,,,1,34.8,0.0,34.8,收银pos,001-收银,2025-12-18 14:30:47,否,1,14
YY000101-251218-0069,JS000101-251218-0068,外卖区域.WM客位204262,,,,1,32.8,0.0,32.8,收银pos,001-收银,2025-12-18 14:27:37,否,1,14
YY000101-251218-0068,JS000101-251218-0067,外卖区域.WM客位204262,,,,1,34.8,0.0,34.8,收银pos,001-收银,2025-12-18 14:27:15,否,1,14
YY000101-251218-0066,JS000101-251218-0066,外卖区域.WM客位204262,,,,1,57.8,0.0,57.8,收银pos,001-收银,2025-12-18 14:14:29,否,1,14
YY000101-251218-0060,JS000101-251218-0064,大厅.A09,,,,1,39.0,0.0,39.0,收银pos,001-收银,2025-12-18 13:58:14,否,0,13
YY000101-251218-0064,JS000101-251218-0063,外卖区域.WM客位204262,,,,1,38.8,0.0,38.8,收银pos,001-收银,2025-12-18 13:56:43,否,1,13
YY000101-251218-0063,JS000101-251218-0062,外卖区域.WM客位204262,,,,1,38.8,0.0,38.8,收银pos,001-收银,2025-12-18 13:52:33,否,1,13
YY000101-251218-0062,JS000101-251218-0061,大厅.A11,,,,2,50.0,0.0,50.0,收银pos,001-收银,2025-12-18 13:50:07,否,0,13
YY000101-251218-0061,JS000101-251218-0060,外卖区域.WM客位204262,,,,1,79.8,0.0,79.8,收银pos,001-收银,2025-12-18 13:37:22,否,1,13
YY000101-251218-0059,JS000101-251218-0059,外卖区域.WM客位204262,,,,1,45.8,0.0,45.8,收银pos,001-收银,2025-12-18 13:28:03,否,1,13
YY000101-251218-0058,JS000101-251218-0058,外卖区域.WM客位204262,,,,1,54.8,0.0,54.8,收银pos,001-收银,2025-12-18 13:26:35,否,1,13
YY000101-251218-0052,JS000101-251218-0057,大厅.A03,,,,1,38.0,0.0,38.0,收银pos,001-收银,2025-12-18 13:14:14,否,0,13
YY000101-251218-0057,JS000101-251218-0056,外卖区域.WM客位204262,,,,1,50.8,0.0,50.8,收银pos,001-收银,2025-12-18 13:11:39,否,1,13
YY000101-251218-0056,JS000101-251218-0055,大厅.A02,,,,1,26.0,0.0,26.0,收银pos,001-收银,2025-12-18 13:07:44,否,0,13
YY000101-251218-0055,JS000101-251218-0054,大厅.A01,,,,1,18.0,0.0,18.0,收银pos,001-收银,2025-12-18 13:03:47,否,0,13
YY000101-251218-0050,JS000101-251218-0053,大厅.A01,,,,2,28.0,3.36,24.64,收银pos,001-收银,2025-12-18 12:58:24,否,0,12
YY000101-251218-0045,JS000101-251218-0052,大厅.A08,,,,5,242.0,18.0,224.0,收银pos,001-收银,2025-12-18 12:56:12,否,0,12
YY000101-251218-0054,JS000101-251218-0051,外卖区域.WM客位204262,,,,1,36.6,0.0,36.6,收银pos,001-收银,2025-12-18 12:55:22,否,1,12
YY000101-251218-0053,JS000101-251218-0050,外卖区域.WM客位204262,,,,1,46.7,0.0,46.7,收银pos,001-收银,2025-12-18 12:49:31,否,1,12
YY000101-251218-0051,JS000101-251218-0049,外卖区域.WM客位204262,,,,1,35.7,0.0,35.7,收银pos,001-收银,2025-12-18 12:27:14,否,1,12
YY000101-251218-0049,JS000101-251218-0048,外卖区域.WM客位204262,,,,1,74.6,0.0,74.6,收银pos,001-收银,2025-12-18 12:24:55,否,1,12
YY000101-251218-0048,JS000101-251218-0047,外卖区域.WM客位204262,,,,1,54.6,0.0,54.6,收银pos,001-收银,2025-12-18 12:22:21,否,1,12
YY000101-251218-0047,JS000101-251218-0046,外卖区域.WM客位204262,,,,1,38.8,0.0,38.8,收银pos,001-收银,2025-12-18 12:12:32,否,1,12
YY000101-251218-0046,JS000101-251218-0045,外卖区域.WM客位204262,,,,1,39.8,0.0,39.8,收银pos,001-收银,2025-12-18 12:11:04,否,1,12
YY000101-251218-0044,JS000101-251218-0044,外卖区域.WM客位204262,,,,1,37.8,0.0,37.8,收银pos,001-收银,2025-12-18 12:03:16,否,1,12
YY000101-251218-0043,JS000101-251218-0043,外卖区域.WM客位204262,,,,1,53.8,0.0,53.8,收银pos,001-收银,2025-12-18 12:02:18,否,1,12
YY000101-251218-0042,JS000101-251218-0042,外卖区域.WM客位204262,,,,1,51.8,0.0,51.8,收银pos,001-收银,2025-12-18 12:02:01,否,1,12
YY000101-251218-0041,JS000101-251218-0041,外卖区域.WM客位204262,,,,1,39.8,0.0,39.8,收银pos,001-收银,2025-12-18 12:01:38,否,1,12
YY000101-251218-0040,JS000101-251218-0040,外卖区域.WM客位204262,,,,1,45.8,0.0,45.8,收银pos,001-收银,2025-12-18 11:56:42,否,1,11
YY000101-251218-0039,JS000101-251218-0039,外卖区域.WM客位204262,,,,1,39.8,0.0,39.8,收银pos,001-收银,2025-12-18 11:56:00,否,1,11
YY000101-251218-0037,JS000101-251218-0038,大厅.A07,,,,1,26.0,0.0,26.0,收银pos,001-收银,2025-12-18 11:55:20,否,0,11
YY000101-251218-0038,JS000101-251218-0037,外卖区域.WM客位204262,,,,1,49.3,0.0,49.3,收银pos,001-收银,2025-12-18 11:54:41,否,1,11
YY000101-251218-0036,JS000101-251218-0036,外卖区域.WM客位204262,,,,1,69.7,0.0,69.7,收银pos,001-收银,2025-12-18 11:49:21,否,1,11
YY000101-251218-0035,JS000101-251218-0035,外卖区域.WM客位204262,,,,1,31.8,0.0,31.8,收银pos,001-收银,2025-12-18 11:48:39,否,1,11
YY000101-251218-0034,JS000101-251218-0034,外卖区域.WM客位204262,,,,1,37.7,0.0,37.7,收银pos,001-收银,2025-12-18 11:47:26,否,1,11
YY000101-251218-0033,JS000101-251218-0033,外卖区域.WM客位204262,,,,1,34.8,0.0,34.8,收银pos,001-收银,2025-12-18 11:47:13,否,1,11
YY000101-251218-0032,JS000101-251218-0032,外卖区域.WM客位204262,,,,1,47.8,0.0,47.8,收银pos,001-收银,2025-12-18 11:43:39,否,1,11
YY000101-251218-0031,JS000101-251218-0031,外卖区域.WM客位204262,,,,1,49.8,0.0,49.8,收银pos,001-收银,2025-12-18 11:36:02,否,1,11
YY000101-251218-0030,JS000101-251218-0030,外卖区域.WM客位204262,,,,1,39.7,0.0,39.7,收银pos,001-收银,2025-12-18 11:35:34,否,1,11
YY000101-251218-0029,JS000101-251218-0029,外卖区域.WM客位204262,,,,1,35.7,0.0,35.7,收银pos,001-收银,2025-12-18 11:35:33,否,1,11
YY000101-251218-0028,JS000101-251218-0028,外卖区域.WM客位204262,,,,1,32.8,0.0,32.8,收银pos,001-收银,2025-12-18 11:34:24,否,1,11
YY000101-251218-0027,JS000101-251218-0027,外卖区域.WM客位204262,,,,1,44.2,0.0,44.2,收银pos,001-收银,2025-12-18 11:33:41,否,1,11
YY000101-251218-0026,JS000101-251218-0026,外卖区域.WM客位204262,,,,1,59.3,0.0,59.3,收银pos,001-收银,2025-12-18 11:27:35,否,1,11
YY000101-251218-0025,JS000101-251218-0025,外卖区域.WM客位204262,,,,1,70.6,0.0,70.6,收银pos,001-收银,2025-12-18 11:27:02,否,1,11
YY000101-251218-0024,JS000101-251218-0024,外卖区域.WM客位204262,,,,1,36.8,0.0,36.8,收银pos,001-收银,2025-12-18 11:23:52,否,1,11
YY000101-251218-0023,JS000101-251218-0023,外卖区域.WM客位204262,,,,1,44.7,0.0,44.7,收银pos,001-收银,2025-12-18 11:21:33,否,1,11
YY000101-251218-0022,JS000101-251218-0022,外卖区域.WM客位204262,,,,1,47.7,0.0,47.7,收银pos,001-收银,2025-12-18 11:20:15,否,1,11
YY000101-251218-0021,JS000101-251218-0021,外卖区域.WM客位204262,,,,1,52.8,0.0,52.8,收银pos,001-收银,2025-12-18 11:19:47,否,1,11
YY000101-251218-0020,JS000101-251218-0020,外卖区域.WM客位204262,,,,1,34.3,0.0,34.3,收银pos,001-收银,2025-12-18 11:18:40,否,1,11
YY000101-251218-0019,JS000101-251218-0019,外卖区域.WM客位204262,,,,1,33.8,0.0,33.8,收银pos,001-收银,2025-12-18 11:17:22,否,1,11
YY000101-251218-0018,JS000101-251218-0018,外卖区域.WM客位204262,,,,1,37.7,0.0,37.7,收银pos,001-收银,2025-12-18 11:17:15,否,1,11
YY000101-251218-0017,JS000101-251218-0017,外卖区域.WM客位204262,,,,1,34.8,0.0,34.8,收银pos,001-收银,2025-12-18 11:16:02,否,1,11
YY000101-251218-0016,JS000101-251218-0016,外卖区域.WM客位204262,,,,1,41.6,0.0,41.6,收银pos,001-收银,2025-12-18 11:11:02,否,1,11
YY000101-251218-0015,JS000101-251218-0015,外卖区域.WM客位204262,,,,1,41.7,0.0,41.7,收银pos,001-收银,2025-12-18 11:10:04,否,1,11
YY000101-251218-0014,JS000101-251218-0014,外卖区域.WM客位204262,,,,1,66.8,0.0,66.8,收银pos,001-收银,2025-12-18 11:09:31,否,1,11
YY000101-251218-0013,JS000101-251218-0013,外卖区域.WM客位204262,,,,1,34.8,0.0,34.8,收银pos,001-收银,2025-12-18 11:08:29,否,1,11
YY000101-251218-0012,JS000101-251218-0012,外卖区域.WM客位204262,,,,1,69.8,0.0,69.8,收银pos,001-收银,2025-12-18 11:07:51,否,1,11
YY000101-251218-0011,JS000101-251218-0011,外卖区域.WM客位204262,,,,1,57.8,0.0,57.8,收银pos,001-收银,2025-12-18 11:07:03,否,1,11
YY000101-251218-0010,JS000101-251218-0010,外卖区域.WM客位204262,,,,1,47.8,0.0,47.8,收银pos,001-收银,2025-12-18 11:04:49,否,1,11
YY000101-251218-0009,JS000101-251218-0009,外卖区域.WM客位204262,,,,1,32.8,0.0,32.8,收银pos,001-收银,2025-12-18 11:02:20,否,1,11
YY000101-251218-0008,JS000101-251218-0008,外卖区域.WM客位204262,,,,1,37.8,0.0,37.8,收银pos,001-收银,2025-12-18 10:58:55,否,1,10
YY000101-251218-0007,JS000101-251218-0007,外卖区域.WM客位204262,,,,1,45.6,0.0,45.6,收银pos,001-收银,2025-12-18 10:57:16,否,1,10
YY000101-251218-0006,JS000101-251218-0006,外卖区域.WM客位204262,,,,1,34.8,0.0,34.8,收银pos,001-收银,2025-12-18 10:57:15,否,1,10
YY000101-251218-0005,JS000101-251218-0005,外卖区域.WM客位204262,,,,1,34.8,0.0,34.8,收银pos,001-收银,2025-12-18 10:52:59,否,1,10
YY000101-251218-0004,JS000101-251218-0004,外卖区域.WM客位204262,,,,1,73.7,0.0,73.7,收银pos,001-收银,2025-12-18 10:43:00,否,1,10
YY000101-251218-0003,JS000101-251218-0003,外卖区域.WM客位204262,,,,1,34.8,0.0,34.8,收银pos,001-收银,2025-12-18 10:29:40,否,1,10
YY000101-251218-0002,JS000101-251218-0002,外卖区域.WM客位204262,,,,1,33.7,0.0,33.7,收银pos,001-收银,2025-12-18 10:27:45,否,1,10
YY000101-251218-0001,JS000101-251218-0001,外卖区域.WM客位204262,,,,1,34.8,0.0,34.8,收银pos,001-收银,2025-12-18 10:27:26,否,1,10
YY000101-251217-0105,JS000101-251217-0107,大厅.A05,,,,2,209.0,0.0,209.0,收银pos,001-收银,2025-12-17 21:18:05,否,0,21
YY000101-251217-0104,JS000101-251217-0106,大厅.A07,,,,2,428.0,0.0,428.0,收银pos,001-收银,2025-12-17 21:11:45,否,0,21
YY000101-251217-0102,JS000101-251217-0101,大厅.A03,,,,2,88.0,0.0,88.0,收银pos,001-收银,2025-12-17 20:58:02,否,0,20
YY000101-251217-0108,JS000101-251217-0105,外卖区域.WM客位204262,,,,1,67.8,0.0,67.8,收银pos,001-收银,2025-12-17 20:41:10,否,1,20
YY000101-251217-0107,JS000101-251217-0104,外卖区域.WM客位204262,,,,1,36.7,0.0,36.7,收银pos,001-收银,2025-12-17 20:36:24,否,1,20
YY000101-251217-0106,JS000101-251217-0103,外卖区域.WM客位204262,,,,1,32.8,0.0,32.8,收银pos,001-收银,2025-12-17 20:24:24,否,1,20
YY000101-251217-0103,JS000101-251217-0102,外卖区域.WM客位204262,,,,1,40.7,0.0,40.7,收银pos,001-收银,2025-12-17 20:21:19,否,1,20
YY000101-251217-0101,JS000101-251217-0100,外卖区域.WM客位204262,,,,1,91.6,0.0,91.6,收银pos,001-收银,2025-12-17 20:12:10,否,1,20
YY000101-251217-0100,JS000101-251217-0099,外卖区域.WM客位204262,,,,1,58.7,0.0,58.7,收银pos,001-收银,2025-12-17 20:01:16,否,1,20
YY000101-251217-0099,JS000101-251217-0098,外卖区域.WM客位204262,,,,1,52.8,0.0,52.8,收银pos,001-收银,2025-12-17 20:01:04,否,1,20
YY000101-251217-0098,JS000101-251217-0097,外卖区域.WM客位204262,,,,1,27.8,0.0,27.8,收银pos,001-收银,2025-12-17 19:57:08,否,1,19
YY000101-251217-0097,JS000101-251217-0096,外卖区域.WM客位204262,,,,1,63.8,0.0,63.8,收银pos,001-收银,2025-12-17 19:32:15,否,1,19
YY000101-251217-0088,JS000101-251217-0095,大厅.A06,,,,2,227.0,41.2,185.8,收银pos,001-收银,2025-12-17 19:28:09,否,0,19
YY000101-251217-0096,JS000101-251217-0094,外卖区域.WM客位204262,,,,1,45.8,0.0,45.8,收银pos,001-收银,2025-12-17 19:22:31,否,1,19
YY000101-251217-0095,JS000101-251217-0093,外卖区域.WM客位204262,,,,1,52.7,0.0,52.7,收银pos,001-收银,2025-12-17 19:20:57,否,1,19
YY000101-251217-0094,JS000101-251217-0092,大厅.A11,,,,1,25.0,0.0,25.0,收银pos,001-收银,2025-12-17 19:20:24,否,0,19
YY000101-251217-0093,JS000101-251217-0091,外卖区域.WM客位204262,,,,1,47.7,0.0,47.7,收银pos,001-收银,2025-12-17 19:15:06,否,1,19
YY000101-251217-0092,JS000101-251217-0090,外卖区域.WM客位204262,,,,1,34.8,0.0,34.8,收银pos,001-收银,2025-12-17 19:13:33,否,1,19
YY000101-251217-0091,JS000101-251217-0089,大厅.A03,,,,2,96.0,0.0,96.0,收银pos,001-收银,2025-12-17 19:05:17,否,0,19
YY000101-251217-0090,JS000101-251217-0088,外卖区域.WM客位204262,,,,1,46.5,0.0,46.5,收银pos,001-收银,2025-12-17 18:48:56,否,1,18
YY000101-251217-0089,JS000101-251217-0087,外卖区域.WM客位204262,,,,1,38.8,0.0,38.8,收银pos,001-收银,2025-12-17 18:28:29,否,1,18
YY000101-251217-0087,JS000101-251217-0086,外卖区域.WM客位204262,,,,1,37.8,0.0,37.8,收银pos,001-收银,2025-12-17 18:18:10,否,1,18
YY000101-251217-0086,JS000101-251217-0085,外卖区域.WM客位204262,,,,1,34.8,0.0,34.8,收银pos,001-收银,2025-12-17 18:14:00,否,1,18
YY000101-251217-0085,JS000101-251217-0084,外卖区域.WM客位204262,,,,1,54.8,0.0,54.8,收银pos,001-收银,2025-12-17 18:02:46,否,1,18
YY000101-251217-0074,JS000101-251217-0083,大厅.A03,,,,4,361.0,65.2,295.8,收银pos,001-收银,2025-12-17 17:52:44,否,0,17
YY000101-251217-0084,JS000101-251217-0082,外卖区域.WM客位204262,,,,1,34.8,0.0,34.8,收银pos,001-收银,2025-12-17 17:42:10,否,1,17
YY000101-251217-0083,JS000101-251217-0081,外卖区域.WM客位204262,,,,1,43.7,0.0,43.7,收银pos,001-收银,2025-12-17 17:29:45,否,1,17
YY000101-251217-0081,JS000101-251217-0079,外卖区域.WM客位204262,,,,1,34.8,0.0,34.8,收银pos,001-收银,2025-12-17 17:20:14,否,1,17
YY000101-251217-0080,JS000101-251217-0078,外卖区域.WM客位204262,,,,1,35.7,0.0,35.7,收银pos,001-收银,2025-12-17 17:18:31,否,1,17
YY000101-251217-0079,JS000101-251217-0077,外卖区域.WM客位204262,,,,1,32.8,0.0,32.8,收银pos,001-收银,2025-12-17 17:15:32,否,1,17
YY000101-251217-0078,JS000101-251217-0075,外卖区域.WM客位204262,,,,1,46.7,0.0,46.7,收银pos,001-收银,2025-12-17 17:01:26,否,1,17
YY000101-251217-0077,JS000101-251217-0074,外卖区域.WM客位204262,,,,1,68.8,0.0,68.8,收银pos,001-收银,2025-12-17 16:59:47,否,1,16
YY000101-251217-0076,JS000101-251217-0073,外卖区域.WM客位204262,,,,1,49.1,0.0,49.1,收银pos,001-收银,2025-12-17 16:58:04,否,1,16
YY000101-251217-0073,JS000101-251217-0072,外卖区域.WM客位204262,,,,1,33.8,0.0,33.8,收银pos,001-收银,2025-12-17 16:33:00,否,1,16
YY000101-251217-0072,JS000101-251217-0071,外卖区域.WM客位204262,,,,1,39.8,0.0,39.8,收银pos,001-收银,2025-12-17 16:30:15,否,1,16
YY000101-251217-0071,JS000101-251217-0070,外卖区域.WM客位204262,,,,1,41.7,0.0,41.7,收银pos,001-收银,2025-12-17 16:27:31,否,1,16
YY000101-251217-0070,JS000101-251217-0069,外卖区域.WM客位204262,,,,1,35.8,0.0,35.8,收银pos,001-收银,2025-12-17 16:12:24,否,1,16
YY000101-251217-0069,JS000101-251217-0068,外卖区域.WM客位204262,,,,1,36.8,0.0,36.8,收银pos,001-收银,2025-12-17 16:09:19,否,1,16
YY000101-251217-0064,JS000101-251217-0067,大厅.A07,,,,2,28.0,0.0,28.0,收银pos,001-收银,2025-12-17 15:37:19,否,0,15
YY000101-251217-0068,JS000101-251217-0066,外卖区域.WM客位204262,,,,1,46.6,0.0,46.6,收银pos,001-收银,2025-12-17 15:36:16,否,1,15
YY000101-251217-0067,JS000101-251217-0065,外卖区域.WM客位204262,,,,1,36.8,0.0,36.8,收银pos,001-收银,2025-12-17 15:32:56,否,1,15
YY000101-251217-0063,JS000101-251217-0063,大厅.A02,,,,1,26.0,0.0,26.0,收银pos,001-收银,2025-12-17 15:06:34,否,0,15
YY000101-251217-0065,JS000101-251217-0062,外卖区域.WM客位204262,,,,1,40.8,0.0,40.8,收银pos,001-收银,2025-12-17 15:05:04,否,1,15
YY000101-251217-0062,JS000101-251217-0061,外卖区域.WM客位204262,,,,1,52.7,0.0,52.7,收银pos,001-收银,2025-12-17 14:28:08,否,1,14
YY000101-251217-0061,JS000101-251217-0060,大厅.A01,,,,2,60.0,0.0,60.0,收银pos,001-收银,2025-12-17 14:19:16,否,0,14
YY000101-251217-0060,JS000101-251217-0059,外卖区域.WM客位204262,,,,1,34.8,0.0,34.8,收银pos,001-收银,2025-12-17 14:12:41,否,1,14
YY000101-251217-0059,JS000101-251217-0058,外卖区域.WM客位204262,,,,1,49.6,0.0,49.6,收银pos,001-收银,2025-12-17 13:41:44,否,1,13
YY000101-251217-0058,JS000101-251217-0057,大厅.A01,,,,2,26.0,0.0,26.0,收银pos,001-收银,2025-12-17 13:32:28,否,0,13
YY000101-251217-0057,JS000101-251217-0056,外卖区域.WM客位204262,,,,1,45.8,0.0,45.8,收银pos,001-收银,2025-12-17 13:30:39,否,1,13
YY000101-251217-0043,JS000101-251217-0055,大厅.A04,,,,2,166.0,15.0,151.0,收银pos,001-收银,2025-12-17 13:29:54,否,0,13
YY000101-251217-0056,JS000101-251217-0054,外卖区域.WM客位204262,,,,1,43.8,0.0,43.8,收银pos,001-收银,2025-12-17 13:26:59,否,1,13
YY000101-251217-0054,JS000101-251217-0053,外卖区域.WM客位204262,,,,1,41.8,0.0,41.8,收银pos,001-收银,2025-12-17 13:22:59,否,1,13
YY000101-251217-0053,JS000101-251217-0052,外卖区域.WM客位204262,,,,1,68.6,0.0,68.6,收银pos,001-收银,2025-12-17 13:20:35,否,1,13
YY000101-251217-0052,JS000101-251217-0051,外卖区域.WM客位204262,,,,1,36.8,0.0,36.8,收银pos,001-收银,2025-12-17 13:12:17,否,1,13
YY000101-251217-0051,JS000101-251217-0050,外卖区域.WM客位204262,,,,1,36.8,0.0,36.8,收银pos,001-收银,2025-12-17 13:12:16,否,1,13
YY000101-251217-0050,JS000101-251217-0049,外卖区域.WM客位204262,,,,1,35.7,0.0,35.7,收银pos,001-收银,2025-12-17 12:54:27,否,1,12
YY000101-251217-0049,JS000101-251217-0048,外卖区域.WM客位204262,,,,1,40.7,0.0,40.7,收银pos,001-收银,2025-12-17 12:54:19,否,1,12
YY000101-251217-0040,JS000101-251217-0047,大厅.A09,,,,2,45.0,0.0,45.0,收银pos,001-收银,2025-12-17 12:53:37,否,0,12
YY000101-251217-0048,JS000101-251217-0046,外卖区域.WM客位204262,,,,1,34.8,0.0,34.8,收银pos,001-收银,2025-12-17 12:51:45,否,1,12
YY000101-251217-0047,JS000101-251217-0045,外卖区域.WM客位204262,,,,1,35.8,0.0,35.8,收银pos,001-收银,2025-12-17 12:49:36,否,1,12
YY000101-251217-0046,JS000101-251217-0044,外卖区域.WM客位204262,,,,1,44.6,0.0,44.6,收银pos,001-收银,2025-12-17 12:44:40,否,1,12
YY000101-251217-0045,JS000101-251217-0043,外卖区域.WM客位204262,,,,1,42.8,0.0,42.8,收银pos,001-收银,2025-12-17 12:43:47,否,1,12
YY000101-251217-0038,JS000101-251217-0041,大厅.A06,,,,2,72.0,0.0,72.0,收银pos,001-收银,2025-12-17 12:41:12,否,0,12
YY000101-251217-0042,JS000101-251217-0040,外卖区域.WM客位204262,,,,1,39.8,0.0,39.8,收银pos,001-收银,2025-12-17 12:32:50,否,1,12
YY000101-251217-0041,JS000101-251217-0039,外卖区域.WM客位204262,,,,1,38.8,0.0,38.8,收银pos,001-收银,2025-12-17 12:27:03,否,1,12
YY000101-251217-0039,JS000101-251217-0038,大厅.A01,,,,2,33.0,0.0,33.0,收银pos,001-收银,2025-12-17 12:16:23,否,0,12
YY000101-251217-0036,JS000101-251217-0036,外卖区域.WM客位204262,,,,1,27.8,0.0,27.8,收银pos,001-收银,2025-12-17 12:09:22,否,1,12
YY000101-251217-0035,JS000101-251217-0035,外卖区域.WM客位204262,,,,1,32.8,0.0,32.8,收银pos,001-收银,2025-12-17 11:59:28,否,1,11
YY000101-251217-0033,JS000101-251217-0033,大厅.A02,,,,2,44.0,0.0,44.0,收银pos,001-收银,2025-12-17 11:56:57,否,0,11
YY000101-251217-0034,JS000101-251217-0034,外卖区域.WM客位204262,,,,1,49.8,0.0,49.8,收银pos,001-收银,2025-12-17 11:56:57,否,1,11
YY000101-251217-0032,JS000101-251217-0032,外卖区域.WM客位204262,,,,1,67.7,0.0,67.7,收银pos,001-收银,2025-12-17 11:53:32,否,1,11
YY000101-251217-0031,JS000101-251217-0031,外卖区域.WM客位204262,,,,1,37.8,0.0,37.8,收银pos,001-收银,2025-12-17 11:51:28,否,1,11
YY000101-251217-0030,JS000101-251217-0030,外卖区域.WM客位204262,,,,1,46.6,0.0,46.6,收银pos,001-收银,2025-12-17 11:48:18,否,1,11
YY000101-251217-0029,JS000101-251217-0029,外卖区域.WM客位204262,,,,1,35.8,0.0,35.8,收银pos,001-收银,2025-12-17 11:47:31,否,1,11
YY000101-251217-0028,JS000101-251217-0028,外卖区域.WM客位204262,,,,1,34.5,0.0,34.5,收银pos,001-收银,2025-12-17 11:46:53,否,1,11
YY000101-251217-0026,JS000101-251217-0026,外卖区域.WM客位204262,,,,1,33.8,0.0,33.8,收银pos,001-收银,2025-12-17 11:42:29,否,1,11
YY000101-251217-0025,JS000101-251217-0025,外卖区域.WM客位204262,,,,1,48.2,0.0,48.2,收银pos,001-收银,2025-12-17 11:42:29,否,1,11
YY000101-251217-0024,JS000101-251217-0024,外卖区域.WM客位204262,,,,1,34.8,0.0,34.8,收银pos,001-收银,2025-12-17 11:42:20,否,1,11
YY000101-251217-0023,JS000101-251217-0023,外卖区域.WM客位204262,,,,1,39.8,0.0,39.8,收银pos,001-收银,2025-12-17 11:42:18,否,1,11
YY000101-251217-0022,JS000101-251217-0022,外卖区域.WM客位204262,,,,1,42.5,0.0,42.5,收银pos,001-收银,2025-12-17 11:28:11,否,1,11
YY000101-251217-0021,JS000101-251217-0021,外卖区域.WM客位204262,,,,1,41.7,0.0,41.7,收银pos,001-收银,2025-12-17 11:28:10,否,1,11
YY000101-251217-0020,JS000101-251217-0020,外卖区域.WM客位204262,,,,1,38.8,0.0,38.8,收银pos,001-收银,2025-12-17 11:26:00,否,1,11
YY000101-251217-0019,JS000101-251217-0019,外卖区域.WM客位204262,,,,1,40.8,0.0,40.8,收银pos,001-收银,2025-12-17 11:25:12,否,1,11
YY000101-251217-0018,JS000101-251217-0018,外卖区域.WM客位204262,,,,1,35.7,0.0,35.7,收银pos,001-收银,2025-12-17 11:23:44,否,1,11
YY000101-251217-0015,JS000101-251217-0017,大厅.A01,,,,2,94.0,0.0,94.0,收银pos,001-收银,2025-12-17 11:23:33,否,0,11
YY000101-251217-0017,JS000101-251217-0016,外卖区域.WM客位204262,,,,1,31.8,0.0,31.8,收银pos,001-收银,2025-12-17 11:23:05,否,1,11
YY000101-251217-0016,JS000101-251217-0015,外卖区域.WM客位204262,,,,1,42.6,0.0,42.6,收银pos,001-收银,2025-12-17 11:23:03,否,1,11
YY000101-251217-0014,JS000101-251217-0014,外卖区域.WM客位204262,,,,1,31.8,0.0,31.8,收银pos,001-收银,2025-12-17 11:19:28,否,1,11
YY000101-251217-0013,JS000101-251217-0013,外卖区域.WM客位204262,,,,1,32.8,0.0,32.8,收银pos,001-收银,2025-12-17 11:17:24,否,1,11
YY000101-251217-0012,JS000101-251217-0012,外卖区域.WM客位204262,,,,1,35.8,0.0,35.8,收银pos,001-收银,2025-12-17 11:15:30,否,1,11
YY000101-251217-0011,JS000101-251217-0011,外卖区域.WM客位204262,,,,1,37.7,0.0,37.7,收银pos,001-收银,2025-12-17 11:10:03,否,1,11
YY000101-251217-0010,JS000101-251217-0010,外卖区域.WM客位204262,,,,1,34.8,0.0,34.8,收银pos,001-收银,2025-12-17 11:08:40,否,1,11
YY000101-251217-0009,JS000101-251217-0009,外卖区域.WM客位204262,,,,1,37.7,0.0,37.7,收银pos,001-收银,2025-12-17 11:07:02,否,1,11
YY000101-251217-0008,JS000101-251217-0008,外卖区域.WM客位204262,,,,1,51.7,0.0,51.7,收银pos,001-收银,2025-12-17 11:02:36,否,1,11
YY000101-251217-0007,JS000101-251217-0007,外卖区域.WM客位204262,,,,1,39.6,0.0,39.6,收银pos,001-收银,2025-12-17 11:01:43,否,1,11
YY000101-251217-0006,JS000101-251217-0006,外卖区域.WM客位204262,,,,1,53.8,0.0,53.8,收银pos,001-收银,2025-12-17 10:59:13,否,1,10
YY000101-251217-0005,JS000101-251217-0005,外卖区域.WM客位204262,,,,1,65.8,0.0,65.8,收银pos,001-收银,2025-12-17 10:58:40,否,1,10
YY000101-251217-0004,JS000101-251217-0004,外卖区域.WM客位204262,,,,1,34.8,0.0,34.8,收银pos,001-收银,2025-12-17 10:56:11,否,1,10
YY000101-251217-0003,JS000101-251217-0003,外卖区域.WM客位204262,,,,1,45.6,0.0,45.6,收银pos,001-收银,2025-12-17 10:54:53,否,1,10
YY000101-251217-0002,JS000101-251217-0002,外卖区域.WM客位204262,,,,1,34.8,0.0,34.8,收银pos,001-收银,2025-12-17 10:50:37,否,1,10
YY000101-251217-0001,JS000101-251217-0001,外卖区域.WM客位204262,,,,1,36.8,0.0,36.8,收银pos,001-收银,2025-12-17 10:25:23,否,1,10
YY000101-251216-0097,JS000101-251216-0111,大厅.A02,,,,5,415.0,93.2,321.8,收银pos,001-收银,2025-12-16 20:28:12,否,1,20
YY000101-251216-0111,JS000101-251216-0110,外卖区域.WM客位204262,,,,1,57.8,0.0,57.8,收银pos,001-收银,2025-12-16 20:19:42,否,1,20
YY000101-251216-0108,JS000101-251216-0109,大厅.A04,,,,1,36.0,5.4,30.6,收银pos,001-收银,2025-12-16 20:01:53,否,0,20
YY000101-251216-0102,JS000101-251216-0096,大厅.A11,,,,2,217.0,0.0,217.0,收银pos,001-收银,2025-12-16 19:52:40,否,0,19
YY000101-251216-0098,JS000101-251216-0094,大厅.A09,,,,2,606.0,58.0,548.0,收银pos,001-收银,2025-12-16 19:52:13,否,0,19
YY000101-251216-0110,JS000101-251216-0108,外卖区域.WM客位204262,,,,1,39.8,0.0,39.8,收银pos,001-收银,2025-12-16 19:49:10,否,1,19
YY000101-251216-0109,JS000101-251216-0107,外卖区域.WM客位204262,,,,1,50.8,0.0,50.8,收银pos,001-收银,2025-12-16 19:45:05,否,1,19
YY000101-251216-0106,JS000101-251216-0106,大厅.A03,,,,2,167.0,84.6,82.4,收银pos,001-收银,2025-12-16 19:43:41,否,0,19
YY000101-251216-0100,JS000101-251216-0105,大厅.A06,,,,2,154.0,58.8,95.2,收银pos,001-收银,2025-12-16 19:25:56,否,0,19
YY000101-251216-0095,JS000101-251216-0104,大厅.A07,,,,3,313.0,70.4,242.6,收银pos,001-收银,2025-12-16 19:25:27,否,0,19
YY000101-251216-0101,JS000101-251216-0095,大厅.A04,,,,2,178.0,0.0,178.0,收银pos,001-收银,2025-12-16 19:21:37,否,0,19
YY000101-251216-0107,JS000101-251216-0102,外卖区域.WM客位204262,,,,1,38.8,0.0,38.8,收银pos,001-收银,2025-12-16 19:17:30,否,1,19
YY000101-251216-0099,JS000101-251216-0101,大厅.A05,,,,4,257.0,0.0,257.0,收银pos,001-收银,2025-12-16 19:12:52,否,0,19
YY000101-251216-0105,JS000101-251216-0100,外卖区域.WM客位204262,,,,1,34.8,0.0,34.8,收银pos,001-收银,2025-12-16 19:06:36,否,1,19
YY000101-251216-0104,JS000101-251216-0099,外卖区域.WM客位204262,,,,1,25.0,0.0,25.0,收银pos,001-收银,2025-12-16 19:05:58,否,1,19
YY000101-251216-0103,JS000101-251216-0098,外卖区域.WM客位204262,,,,1,34.8,0.0,34.8,收银pos,001-收银,2025-12-16 19:01:17,否,1,19
YY000101-251216-0086,JS000101-251216-0097,大厅.A03,,,,2,121.0,60.2,60.8,收银pos,001-收银,2025-12-16 19:01:04,否,0,19
YY000101-251216-0096,JS000101-251216-0093,外卖区域.WM客位204262,,,,1,37.7,0.0,37.7,收银pos,001-收银,2025-12-16 18:32:01,否,1,18
YY000101-251216-0093,JS000101-251216-0092,大厅.A08,,,,2,278.0,0.0,278.0,收银pos,001-收银,2025-12-16 18:22:39,否,0,18
YY000101-251216-0094,JS000101-251216-0091,外卖区域.WM客位204262,,,,1,57.6,0.0,57.6,收银pos,001-收银,2025-12-16 18:18:56,否,1,18
YY000101-251216-0092,JS000101-251216-0090,外卖区域.WM客位204262,,,,1,35.6,0.0,35.6,收银pos,001-收银,2025-12-16 18:18:29,否,1,18
YY000101-251216-0091,JS000101-251216-0089,外卖区域.WM客位204262,,,,1,44.0,0.0,44.0,收银pos,001-收银,2025-12-16 18:16:40,否,1,18
YY000101-251216-0090,JS000101-251216-0088,外卖区域.WM客位204262,,,,1,54.7,0.0,54.7,收银pos,001-收银,2025-12-16 18:15:12,否,1,18
YY000101-251216-0089,JS000101-251216-0087,外卖区域.WM客位204262,,,,1,29.8,0.0,29.8,收银pos,001-收银,2025-12-16 18:07:51,否,1,18
YY000101-251216-0088,JS000101-251216-0086,外卖区域.WM客位204262,,,,1,73.3,0.0,73.3,收银pos,001-收银,2025-12-16 17:58:59,否,1,17
YY000101-251216-0087,JS000101-251216-0085,外卖区域.WM客位204262,,,,1,83.8,0.0,83.8,收银pos,001-收银,2025-12-16 17:57:55,否,1,17
YY000101-251216-0085,JS000101-251216-0084,外卖区域.WM客位204262,,,,1,38.3,0.0,38.3,收银pos,001-收银,2025-12-16 17:19:05,否,1,17
YY000101-251216-0084,JS000101-251216-0083,外卖区域.WM客位204262,,,,1,49.7,0.0,49.7,收银pos,001-收银,2025-12-16 17:10:32,否,1,17
YY000101-251216-0083,JS000101-251216-0082,外卖区域.WM客位204262,,,,1,55.8,0.0,55.8,收银pos,001-收银,2025-12-16 17:07:17,否,1,17
YY000101-251216-0082,JS000101-251216-0081,外卖区域.WM客位204262,,,,1,33.8,0.0,33.8,收银pos,001-收银,2025-12-16 17:03:11,否,1,17
YY000101-251216-0081,JS000101-251216-0080,外卖区域.WM客位204262,,,,1,44.7,0.0,44.7,收银pos,001-收银,2025-12-16 16:59:41,否,1,16
YY000101-251216-0080,JS000101-251216-0079,外卖区域.WM客位204262,,,,1,54.1,0.0,54.1,收银pos,001-收银,2025-12-16 16:55:10,否,1,16
YY000101-251216-0079,JS000101-251216-0078,外卖区域.WM客位204262,,,,1,33.8,0.0,33.8,收银pos,001-收银,2025-12-16 16:44:31,否,1,16
YY000101-251216-0078,JS000101-251216-0077,外卖区域.WM客位204262,,,,1,37.8,0.0,37.8,收银pos,001-收银,2025-12-16 16:42:12,否,1,16
YY000101-251216-0077,JS000101-251216-0076,大厅.A02,,,,1,45.0,0.0,45.0,收银pos,001-收银,2025-12-16 16:32:53,否,0,16
YY000101-251216-0076,JS000101-251216-0075,外卖区域.WM客位204262,,,,1,34.8,0.0,34.8,收银pos,001-收银,2025-12-16 16:23:43,否,1,16
YY000101-251216-0075,JS000101-251216-0074,外卖区域.WM客位204262,,,,1,34.8,0.0,34.8,收银pos,001-收银,2025-12-16 16:20:08,否,1,16
YY000101-251216-0074,JS000101-251216-0073,外卖区域.WM客位204262,,,,1,49.8,0.0,49.8,收银pos,001-收银,2025-12-16 16:00:08,否,1,16
YY000101-251216-0073,JS000101-251216-0072,外卖区域.WM客位204262,,,,1,48.7,0.0,48.7,收银pos,001-收银,2025-12-16 15:27:16,否,1,15
YY000101-251216-0072,JS000101-251216-0071,外卖区域.WM客位204262,,,,1,39.8,0.0,39.8,收银pos,001-收银,2025-12-16 15:21:29,否,1,15
YY000101-251216-0071,JS000101-251216-0070,外卖区域.WM客位204262,,,,1,34.8,0.0,34.8,收银pos,001-收银,2025-12-16 15:00:14,否,1,15
YY000101-251216-0070,JS000101-251216-0069,外卖区域.WM客位204262,,,,1,36.8,0.0,36.8,收银pos,001-收银,2025-12-16 14:46:13,否,1,14
YY000101-251216-0069,JS000101-251216-0068,外卖区域.WM客位204262,,,,1,35.8,0.0,35.8,收银pos,001-收银,2025-12-16 14:29:51,否,1,14
YY000101-251216-0068,JS000101-251216-0067,外卖区域.WM客位204262,,,,1,33.8,0.0,33.8,收银pos,001-收银,2025-12-16 14:12:39,否,1,14
YY000101-251216-0067,JS000101-251216-0066,外卖区域.WM客位204262,,,,1,34.8,0.0,34.8,收银pos,001-收银,2025-12-16 13:53:14,否,1,13
YY000101-251216-0066,JS000101-251216-0065,外卖区域.WM客位204262,,,,1,59.3,0.0,59.3,收银pos,001-收银,2025-12-16 13:29:28,否,1,13
YY000101-251216-0050,JS000101-251216-0063,大厅.A07,,,,4,352.0,98.6,253.4,收银pos,001-收银,2025-12-16 13:22:25,否,0,13
YY000101-251216-0064,JS000101-251216-0064,外卖区域.WM客位204262,,,,1,31.8,0.0,31.8,收银pos,001-收银,2025-12-16 13:22:15,否,1,13
YY000101-251216-0063,JS000101-251216-0062,外卖区域.WM客位204262,,,,1,43.8,0.0,43.8,收银pos,001-收银,2025-12-16 13:20:37,否,1,13
YY000101-251216-0062,JS000101-251216-0061,外卖区域.WM客位204262,,,,1,35.3,0.0,35.3,收银pos,001-收银,2025-12-16 13:15:05,否,1,13
YY000101-251216-0061,JS000101-251216-0060,外卖区域.WM客位204262,,,,1,39.8,0.0,39.8,收银pos,001-收银,2025-12-16 13:14:42,否,1,13
YY000101-251216-0056,JS000101-251216-0059,大厅.A02,,,,1,22.0,0.0,22.0,收银pos,001-收银,2025-12-16 13:13:58,否,0,13
YY000101-251216-0060,JS000101-251216-0058,外卖区域.WM客位204262,,,,1,34.8,0.0,34.8,收银pos,001-收银,2025-12-16 13:10:32,否,1,13
YY000101-251216-0059,JS000101-251216-0057,外卖区域.WM客位204262,,,,1,36.8,0.0,36.8,收银pos,001-收银,2025-12-16 13:07:17,否,1,13
YY000101-251216-0058,JS000101-251216-0056,外卖区域.WM客位204262,,,,1,48.7,0.0,48.7,收银pos,001-收银,2025-12-16 12:58:18,否,1,12
YY000101-251216-0057,JS000101-251216-0055,大厅.A06,,,,1,26.0,0.0,26.0,收银pos,001-收银,2025-12-16 12:49:32,否,0,12
YY000101-251216-0055,JS000101-251216-0054,大厅.A06,,,,2,26.0,0.0,26.0,收银pos,001-收银,2025-12-16 12:48:18,否,0,12
YY000101-251216-0054,JS000101-251216-0053,外卖区域.WM客位204262,,,,1,29.6,0.0,29.6,收银pos,001-收银,2025-12-16 12:42:16,否,1,12
YY000101-251216-0053,JS000101-251216-0052,外卖区域.WM客位204262,,,,1,37.8,0.0,37.8,收银pos,001-收银,2025-12-16 12:39:52,否,1,12
YY000101-251216-0052,JS000101-251216-0051,外卖区域.WM客位204262,,,,1,34.8,0.0,34.8,收银pos,001-收银,2025-12-16 12:35:22,否,1,12
YY000101-251216-0051,JS000101-251216-0050,外卖区域.WM客位204262,,,,1,47.5,0.0,47.5,收银pos,001-收银,2025-12-16 12:30:21,否,1,12
YY000101-251216-0049,JS000101-251216-0049,外卖区域.WM客位204262,,,,1,63.7,0.0,63.7,收银pos,001-收银,2025-12-16 12:18:57,否,1,12
YY000101-251216-0048,JS000101-251216-0048,外卖区域.WM客位204262,,,,1,37.7,0.0,37.7,收银pos,001-收银,2025-12-16 12:17:19,否,1,12
YY000101-251216-0044,JS000101-251216-0047,大厅.A01,,,,2,22.0,0.0,22.0,收银pos,001-收银,2025-12-16 12:11:59,否,0,12
YY000101-251216-0047,JS000101-251216-0046,外卖区域.WM客位204262,,,,1,33.8,0.0,33.8,收银pos,001-收银,2025-12-16 12:11:47,否,1,12
YY000101-251216-0046,JS000101-251216-0045,外卖区域.WM客位204262,,,,1,32.8,0.0,32.8,收银pos,001-收银,2025-12-16 12:10:29,否,1,12
YY000101-251216-0045,JS000101-251216-0044,大厅.A03,,,,2,36.0,0.0,36.0,收银pos,001-收银,2025-12-16 12:10:01,否,0,12
YY000101-251216-0043,JS000101-251216-0043,外卖区域.WM客位204262,,,,1,43.8,0.0,43.8,收银pos,001-收银,2025-12-16 12:07:39,否,1,12
YY000101-251216-0042,JS000101-251216-0042,外卖区域.WM客位204262,,,,1,43.1,0.0,43.1,收银pos,001-收银,2025-12-16 12:06:41,否,1,12
YY000101-251216-0041,JS000101-251216-0041,外卖区域.WM客位204262,,,,1,31.8,0.0,31.8,收银pos,001-收银,2025-12-16 12:04:53,否,1,12
YY000101-251216-0040,JS000101-251216-0040,外卖区域.WM客位204262,,,,1,44.4,0.0,44.4,收银pos,001-收银,2025-12-16 11:58:52,否,1,11
YY000101-251216-0039,JS000101-251216-0039,外卖区域.WM客位204262,,,,1,38.8,0.0,38.8,收银pos,001-收银,2025-12-16 11:56:58,否,1,11
YY000101-251216-0038,JS000101-251216-0038,外卖区域.WM客位204262,,,,1,35.6,0.0,35.6,收银pos,001-收银,2025-12-16 11:52:33,否,1,11
YY000101-251216-0037,JS000101-251216-0037,外卖区域.WM客位204262,,,,1,42.7,0.0,42.7,收银pos,001-收银,2025-12-16 11:52:26,否,1,11
YY000101-251216-0036,JS000101-251216-0036,外卖区域.WM客位204262,,,,1,42.7,0.0,42.7,收银pos,001-收银,2025-12-16 11:50:02,否,1,11
YY000101-251216-0035,JS000101-251216-0035,外卖区域.WM客位204262,,,,1,30.8,0.0,30.8,收银pos,001-收银,2025-12-16 11:48:03,否,1,11
YY000101-251216-0034,JS000101-251216-0034,外卖区域.WM客位204262,,,,1,35.8,0.0,35.8,收银pos,001-收银,2025-12-16 11:46:35,否,1,11
YY000101-251216-0033,JS000101-251216-0033,外卖区域.WM客位204262,,,,1,31.8,0.0,31.8,收银pos,001-收银,2025-12-16 11:42:35,否,1,11
YY000101-251216-0032,JS000101-251216-0032,外卖区域.WM客位204262,,,,1,35.8,0.0,35.8,收银pos,001-收银,2025-12-16 11:41:37,否,1,11
YY000101-251216-0031,JS000101-251216-0031,外卖区域.WM客位204262,,,,1,34.8,0.0,34.8,收银pos,001-收银,2025-12-16 11:39:23,否,1,11
YY000101-251216-0030,JS000101-251216-0030,外卖区域.WM客位204262,,,,1,38.8,0.0,38.8,收银pos,001-收银,2025-12-16 11:39:06,否,1,11
YY000101-251216-0029,JS000101-251216-0029,外卖区域.WM客位204262,,,,1,34.8,0.0,34.8,收银pos,001-收银,2025-12-16 11:32:29,否,1,11
YY000101-251216-0028,JS000101-251216-0028,外卖区域.WM客位204262,,,,1,34.8,0.0,34.8,收银pos,001-收银,2025-12-16 11:31:36,否,1,11
YY000101-251216-0027,JS000101-251216-0027,外卖区域.WM客位204262,,,,1,47.3,0.0,47.3,收银pos,001-收银,2025-12-16 11:28:52,否,1,11
YY000101-251216-0026,JS000101-251216-0026,外卖区域.WM客位204262,,,,1,33.8,0.0,33.8,收银pos,001-收银,2025-12-16 11:28:35,否,1,11
YY000101-251216-0025,JS000101-251216-0025,外卖区域.WM客位204262,,,,1,27.8,0.0,27.8,收银pos,001-收银,2025-12-16 11:25:20,否,1,11
YY000101-251216-0024,JS000101-251216-0024,外卖区域.WM客位204262,,,,1,37.8,0.0,37.8,收银pos,001-收银,2025-12-16 11:21:56,否,1,11
YY000101-251216-0023,JS000101-251216-0023,外卖区域.WM客位204262,,,,1,32.8,0.0,32.8,收银pos,001-收银,2025-12-16 11:18:06,否,1,11
YY000101-251216-0022,JS000101-251216-0022,外卖区域.WM客位204262,,,,1,35.7,0.0,35.7,收银pos,001-收银,2025-12-16 11:17:49,否,1,11
YY000101-251216-0021,JS000101-251216-0021,外卖区域.WM客位204262,,,,1,61.8,0.0,61.8,收银pos,001-收银,2025-12-16 11:17:26,否,1,11
YY000101-251216-0020,JS000101-251216-0020,外卖区域.WM客位204262,,,,1,32.8,0.0,32.8,收银pos,001-收银,2025-12-16 11:14:37,否,1,11
YY000101-251216-0019,JS000101-251216-0019,外卖区域.WM客位204262,,,,1,42.8,0.0,42.8,收银pos,001-收银,2025-12-16 11:11:31,否,1,11
YY000101-251216-0018,JS000101-251216-0018,外卖区域.WM客位204262,,,,1,42.8,0.0,42.8,收银pos,001-收银,2025-12-16 11:06:31,否,1,11
YY000101-251216-0017,JS000101-251216-0017,外卖区域.WM客位204262,,,,1,34.8,0.0,34.8,收银pos,001-收银,2025-12-16 11:05:37,否,1,11
YY000101-251216-0016,JS000101-251216-0016,外卖区域.WM客位204262,,,,1,56.6,0.0,56.6,收银pos,001-收银,2025-12-16 11:03:13,否,1,11
YY000101-251216-0013,JS000101-251216-0015,大厅.A01,,,,2,19.0,0.0,19.0,收银pos,001-收银,2025-12-16 11:01:59,否,0,11
YY000101-251216-0015,JS000101-251216-0014,外卖区域.WM客位204262,,,,1,57.8,0.0,57.8,收银pos,001-收银,2025-12-16 11:01:39,否,1,11
YY000101-251216-0014,JS000101-251216-0013,外卖区域.WM客位204262,,,,1,37.6,0.0,37.6,收银pos,001-收银,2025-12-16 10:59:10,否,1,10
YY000101-251216-0012,JS000101-251216-0012,外卖区域.WM客位204262,,,,1,32.8,0.0,32.8,收银pos,001-收银,2025-12-16 10:55:04,否,1,10
YY000101-251216-0011,JS000101-251216-0011,外卖区域.WM客位204262,,,,1,37.8,0.0,37.8,收银pos,001-收银,2025-12-16 10:53:30,否,1,10
YY000101-251216-0009,JS000101-251216-0010,大厅.A01,,,,2,72.0,0.0,72.0,收银pos,001-收银,2025-12-16 10:53:18,否,0,10
YY000101-251216-0010,JS000101-251216-0009,外卖区域.WM客位204262,,,,1,36.6,0.0,36.6,收银pos,001-收银,2025-12-16 10:52:17,否,1,10
YY000101-251216-0008,JS000101-251216-0008,外卖区域.WM客位204262,,,,1,39.7,0.0,39.7,收银pos,001-收银,2025-12-16 10:51:08,否,1,10
YY000101-251216-0007,JS000101-251216-0007,外卖区域.WM客位204262,,,,1,45.6,0.0,45.6,收银pos,001-收银,2025-12-16 10:51:00,否,1,10
YY000101-251216-0006,JS000101-251216-0006,外卖区域.WM客位204262,,,,1,44.6,0.0,44.6,收银pos,001-收银,2025-12-16 10:44:59,否,1,10
YY000101-251216-0005,JS000101-251216-0005,外卖区域.WM客位204262,,,,1,38.8,0.0,38.8,收银pos,001-收银,2025-12-16 10:36:15,否,1,10
YY000101-251216-0004,JS000101-251216-0004,外卖区域.WM客位204262,,,,1,62.2,0.0,62.2,收银pos,001-收银,2025-12-16 10:32:59,否,1,10
YY000101-251216-0003,JS000101-251216-0003,外卖区域.WM客位204262,,,,1,32.8,0.0,32.8,收银pos,001-收银,2025-12-16 10:11:48,否,1,10
YY000101-251216-0002,JS000101-251216-0002,外卖区域.WM客位204262,,,,1,38.8,0.0,38.8,收银pos,001-收银,2025-12-16 09:59:47,否,1,9
YY000101-251216-0001,JS000101-251216-0001,外卖区域.WM客位204262,,,,1,56.6,0.0,56.6,收银pos,001-收银,2025-12-16 09:40:56,否,1,9
YY000101-251215-0080,JS000101-251215-0091,大厅.A05,,,,2,334.0,83.0,251.0,收银pos,001-收银,2025-12-15 21:06:18,否,0,21
YY000101-251215-0093,JS000101-251215-0090,外卖区域.WM客位204262,,,,1,38.7,0.0,38.7,收银pos,001-收银,2025-12-15 20:48:49,否,1,20
YY000101-251215-0090,JS000101-251215-0089,大厅.A08,,,,2,48.0,0.0,48.0,收银pos,001-收银,2025-12-15 20:46:27,否,0,20
YY000101-251215-0092,JS000101-251215-0088,外卖区域.WM客位204262,,,,1,42.7,0.0,42.7,收银pos,001-收银,2025-12-15 20:40:31,否,1,20
YY000101-251215-0091,JS000101-251215-0087,外卖区域.WM客位204262,,,,1,29.8,0.0,29.8,收银pos,001-收银,2025-12-15 20:30:22,否,1,20
YY000101-251215-0086,JS000101-251215-0086,大厅.A07,,,,2,278.0,0.0,278.0,收银pos,001-收银,2025-12-15 20:16:09,否,0,20
YY000101-251215-0081,JS000101-251215-0085,大厅.A04,,,,3,83.0,0.0,83.0,收银pos,001-收银,2025-12-15 20:13:33,否,0,20
YY000101-251215-0089,JS000101-251215-0084,外卖区域.WM客位204262,,,,1,39.8,0.0,39.8,收银pos,001-收银,2025-12-15 20:10:07,否,1,20
YY000101-251215-0088,JS000101-251215-0083,外卖区域.WM客位204262,,,,1,34.8,0.0,34.8,收银pos,001-收银,2025-12-15 20:09:29,否,1,20
YY000101-251215-0087,JS000101-251215-0082,外卖区域.WM客位204262,,,,1,34.7,0.0,34.7,收银pos,001-收银,2025-12-15 20:08:42,否,1,20
YY000101-251215-0083,JS000101-251215-0081,大厅.A09,,,,1,24.0,0.0,24.0,收银pos,001-收银,2025-12-15 20:00:28,否,0,20
YY000101-251215-0085,JS000101-251215-0080,外卖区域.WM客位204262,,,,1,45.8,0.0,45.8,收银pos,001-收银,2025-12-15 20:00:09,否,1,20
YY000101-251215-0067,JS000101-251215-0079,大厅.A08,,,,5,402.0,0.0,402.0,收银pos,001-收银,2025-12-15 19:55:48,否,0,19
YY000101-251215-0078,JS000101-251215-0078,大厅.A02,,,,1,38.0,0.0,38.0,收银pos,001-收银,2025-12-15 19:46:05,否,0,19
YY000101-251215-0082,JS000101-251215-0077,外卖区域.WM客位204262,,,,1,69.6,0.0,69.6,收银pos,001-收银,2025-12-15 19:38:03,否,1,19
YY000101-251215-0079,JS000101-251215-0076,外卖区域.WM客位204262,,,,1,40.7,0.0,40.7,收银pos,001-收银,2025-12-15 19:26:28,否,1,19
YY000101-251215-0073,JS000101-251215-0075,大厅.A04,,,,2,60.0,0.0,60.0,收银pos,001-收银,2025-12-15 19:19:20,否,0,19
YY000101-251215-0077,JS000101-251215-0074,外卖区域.WM客位204262,,,,1,54.8,0.0,54.8,收银pos,001-收银,2025-12-15 19:16:19,否,1,19
YY000101-251215-0076,JS000101-251215-0073,外卖区域.WM客位204262,,,,1,35.7,0.0,35.7,收银pos,001-收银,2025-12-15 19:15:26,否,1,19
YY000101-251215-0068,JS000101-251215-0066,大厅.A01,,,,2,95.2,0.0,95.2,收银pos,001-收银,2025-12-15 19:00:25,否,0,19
YY000101-251215-0074,JS000101-251215-0072,外卖区域.WM客位204262,,,,1,32.8,0.0,32.8,收银pos,001-收银,2025-12-15 18:57:12,否,1,18
YY000101-251215-0071,JS000101-251215-0070,外卖区域.WM客位204262,,,,1,37.8,0.0,37.8,收银pos,001-收银,2025-12-15 18:52:14,否,1,18
YY000101-251215-0070,JS000101-251215-0069,外卖区域.WM客位204262,,,,1,39.7,0.0,39.7,收银pos,001-收银,2025-12-15 18:49:19,否,1,18
YY000101-251215-0069,JS000101-251215-0068,外卖区域.WM客位204262,,,,1,49.7,0.0,49.7,收银pos,001-收银,2025-12-15 18:48:01,否,1,18
YY000101-251215-0060,JS000101-251215-0067,大厅.A05,,,,3,288.0,0.0,288.0,收银pos,001-收银,2025-12-15 18:46:14,否,0,18
YY000101-251215-0063,JS000101-251215-0060,大厅.A03,,,,2,345.0,21.0,324.0,收银pos,001-收银,2025-12-15 18:38:07,否,0,18
YY000101-251215-0064,JS000101-251215-0065,大厅.A02,,,,2,171.0,0.0,171.0,收银pos,001-收银,2025-12-15 18:37:53,否,0,18
YY000101-251215-0066,JS000101-251215-0064,大厅.A01,,,,2,23.8,0.0,23.8,收银pos,001-收银,2025-12-15 18:12:22,否,0,18
YY000101-251215-0065,JS000101-251215-0063,外卖区域.WM客位204262,,,,1,58.7,0.0,58.7,收银pos,001-收银,2025-12-15 18:06:22,否,1,18
YY000101-251215-0057,JS000101-251215-0062,大厅.A06,,,,2,198.0,21.0,177.0,收银pos,001-收银,2025-12-15 18:03:12,否,0,18
YY000101-251215-0053,JS000101-251215-0061,大厅.A04,,,,2,36.0,4.32,31.68,收银pos,001-收银,2025-12-15 18:01:48,否,0,18
YY000101-251215-0062,JS000101-251215-0059,外卖区域.WM客位204262,,,,1,39.3,0.0,39.3,收银pos,001-收银,2025-12-15 17:45:36,否,1,17
YY000101-251215-0061,JS000101-251215-0058,外卖区域.WM客位204262,,,,1,41.8,0.0,41.8,收银pos,001-收银,2025-12-15 17:44:58,否,1,17
YY000101-251215-0059,JS000101-251215-0057,外卖区域.WM客位204262,,,,1,46.8,0.0,46.8,收银pos,001-收银,2025-12-15 17:40:07,否,1,17
YY000101-251215-0058,JS000101-251215-0056,外卖区域.WM客位204262,,,,1,31.8,0.0,31.8,收银pos,001-收银,2025-12-15 17:38:08,否,1,17
YY000101-251215-0055,JS000101-251215-0054,外卖区域.WM客位204262,,,,1,49.6,0.0,49.6,收银pos,001-收银,2025-12-15 17:30:49,否,1,17
YY000101-251215-0054,JS000101-251215-0053,外卖区域.WM客位204262,,,,1,43.8,0.0,43.8,收银pos,001-收银,2025-12-15 17:21:01,否,1,17
YY000101-251215-0051,JS000101-251215-0052,大厅.A09,,,,1,35.0,0.0,35.0,收银pos,001-收银,2025-12-15 17:14:21,否,0,17
YY000101-251215-0052,JS000101-251215-0051,外卖区域.WM客位204262,,,,1,46.7,0.0,46.7,收银pos,001-收银,2025-12-15 17:01:52,否,1,17
YY000101-251215-0050,JS000101-251215-0050,外卖区域.WM客位204262,,,,1,59.3,0.0,59.3,收银pos,001-收银,2025-12-15 16:53:33,否,1,16
YY000101-251215-0049,JS000101-251215-0049,外卖区域.WM客位204262,,,,1,34.8,0.0,34.8,收银pos,001-收银,2025-12-15 16:49:38,否,1,16
YY000101-251215-0048,JS000101-251215-0048,外卖区域.WM客位204262,,,,1,49.7,0.0,49.7,收银pos,001-收银,2025-12-15 16:43:32,否,1,16
YY000101-251215-0047,JS000101-251215-0047,外卖区域.WM客位204262,,,,1,45.6,0.0,45.6,收银pos,001-收银,2025-12-15 16:05:06,否,1,16
YY000101-251215-0046,JS000101-251215-0046,外卖区域.WM客位204262,,,,1,46.7,0.0,46.7,收银pos,001-收银,2025-12-15 15:45:01,否,1,15
YY000101-251215-0045,JS000101-251215-0045,外卖区域.WM客位204262,,,,1,52.8,0.0,52.8,收银pos,001-收银,2025-12-15 14:53:27,否,1,14
YY000101-251215-0044,JS000101-251215-0044,外卖区域.WM客位204262,,,,1,48.7,0.0,48.7,收银pos,001-收银,2025-12-15 14:51:07,否,1,14
YY000101-251215-0043,JS000101-251215-0043,外卖区域.WM客位204262,,,,1,32.8,0.0,32.8,收银pos,001-收银,2025-12-15 14:20:52,否,1,14
YY000101-251215-0042,JS000101-251215-0042,外卖区域.WM客位204262,,,,1,38.8,0.0,38.8,收银pos,001-收银,2025-12-15 14:15:25,否,1,14
YY000101-251215-0041,JS000101-251215-0041,外卖区域.WM客位204262,,,,1,34.8,0.0,34.8,收银pos,001-收银,2025-12-15 14:08:08,否,1,14
YY000101-251215-0040,JS000101-251215-0040,外卖区域.WM客位204262,,,,1,40.6,0.0,40.6,收银pos,001-收银,2025-12-15 14:03:18,否,1,14
YY000101-251215-0039,JS000101-251215-0039,外卖区域.WM客位204262,,,,1,32.8,0.0,32.8,收银pos,001-收银,2025-12-15 14:02:09,否,1,14
YY000101-251215-0038,JS000101-251215-0038,外卖区域.WM客位204262,,,,1,54.8,0.0,54.8,收银pos,001-收银,2025-12-15 13:57:28,否,1,13
YY000101-251215-0037,JS000101-251215-0037,外卖区域.WM客位204262,,,,1,31.8,0.0,31.8,收银pos,001-收银,2025-12-15 13:53:48,否,1,13
YY000101-251215-0036,JS000101-251215-0036,大厅.A03,,,,2,36.0,0.0,36.0,收银pos,001-收银,2025-12-15 13:46:20,否,0,13
YY000101-251215-0035,JS000101-251215-0035,外卖区域.WM客位204262,,,,1,34.8,0.0,34.8,收银pos,001-收银,2025-12-15 13:38:06,否,1,13
YY000101-251215-0034,JS000101-251215-0034,大厅.A01,,,,2,30.0,3.6,26.4,收银pos,001-收银,2025-12-15 13:20:12,否,0,13
YY000101-251215-0031,JS000101-251215-0033,大厅.A05,,,,2,144.0,24.0,120.0,收银pos,001-收银,2025-12-15 12:58:55,否,0,12
YY000101-251215-0028,JS000101-251215-0032,大厅.A07,,,,8,541.0,0.0,541.0,收银pos,001-收银,2025-12-15 12:56:51,否,0,12
YY000101-251215-0033,JS000101-251215-0031,大厅.A03,,,,1,22.0,0.0,22.0,收银pos,001-收银,2025-12-15 12:50:11,否,0,12
YY000101-251215-0032,JS000101-251215-0030,外卖区域.WM客位204262,,,,1,34.8,0.0,34.8,收银pos,001-收银,2025-12-15 12:18:10,否,1,12
YY000101-251215-0030,JS000101-251215-0029,大厅.A11,,,,2,43.0,0.0,43.0,收银pos,001-收银,2025-12-15 12:10:58,否,0,12
YY000101-251215-0029,JS000101-251215-0028,外卖区域.WM客位204262,,,,1,35.8,0.0,35.8,收银pos,001-收银,2025-12-15 12:09:52,否,1,12
YY000101-251215-0027,JS000101-251215-0027,大厅.A11,,,,2,26.0,0.0,26.0,收银pos,001-收银,2025-12-15 12:09:02,否,0,12
YY000101-251215-0026,JS000101-251215-0026,外卖区域.WM客位204262,,,,1,38.7,0.0,38.7,收银pos,001-收银,2025-12-15 12:07:34,否,1,12
YY000101-251215-0025,JS000101-251215-0025,外卖区域.WM客位204262,,,,1,31.8,0.0,31.8,收银pos,001-收银,2025-12-15 12:07:06,否,1,12
YY000101-251215-0024,JS000101-251215-0024,外卖区域.WM客位204262,,,,1,46.7,0.0,46.7,收银pos,001-收银,2025-12-15 12:06:49,否,1,12
YY000101-251215-0023,JS000101-251215-0023,外卖区域.WM客位204262,,,,1,35.6,0.0,35.6,收银pos,001-收银,2025-12-15 11:59:16,否,1,11
YY000101-251215-0022,JS000101-251215-0022,外卖区域.WM客位204262,,,,1,48.7,0.0,48.7,收银pos,001-收银,2025-12-15 11:53:33,否,1,11
YY000101-251215-0021,JS000101-251215-0021,外卖区域.WM客位204262,,,,1,46.7,0.0,46.7,收银pos,001-收银,2025-12-15 11:46:50,否,1,11
YY000101-251215-0020,JS000101-251215-0020,外卖区域.WM客位204262,,,,1,43.8,0.0,43.8,收银pos,001-收银,2025-12-15 11:38:52,否,1,11
YY000101-251215-0019,JS000101-251215-0019,外卖区域.WM客位204262,,,,1,44.8,0.0,44.8,收银pos,001-收银,2025-12-15 11:34:51,否,1,11
YY000101-251215-0018,JS000101-251215-0018,外卖区域.WM客位204262,,,,1,31.8,0.0,31.8,收银pos,001-收银,2025-12-15 11:32:37,否,1,11
YY000101-251215-0017,JS000101-251215-0017,外卖区域.WM客位204262,,,,1,34.8,0.0,34.8,收银pos,001-收银,2025-12-15 11:30:33,否,1,11
YY000101-251215-0016,JS000101-251215-0016,外卖区域.WM客位204262,,,,1,34.8,0.0,34.8,收银pos,001-收银,2025-12-15 11:27:02,否,1,11
YY000101-251215-0015,JS000101-251215-0015,外卖区域.WM客位204262,,,,1,42.8,0.0,42.8,收银pos,001-收银,2025-12-15 11:25:13,否,1,11
YY000101-251215-0014,JS000101-251215-0014,外卖区域.WM客位204262,,,,1,37.6,0.0,37.6,收银pos,001-收银,2025-12-15 11:21:27,否,1,11
YY000101-251215-0013,JS000101-251215-0013,外卖区域.WM客位204262,,,,1,69.7,0.0,69.7,收银pos,001-收银,2025-12-15 11:20:13,否,1,11
YY000101-251215-0012,JS000101-251215-0012,外卖区域.WM客位204262,,,,1,33.8,0.0,33.8,收银pos,001-收银,2025-12-15 11:18:04,否,1,11
YY000101-251215-0011,JS000101-251215-0011,外卖区域.WM客位204262,,,,1,39.7,0.0,39.7,收银pos,001-收银,2025-12-15 11:14:03,否,1,11
YY000101-251215-0010,JS000101-251215-0010,外卖区域.WM客位204262,,,,1,35.7,0.0,35.7,收银pos,001-收银,2025-12-15 11:13:09,否,1,11
YY000101-251215-0009,JS000101-251215-0009,外卖区域.WM客位204262,,,,1,36.7,0.0,36.7,收银pos,001-收银,2025-12-15 11:10:35,否,1,11
YY000101-251215-0008,JS000101-251215-0008,外卖区域.WM客位204262,,,,1,39.6,0.0,39.6,收银pos,001-收银,2025-12-15 11:06:55,否,1,11
YY000101-251215-0007,JS000101-251215-0007,外卖区域.WM客位204262,,,,1,32.8,0.0,32.8,收银pos,001-收银,2025-12-15 11:06:17,否,1,11
YY000101-251215-0006,JS000101-251215-0006,外卖区域.WM客位204262,,,,1,45.6,0.0,45.6,收银pos,001-收银,2025-12-15 11:05:54,否,1,11
YY000101-251215-0005,JS000101-251215-0005,外卖区域.WM客位204262,,,,1,55.6,0.0,55.6,收银pos,001-收银,2025-12-15 11:05:46,否,1,11
YY000101-251215-0004,JS000101-251215-0004,外卖区域.WM客位204262,,,,1,42.8,0.0,42.8,收银pos,001-收银,2025-12-15 11:02:41,否,1,11
YY000101-251215-0003,JS000101-251215-0003,外卖区域.WM客位204262,,,,1,42.7,0.0,42.7,收银pos,001-收银,2025-12-15 10:59:36,否,1,10
YY000101-251215-0002,JS000101-251215-0002,外卖区域.WM客位204262,,,,1,45.8,0.0,45.8,收银pos,001-收银,2025-12-15 10:47:55,否,1,10
YY000101-251215-0001,JS000101-251215-0001,外卖区域.WM客位204262,,,,1,50.0,0.0,50.0,收银pos,001-收银,2025-12-15 10:00:19,否,1,10
YY000101-251214-0051,JS000101-251214-0074,大厅.A05,,,,3,254.0,0.0,254.0,收银pos,001-收银,2025-12-14 20:54:56,否,0,20
YY000101-251214-0074,JS000101-251214-0073,外卖区域.WM客位204262,,,,1,32.8,0.0,32.8,收银pos,001-收银,2025-12-14 20:12:37,否,1,20
YY000101-251214-0073,JS000101-251214-0072,外卖区域.WM客位204262,,,,1,89.2,0.0,89.2,收银pos,001-收银,2025-12-14 20:09:53,否,1,20
YY000101-251214-0072,JS000101-251214-0071,外卖区域.WM客位204262,,,,1,52.8,0.0,52.8,收银pos,001-收银,2025-12-14 20:08:20,否,1,20
YY000101-251214-0071,JS000101-251214-0070,外卖区域.WM客位204262,,,,1,57.8,0.0,57.8,收银pos,001-收银,2025-12-14 19:46:19,否,1,19
YY000101-251214-0070,JS000101-251214-0069,大厅.A06,,,,1,216.0,0.0,216.0,收银pos,001-收银,2025-12-14 19:44:52,否,0,19
YY000101-251214-0069,JS000101-251214-0067,大厅.A07,,,,2,178.0,0.0,178.0,收银pos,001-收银,2025-12-14 19:40:20,否,0,19
YY000101-251214-0066,JS000101-251214-0063,大厅.A08,,,,2,278.0,0.0,278.0,收银pos,001-收银,2025-12-14 19:40:14,否,0,19
YY000101-251214-0064,JS000101-251214-0061,大厅.A03,,,,2,241.0,0.0,241.0,收银pos,001-收银,2025-12-14 19:38:46,否,0,19
YY000101-251214-0068,JS000101-251214-0066,大厅.A09,,,,2,281.0,0.0,281.0,收银pos,001-收银,2025-12-14 19:28:35,否,0,19
YY000101-251214-0061,JS000101-251214-0068,大厅.A02,,,,3,195.0,0.0,195.0,收银pos,001-收银,2025-12-14 19:17:04,否,0,19
YY000101-251214-0062,JS000101-251214-0065,大厅.A07,,,,3,286.0,0.0,286.0,收银pos,001-收银,2025-12-14 18:54:01,否,0,18
YY000101-251214-0067,JS000101-251214-0064,外卖区域.WM客位204262,,,,1,36.8,0.0,36.8,收银pos,001-收银,2025-12-14 18:46:35,否,1,18
YY000101-251214-0065,JS000101-251214-0062,外卖区域.WM客位204262,,,,1,33.8,0.0,33.8,收银pos,001-收银,2025-12-14 18:33:09,否,1,18
YY000101-251214-0056,JS000101-251214-0054,大厅.A06,,,,2,246.0,0.0,246.0,收银pos,001-收银,2025-12-14 18:16:18,否,0,18
YY000101-251214-0063,JS000101-251214-0060,外卖区域.WM客位204262,,,,1,39.7,0.0,39.7,收银pos,001-收银,2025-12-14 18:16:11,否,1,18
YY000101-251214-0060,JS000101-251214-0059,外卖区域.WM客位204262,,,,1,34.8,0.0,34.8,收银pos,001-收银,2025-12-14 18:06:32,否,1,18
YY000101-251214-0055,JS000101-251214-0058,大厅.A03,,,,2,136.0,0.0,136.0,收银pos,001-收银,2025-12-14 18:05:29,否,0,18
YY000101-251214-0050,JS000101-251214-0050,大厅.A08,,,,2,393.0,0.0,393.0,收银pos,001-收银,2025-12-14 18:03:34,否,0,18
YY000101-251214-0059,JS000101-251214-0057,外卖区域.WM客位204262,,,,1,41.8,0.0,41.8,收银pos,001-收银,2025-12-14 17:50:09,否,1,17
YY000101-251214-0058,JS000101-251214-0056,外卖区域.WM客位204262,,,,1,46.7,0.0,46.7,收银pos,001-收银,2025-12-14 17:48:20,否,1,17
YY000101-251214-0057,JS000101-251214-0055,大厅.A07,,,,1,22.0,0.0,22.0,收银pos,001-收银,2025-12-14 17:44:33,否,0,17
YY000101-251214-0054,JS000101-251214-0053,外卖区域.WM客位204262,,,,1,34.8,0.0,34.8,收银pos,001-收银,2025-12-14 17:24:43,否,1,17
YY000101-251214-0053,JS000101-251214-0052,外卖区域.WM客位204262,,,,1,63.6,0.0,63.6,收银pos,001-收银,2025-12-14 17:23:54,否,1,17
YY000101-251214-0052,JS000101-251214-0051,外卖区域.WM客位204262,,,,1,36.8,0.0,36.8,收银pos,001-收银,2025-12-14 17:11:20,否,1,17
YY000101-251214-0048,JS000101-251214-0048,外卖区域.WM客位204262,,,,1,34.8,0.0,34.8,收银pos,001-收银,2025-12-14 16:03:12,否,1,16
YY000101-251214-0047,JS000101-251214-0047,大厅.A02,,,,1,45.0,0.0,45.0,收银pos,001-收银,2025-12-14 15:59:46,否,0,15
YY000101-251214-0046,JS000101-251214-0046,外卖区域.WM客位204262,,,,1,58.47,0.0,58.47,收银pos,001-收银,2025-12-14 15:46:25,否,1,15
YY000101-251214-0045,JS000101-251214-0045,外卖区域.WM客位204262,,,,1,34.8,0.0,34.8,收银pos,001-收银,2025-12-14 15:18:31,否,1,15
YY000101-251214-0044,JS000101-251214-0044,大厅.A10,,,,1,22.0,0.0,22.0,收银pos,001-收银,2025-12-14 14:45:08,否,0,14
YY000101-251214-0041,JS000101-251214-0041,大厅.A10,,,,1,23.8,0.0,23.8,收银pos,001-收银,2025-12-14 14:25:17,否,0,14
YY000101-251214-0043,JS000101-251214-0043,外卖区域.WM客位204262,,,,1,32.8,0.0,32.8,收银pos,001-收银,2025-12-14 14:25:14,否,1,14
YY000101-251214-0042,JS000101-251214-0042,外卖区域.WM客位204262,,,,1,38.8,0.0,38.8,收银pos,001-收银,2025-12-14 14:20:59,否,1,14
YY000101-251214-0040,JS000101-251214-0040,外卖区域.WM客位204262,,,,1,38.7,0.0,38.7,收银pos,001-收银,2025-12-14 13:58:46,否,1,13
YY000101-251214-0039,JS000101-251214-0039,大厅.A01,,,,2,22.0,0.0,22.0,收银pos,001-收银,2025-12-14 13:46:30,否,0,13
YY000101-251214-0038,JS000101-251214-0038,外卖区域.WM客位204262,,,,1,33.8,0.0,33.8,收银pos,001-收银,2025-12-14 13:44:45,否,1,13
YY000101-251214-0037,JS000101-251214-0037,外卖区域.WM客位204262,,,,1,33.8,0.0,33.8,收银pos,001-收银,2025-12-14 13:37:58,否,1,13
YY000101-251214-0036,JS000101-251214-0036,外卖区域.WM客位204262,,,,1,45.6,0.0,45.6,收银pos,001-收银,2025-12-14 13:22:51,否,1,13
YY000101-251214-0035,JS000101-251214-0035,外卖区域.WM客位204262,,,,1,58.7,0.0,58.7,收银pos,001-收银,2025-12-14 13:21:53,否,1,13
YY000101-251214-0034,JS000101-251214-0034,外卖区域.WM客位204262,,,,1,51.8,0.0,51.8,收银pos,001-收银,2025-12-14 13:19:54,否,1,13
YY000101-251214-0033,JS000101-251214-0033,外卖区域.WM客位204262,,,,1,27.8,0.0,27.8,收银pos,001-收银,2025-12-14 13:18:56,否,1,13
YY000101-251214-0032,JS000101-251214-0032,外卖区域.WM客位204262,,,,1,48.8,0.0,48.8,收银pos,001-收银,2025-12-14 13:07:42,否,1,13
YY000101-251214-0031,JS000101-251214-0031,大厅.A11,,,,2,72.0,0.0,72.0,收银pos,001-收银,2025-12-14 13:06:49,否,0,13
YY000101-251214-0028,JS000101-251214-0027,大厅.A09,,,,2,178.0,0.0,178.0,收银pos,001-收银,2025-12-14 12:51:33,否,0,12
YY000101-251214-0025,JS000101-251214-0030,大厅.A02,,,,2,180.0,29.0,151.0,收银pos,001-收银,2025-12-14 12:47:28,否,0,12
YY000101-251214-0030,JS000101-251214-0029,外卖区域.WM客位204262,,,,1,45.8,0.0,45.8,收银pos,001-收银,2025-12-14 12:40:49,否,1,12
YY000101-251214-0029,JS000101-251214-0028,外卖区域.WM客位204262,,,,1,36.8,0.0,36.8,收银pos,001-收银,2025-12-14 12:40:31,否,1,12
YY000101-251214-0027,JS000101-251214-0026,外卖区域.WM客位204262,,,,1,37.8,0.0,37.8,收银pos,001-收银,2025-12-14 12:17:03,否,1,12
YY000101-251214-0026,JS000101-251214-0025,外卖区域.WM客位204262,,,,1,32.8,0.0,32.8,收银pos,001-收银,2025-12-14 12:15:19,否,1,12
YY000101-251214-0024,JS000101-251214-0024,外卖区域.WM客位204262,,,,1,41.4,0.0,41.4,收银pos,001-收银,2025-12-14 12:07:12,否,1,12
YY000101-251214-0023,JS000101-251214-0023,外卖区域.WM客位204262,,,,1,45.7,0.0,45.7,收银pos,001-收银,2025-12-14 12:02:26,否,1,12
YY000101-251214-0022,JS000101-251214-0022,外卖区域.WM客位204262,,,,1,33.8,0.0,33.8,收银pos,001-收银,2025-12-14 11:57:45,否,1,11
YY000101-251214-0021,JS000101-251214-0021,外卖区域.WM客位204262,,,,1,33.8,0.0,33.8,收银pos,001-收银,2025-12-14 11:56:57,否,1,11
YY000101-251214-0020,JS000101-251214-0020,外卖区域.WM客位204262,,,,1,35.8,0.0,35.8,收银pos,001-收银,2025-12-14 11:55:03,否,1,11
YY000101-251214-0019,JS000101-251214-0019,外卖区域.WM客位204262,,,,1,34.8,0.0,34.8,收银pos,001-收银,2025-12-14 11:53:05,否,1,11
YY000101-251214-0017,JS000101-251214-0017,外卖区域.WM客位204262,,,,1,45.8,0.0,45.8,收银pos,001-收银,2025-12-14 11:49:53,否,1,11
YY000101-251214-0016,JS000101-251214-0016,外卖区域.WM客位204262,,,,1,33.8,0.0,33.8,收银pos,001-收银,2025-12-14 11:48:55,否,1,11
YY000101-251214-0015,JS000101-251214-0015,外卖区域.WM客位204262,,,,1,39.8,0.0,39.8,收银pos,001-收银,2025-12-14 11:47:56,否,1,11
YY000101-251214-0014,JS000101-251214-0014,外卖区域.WM客位204262,,,,1,34.8,0.0,34.8,收银pos,001-收银,2025-12-14 11:45:47,否,1,11
YY000101-251214-0013,JS000101-251214-0013,外卖区域.WM客位204262,,,,1,49.7,0.0,49.7,收银pos,001-收银,2025-12-14 11:32:12,否,1,11
YY000101-251214-0012,JS000101-251214-0012,外卖区域.WM客位204262,,,,1,50.2,0.0,50.2,收银pos,001-收银,2025-12-14 11:31:59,否,1,11
YY000101-251214-0011,JS000101-251214-0011,外卖区域.WM客位204262,,,,1,36.6,0.0,36.6,收银pos,001-收银,2025-12-14 11:29:30,否,1,11
YY000101-251214-0010,JS000101-251214-0010,外卖区域.WM客位204262,,,,1,43.7,0.0,43.7,收银pos,001-收银,2025-12-14 11:17:04,否,1,11
YY000101-251214-0009,JS000101-251214-0009,外卖区域.WM客位204262,,,,1,39.6,0.0,39.6,收银pos,001-收银,2025-12-14 11:11:08,否,1,11
YY000101-251214-0008,JS000101-251214-0008,外卖区域.WM客位204262,,,,1,41.7,0.0,41.7,收银pos,001-收银,2025-12-14 11:09:10,否,1,11
YY000101-251214-0006,JS000101-251214-0006,外卖区域.WM客位204262,,,,1,37.8,0.0,37.8,收银pos,001-收银,2025-12-14 10:57:48,否,1,10
YY000101-251214-0005,JS000101-251214-0005,外卖区域.WM客位204262,,,,1,34.8,0.0,34.8,收银pos,001-收银,2025-12-14 10:55:03,否,1,10
YY000101-251214-0004,JS000101-251214-0004,外卖区域.WM客位204262,,,,1,34.8,0.0,34.8,收银pos,001-收银,2025-12-14 10:50:52,否,1,10
YY000101-251214-0003,JS000101-251214-0003,外卖区域.WM客位204262,,,,1,40.7,0.0,40.7,收银pos,001-收银,2025-12-14 10:48:03,否,1,10
YY000101-251214-0002,JS000101-251214-0002,外卖区域.WM客位204262,,,,1,46.3,0.0,46.3,收银pos,001-收银,2025-12-14 10:34:31,否,1,10
YY000101-251214-0001,JS000101-251214-0001,外卖区域.WM客位204262,,,,1,39.7,0.0,39.7,收银pos,001-收银,2025-12-14 10:07:24,否,1,10
YY000101-251213-0110,JS000101-251213-0110,大厅.A08,,,,4,274.0,46.4,227.6,收银pos,001-收银,2025-12-13 21:42:57,否,0,21
YY000101-251213-0108,JS000101-251213-0109,大厅.A03,,,,3,175.0,0.0,175.0,收银pos,001-收银,2025-12-13 21:19:58,否,0,21
YY000101-251213-0109,JS000101-251213-0108,大厅.A10,,,,2,12.0,0.0,12.0,收银pos,001-收银,2025-12-13 21:17:00,否,0,21
YY000101-251213-0107,JS000101-251213-0107,大厅.A10,,,,2,178.0,0.0,178.0,收银pos,001-收银,2025-12-13 20:52:52,否,0,20
YY000101-251213-0104,JS000101-251213-0106,大厅.A06,,,,2,26.0,13.0,13.0,收银pos,001-收银,2025-12-13 20:34:09,否,0,20
YY000101-251213-0102,JS000101-251213-0100,大厅.A10,,,,2,186.0,0.0,186.0,收银pos,001-收银,2025-12-13 20:15:30,否,0,20
YY000101-251213-0086,JS000101-251213-0086,大厅.A03,,,,2,239.0,0.0,239.0,收银pos,001-收银,2025-12-13 19:51:38,否,0,19
YY000101-251213-0100,JS000101-251213-0099,大厅.A04,,,,2,128.0,0.0,128.0,收银pos,001-收银,2025-12-13 19:48:49,否,0,19
YY000101-251213-0099,JS000101-251213-0104,大厅.A02,,,,3,319.0,57.8,261.2,收银pos,001-收银,2025-12-13 19:40:50,否,0,19
YY000101-251213-0101,JS000101-251213-0103,大厅.A09,,,,2,212.0,0.0,212.0,收银pos,001-收银,2025-12-13 19:40:00,否,0,19
YY000101-251213-0105,JS000101-251213-0102,外卖区域.WM客位204262,,,,1,77.6,0.0,77.6,收银pos,001-收银,2025-12-13 19:27:52,否,1,19
YY000101-251213-0103,JS000101-251213-0101,大厅.A06,,,,2,178.0,0.0,178.0,收银pos,001-收银,2025-12-13 19:19:19,否,0,19
YY000101-251213-0092,JS000101-251213-0092,大厅.A06,,,,2,178.0,0.0,178.0,收银pos,001-收银,2025-12-13 19:15:11,否,0,19
YY000101-251213-0091,JS000101-251213-0090,大厅.A05,,,,2,393.0,0.0,393.0,收银pos,001-收银,2025-12-13 18:47:57,否,0,18
YY000101-251213-0098,JS000101-251213-0098,外卖区域.WM客位204262,,,,1,20.0,0.0,20.0,收银pos,001-收银,2025-12-13 18:33:35,否,1,18
YY000101-251213-0097,JS000101-251213-0097,外卖区域.WM客位204262,,,,1,46.3,0.0,46.3,收银pos,001-收银,2025-12-13 18:33:12,否,1,18
YY000101-251213-0096,JS000101-251213-0096,外卖区域.WM客位204262,,,,1,42.7,0.0,42.7,收银pos,001-收银,2025-12-13 18:28:16,否,1,18
YY000101-251213-0095,JS000101-251213-0095,外卖区域.WM客位204262,,,,1,32.8,0.0,32.8,收银pos,001-收银,2025-12-13 18:25:46,否,1,18
YY000101-251213-0094,JS000101-251213-0094,外卖区域.WM客位204262,,,,1,44.6,0.0,44.6,收银pos,001-收银,2025-12-13 18:20:45,否,1,18
YY000101-251213-0089,JS000101-251213-0091,大厅.A11,,,,1,24.0,0.0,24.0,收银pos,001-收银,2025-12-13 18:02:16,否,0,18
YY000101-251213-0090,JS000101-251213-0089,外卖区域.WM客位204262,,,,1,34.8,0.0,34.8,收银pos,001-收银,2025-12-13 17:53:51,否,1,17
YY000101-251213-0088,JS000101-251213-0088,外卖区域.WM客位204262,,,,1,37.8,0.0,37.8,收银pos,001-收银,2025-12-13 17:43:52,否,1,17
YY000101-251213-0087,JS000101-251213-0087,外卖区域.WM客位204262,,,,1,36.8,0.0,36.8,收银pos,001-收银,2025-12-13 17:43:44,否,1,17
YY000101-251213-0085,JS000101-251213-0085,外卖区域.WM客位204262,,,,1,45.8,0.0,45.8,收银pos,001-收银,2025-12-13 17:30:58,否,1,17
YY000101-251213-0084,JS000101-251213-0084,外卖区域.WM客位204262,,,,1,41.7,0.0,41.7,收银pos,001-收银,2025-12-13 17:25:32,否,1,17
YY000101-251213-0083,JS000101-251213-0083,外卖区域.WM客位204262,,,,1,34.8,0.0,34.8,收银pos,001-收银,2025-12-13 17:13:36,否,1,17
YY000101-251213-0082,JS000101-251213-0082,外卖区域.WM客位204262,,,,1,36.6,0.0,36.6,收银pos,001-收银,2025-12-13 17:10:15,否,1,17
YY000101-251213-0081,JS000101-251213-0081,外卖区域.WM客位204262,,,,1,37.7,0.0,37.7,收银pos,001-收银,2025-12-13 16:27:41,否,1,16
YY000101-251213-0080,JS000101-251213-0080,外卖区域.WM客位204262,,,,1,59.3,0.0,59.3,收银pos,001-收银,2025-12-13 16:09:21,否,1,16
YY000101-251213-0076,JS000101-251213-0079,大厅.A08,,,,5,371.0,74.2,296.8,收银pos,001-收银,2025-12-13 15:40:46,否,0,15
YY000101-251213-0078,JS000101-251213-0077,外卖区域.WM客位204262,,,,1,37.8,0.0,37.8,收银pos,001-收银,2025-12-13 15:05:39,否,1,15
YY000101-251213-0077,JS000101-251213-0076,外卖区域.WM客位204262,,,,1,31.8,0.0,31.8,收银pos,001-收银,2025-12-13 15:03:15,否,1,15
YY000101-251213-0068,JS000101-251213-0075,大厅.A03,,,,1,99.0,19.8,79.2,收银pos,001-收银,2025-12-13 14:57:26,否,0,14
YY000101-251213-0075,JS000101-251213-0074,外卖区域.WM客位204262,,,,1,34.7,0.0,34.7,收银pos,001-收银,2025-12-13 14:53:57,否,1,14
YY000101-251213-0074,JS000101-251213-0073,外卖区域.WM客位204262,,,,1,52.6,0.0,52.6,收银pos,001-收银,2025-12-13 14:53:34,否,1,14
YY000101-251213-0073,JS000101-251213-0072,外卖区域.WM客位204262,,,,1,36.8,0.0,36.8,收银pos,001-收银,2025-12-13 14:49:33,否,1,14
YY000101-251213-0071,JS000101-251213-0070,外卖区域.WM客位204262,,,,1,63.3,0.0,63.3,收银pos,001-收银,2025-12-13 14:47:43,否,1,14
YY000101-251213-0070,JS000101-251213-0069,外卖区域.WM客位204262,,,,1,33.8,0.0,33.8,收银pos,001-收银,2025-12-13 14:40:10,否,1,14
YY000101-251213-0069,JS000101-251213-0068,外卖区域.WM客位204262,,,,1,34.8,0.0,34.8,收银pos,001-收银,2025-12-13 14:37:25,否,1,14
YY000101-251213-0067,JS000101-251213-0067,外卖区域.WM客位204262,,,,1,48.7,0.0,48.7,收银pos,001-收银,2025-12-13 14:02:36,否,1,14
YY000101-251213-0066,JS000101-251213-0066,外卖区域.WM客位204262,,,,1,34.8,0.0,34.8,收银pos,001-收银,2025-12-13 14:00:52,否,1,14
YY000101-251213-0065,JS000101-251213-0065,外卖区域.WM客位204262,,,,1,32.7,0.0,32.7,收银pos,001-收银,2025-12-13 13:50:03,否,1,13
YY000101-251213-0064,JS000101-251213-0064,外卖区域.WM客位204262,,,,1,41.7,0.0,41.7,收银pos,001-收银,2025-12-13 13:45:10,否,1,13
YY000101-251213-0063,JS000101-251213-0063,外卖区域.WM客位204262,,,,1,36.7,0.0,36.7,收银pos,001-收银,2025-12-13 13:42:41,否,1,13
YY000101-251213-0062,JS000101-251213-0062,外卖区域.WM客位204262,,,,1,40.8,0.0,40.8,收银pos,001-收银,2025-12-13 13:36:14,否,1,13
YY000101-251213-0061,JS000101-251213-0061,外卖区域.WM客位204262,,,,1,69.6,0.0,69.6,收银pos,001-收银,2025-12-13 13:22:13,否,1,13
YY000101-251213-0060,JS000101-251213-0060,外卖区域.WM客位204262,,,,1,35.8,0.0,35.8,收银pos,001-收银,2025-12-13 13:10:28,否,1,13
YY000101-251213-0059,JS000101-251213-0059,外卖区域.WM客位204262,,,,1,34.8,0.0,34.8,收银pos,001-收银,2025-12-13 13:06:07,否,1,13
YY000101-251213-0058,JS000101-251213-0058,外卖区域.WM客位204262,,,,1,70.1,0.0,70.1,收银pos,001-收银,2025-12-13 13:05:40,否,1,13
YY000101-251213-0057,JS000101-251213-0057,外卖区域.WM客位204262,,,,1,71.3,0.0,71.3,收银pos,001-收银,2025-12-13 13:05:07,否,1,13
YY000101-251213-0056,JS000101-251213-0056,外卖区域.WM客位204262,,,,1,31.8,0.0,31.8,收银pos,001-收银,2025-12-13 13:04:34,否,1,13
YY000101-251213-0055,JS000101-251213-0055,外卖区域.WM客位204262,,,,1,64.6,0.0,64.6,收银pos,001-收银,2025-12-13 13:00:43,否,1,13
YY000101-251213-0054,JS000101-251213-0054,外卖区域.WM客位204262,,,,1,38.6,0.0,38.6,收银pos,001-收银,2025-12-13 12:51:35,否,1,12
YY000101-251213-0053,JS000101-251213-0053,外卖区域.WM客位204262,,,,1,66.6,0.0,66.6,收银pos,001-收银,2025-12-13 12:48:09,否,1,12
YY000101-251213-0052,JS000101-251213-0052,大厅.A03,,,,1,22.0,0.0,22.0,收银pos,001-收银,2025-12-13 12:47:58,否,0,12
YY000101-251213-0051,JS000101-251213-0050,外卖区域.WM客位204262,,,,1,45.8,0.0,45.8,收银pos,001-收银,2025-12-13 12:41:32,否,1,12
YY000101-251213-0050,JS000101-251213-0049,大厅.A11,,,,1,24.0,0.0,24.0,收银pos,001-收银,2025-12-13 12:36:59,否,0,12
YY000101-251213-0049,JS000101-251213-0048,外卖区域.WM客位204262,,,,1,44.6,0.0,44.6,收银pos,001-收银,2025-12-13 12:32:09,否,1,12
YY000101-251213-0048,JS000101-251213-0047,外卖区域.WM客位204262,,,,1,56.8,0.0,56.8,收银pos,001-收银,2025-12-13 12:30:45,否,1,12
YY000101-251213-0047,JS000101-251213-0046,外卖区域.WM客位204262,,,,1,53.8,0.0,53.8,收银pos,001-收银,2025-12-13 12:30:23,否,1,12
YY000101-251213-0046,JS000101-251213-0045,外卖区域.WM客位204262,,,,1,41.7,0.0,41.7,收银pos,001-收银,2025-12-13 12:29:25,否,1,12
YY000101-251213-0045,JS000101-251213-0044,外卖区域.WM客位204262,,,,1,34.8,0.0,34.8,收银pos,001-收银,2025-12-13 12:28:31,否,1,12
YY000101-251213-0044,JS000101-251213-0043,外卖区域.WM客位204262,,,,1,32.8,0.0,32.8,收银pos,001-收银,2025-12-13 12:25:22,否,1,12
YY000101-251213-0043,JS000101-251213-0042,外卖区域.WM客位204262,,,,1,15.0,0.0,15.0,收银pos,001-收银,2025-12-13 12:21:51,否,1,12
YY000101-251213-0042,JS000101-251213-0041,外卖区域.WM客位204262,,,,1,28.8,0.0,28.8,收银pos,001-收银,2025-12-13 12:21:18,否,1,12
YY000101-251213-0040,JS000101-251213-0039,外卖区域.WM客位204262,,,,1,36.8,0.0,36.8,收银pos,001-收银,2025-12-13 12:20:12,否,1,12
YY000101-251213-0039,JS000101-251213-0038,外卖区域.WM客位204262,,,,1,44.8,0.0,44.8,收银pos,001-收银,2025-12-13 12:20:11,否,1,12
YY000101-251213-0038,JS000101-251213-0037,外卖区域.WM客位204262,,,,1,56.7,0.0,56.7,收银pos,001-收银,2025-12-13 12:19:38,否,1,12
YY000101-251213-0037,JS000101-251213-0036,外卖区域.WM客位204262,,,,1,22.0,0.0,22.0,收银pos,001-收银,2025-12-13 12:19:21,否,1,12
YY000101-251213-0034,JS000101-251213-0034,外卖区域.WM客位204262,,,,1,32.8,0.0,32.8,收银pos,001-收银,2025-12-13 12:06:42,否,1,12
YY000101-251213-0033,JS000101-251213-0033,外卖区域.WM客位204262,,,,1,57.7,0.0,57.7,收银pos,001-收银,2025-12-13 12:06:35,否,1,12
YY000101-251213-0032,JS000101-251213-0032,外卖区域.WM客位204262,,,,1,38.6,0.0,38.6,收银pos,001-收银,2025-12-13 11:57:06,否,1,11
YY000101-251213-0031,JS000101-251213-0031,外卖区域.WM客位204262,,,,1,34.8,0.0,34.8,收银pos,001-收银,2025-12-13 11:56:27,否,1,11
YY000101-251213-0030,JS000101-251213-0030,外卖区域.WM客位204262,,,,1,33.8,0.0,33.8,收银pos,001-收银,2025-12-13 11:54:28,否,1,11
YY000101-251213-0029,JS000101-251213-0029,外卖区域.WM客位204262,,,,1,49.8,0.0,49.8,收银pos,001-收银,2025-12-13 11:52:54,否,1,11
YY000101-251213-0028,JS000101-251213-0028,外卖区域.WM客位204262,,,,1,43.8,0.0,43.8,收银pos,001-收银,2025-12-13 11:48:26,否,1,11
YY000101-251213-0027,JS000101-251213-0027,外卖区域.WM客位204262,,,,1,45.8,0.0,45.8,收银pos,001-收银,2025-12-13 11:46:36,否,1,11
YY000101-251213-0026,JS000101-251213-0026,外卖区域.WM客位204262,,,,1,37.7,0.0,37.7,收银pos,001-收银,2025-12-13 11:44:38,否,1,11
YY000101-251213-0025,JS000101-251213-0025,外卖区域.WM客位204262,,,,1,40.5,0.0,40.5,收银pos,001-收银,2025-12-13 11:39:52,否,1,11
YY000101-251213-0024,JS000101-251213-0024,外卖区域.WM客位204262,,,,1,35.8,0.0,35.8,收银pos,001-收银,2025-12-13 11:36:17,否,1,11
YY000101-251213-0023,JS000101-251213-0023,外卖区域.WM客位204262,,,,1,41.7,0.0,41.7,收银pos,001-收银,2025-12-13 11:35:24,否,1,11
YY000101-251213-0022,JS000101-251213-0022,外卖区域.WM客位204262,,,,1,32.8,0.0,32.8,收银pos,001-收银,2025-12-13 11:32:34,否,1,11
YY000101-251213-0021,JS000101-251213-0021,外卖区域.WM客位204262,,,,1,36.8,0.0,36.8,收银pos,001-收银,2025-12-13 11:31:46,否,1,11
YY000101-251213-0020,JS000101-251213-0020,外卖区域.WM客位204262,,,,1,35.8,0.0,35.8,收银pos,001-收银,2025-12-13 11:30:28,否,1,11
YY000101-251213-0019,JS000101-251213-0019,外卖区域.WM客位204262,,,,1,32.8,0.0,32.8,收银pos,001-收银,2025-12-13 11:27:48,否,1,11
YY000101-251213-0018,JS000101-251213-0018,外卖区域.WM客位204262,,,,1,31.8,0.0,31.8,收银pos,001-收银,2025-12-13 11:24:33,否,1,11
YY000101-251213-0017,JS000101-251213-0017,外卖区域.WM客位204262,,,,1,34.8,0.0,34.8,收银pos,001-收银,2025-12-13 11:22:29,否,1,11
YY000101-251213-0016,JS000101-251213-0016,外卖区域.WM客位204262,,,,1,50.7,0.0,50.7,收银pos,001-收银,2025-12-13 11:20:05,否,1,11
YY000101-251213-0015,JS000101-251213-0015,外卖区域.WM客位204262,,,,1,47.8,0.0,47.8,收银pos,001-收银,2025-12-13 11:17:01,否,1,11
YY000101-251213-0014,JS000101-251213-0014,外卖区域.WM客位204262,,,,1,37.8,0.0,37.8,收银pos,001-收银,2025-12-13 11:14:11,否,1,11
YY000101-251213-0013,JS000101-251213-0013,外卖区域.WM客位204262,,,,1,41.8,0.0,41.8,收银pos,001-收银,2025-12-13 11:11:57,否,1,11
YY000101-251213-0012,JS000101-251213-0012,外卖区域.WM客位204262,,,,1,37.7,0.0,37.7,收银pos,001-收银,2025-12-13 11:09:07,否,1,11
YY000101-251213-0011,JS000101-251213-0011,外卖区域.WM客位204262,,,,1,34.8,0.0,34.8,收银pos,001-收银,2025-12-13 11:08:25,否,1,11
YY000101-251213-0010,JS000101-251213-0010,外卖区域.WM客位204262,,,,1,45.8,0.0,45.8,收银pos,001-收银,2025-12-13 11:07:32,否,1,11
YY000101-251213-0008,JS000101-251213-0008,外卖区域.WM客位204262,,,,1,40.2,0.0,40.2,收银pos,001-收银,2025-12-13 11:05:05,否,1,11
YY000101-251213-0007,JS000101-251213-0007,外卖区域.WM客位204262,,,,1,28.8,0.0,28.8,收银pos,001-收银,2025-12-13 11:03:57,否,1,11
YY000101-251213-0006,JS000101-251213-0006,外卖区域.WM客位204262,,,,1,48.7,0.0,48.7,收银pos,001-收银,2025-12-13 11:02:49,否,1,11
YY000101-251213-0005,JS000101-251213-0005,外卖区域.WM客位204262,,,,1,77.6,0.0,77.6,收银pos,001-收银,2025-12-13 10:54:56,否,1,10
YY000101-251213-0004,JS000101-251213-0004,外卖区域.WM客位204262,,,,1,45.6,0.0,45.6,收银pos,001-收银,2025-12-13 10:52:17,否,1,10
YY000101-251213-0003,JS000101-251213-0003,外卖区域.WM客位204262,,,,1,86.6,0.0,86.6,收银pos,001-收银,2025-12-13 10:51:03,否,1,10
YY000101-251213-0002,JS000101-251213-0002,外卖区域.WM客位204262,,,,1,34.8,0.0,34.8,收银pos,001-收银,2025-12-13 10:38:08,否,1,10
YY000101-251212-0087,JS000101-251212-0092,大厅.A03,,,,2,256.8,8.0,248.8,收银pos,001-收银,2025-12-12 21:34:17,否,0,21
YY000101-251212-0091,JS000101-251212-0091,大厅.A06,,,,4,82.0,0.0,82.0,收银pos,001-收银,2025-12-12 21:33:54,否,0,21
YY000101-251212-0084,JS000101-251212-0090,大厅.A05,,,,1,116.0,36.0,80.0,收银pos,001-收银,2025-12-12 20:59:03,否,0,20
YY000101-251212-0092,JS000101-251212-0089,外卖区域.WM客位204262,,,,1,31.8,0.0,31.8,收银pos,001-收银,2025-12-12 20:54:47,否,1,20
YY000101-251212-0086,JS000101-251212-0088,大厅.A08,,,,2,270.0,0.0,270.0,收银pos,001-收银,2025-12-12 20:38:38,否,1,20
YY000101-251212-0090,JS000101-251212-0087,大厅.A06,,,,4,278.0,0.0,278.0,收银pos,001-收银,2025-12-12 20:23:25,否,0,20
YY000101-251212-0076,JS000101-251212-0086,大厅.A07,,,,3,291.0,0.0,291.0,收银pos,001-收银,2025-12-12 20:22:49,否,0,20
YY000101-251212-0089,JS000101-251212-0085,外卖区域.WM客位204262,,,,1,75.6,0.0,75.6,收银pos,001-收银,2025-12-12 20:15:50,否,1,20
YY000101-251212-0088,JS000101-251212-0084,外卖区域.WM客位204262,,,,1,41.7,0.0,41.7,收银pos,001-收银,2025-12-12 20:06:51,否,1,20
YY000101-251212-0085,JS000101-251212-0083,外卖区域.WM客位204262,,,,1,50.8,0.0,50.8,收银pos,001-收银,2025-12-12 19:52:24,否,1,19
YY000101-251212-0083,JS000101-251212-0082,大厅.A05,,,,2,178.0,0.0,178.0,收银pos,001-收银,2025-12-12 19:41:40,否,0,19
YY000101-251212-0082,JS000101-251212-0081,外卖区域.WM客位204262,,,,1,54.7,0.0,54.7,收银pos,001-收银,2025-12-12 19:24:35,否,1,19
YY000101-251212-0081,JS000101-251212-0080,外卖区域.WM客位204262,,,,1,31.8,0.0,31.8,收银pos,001-收银,2025-12-12 19:20:53,否,1,19
YY000101-251212-0080,JS000101-251212-0079,外卖区域.WM客位204262,,,,1,44.8,0.0,44.8,收银pos,001-收银,2025-12-12 19:16:37,否,1,19
YY000101-251212-0079,JS000101-251212-0078,大厅.A02,,,,1,26.0,0.0,26.0,收银pos,001-收银,2025-12-12 19:15:39,否,0,19
YY000101-251212-0078,JS000101-251212-0077,大厅.A03,,,,1,30.0,0.0,30.0,收银pos,001-收银,2025-12-12 19:03:49,否,0,19
YY000101-251212-0077,JS000101-251212-0076,外卖区域.WM客位204262,,,,1,37.1,0.0,37.1,收银pos,001-收银,2025-12-12 18:59:18,否,1,18
YY000101-251212-0074,JS000101-251212-0074,外卖区域.WM客位204262,,,,1,57.6,0.0,57.6,收银pos,001-收银,2025-12-12 18:48:32,否,1,18
YY000101-251212-0073,JS000101-251212-0073,外卖区域.WM客位204262,,,,1,30.7,0.0,30.7,收银pos,001-收银,2025-12-12 18:42:25,否,1,18
YY000101-251212-0072,JS000101-251212-0072,外卖区域.WM客位204262,,,,1,50.8,0.0,50.8,收银pos,001-收银,2025-12-12 18:31:50,否,1,18
YY000101-251212-0071,JS000101-251212-0071,外卖区域.WM客位204262,,,,1,58.7,0.0,58.7,收银pos,001-收银,2025-12-12 18:21:41,否,1,18
YY000101-251212-0070,JS000101-251212-0070,外卖区域.WM客位204262,,,,1,33.6,0.0,33.6,收银pos,001-收银,2025-12-12 18:20:07,否,1,18
YY000101-251212-0069,JS000101-251212-0069,外卖区域.WM客位204262,,,,1,57.6,0.0,57.6,收银pos,001-收银,2025-12-12 18:19:29,否,1,18
YY000101-251212-0065,JS000101-251212-0068,大厅.A04,,,,3,368.0,0.0,368.0,收银pos,001-收银,2025-12-12 18:06:16,否,0,18
YY000101-251212-0068,JS000101-251212-0067,外卖区域.WM客位204262,,,,1,38.8,0.0,38.8,收银pos,001-收银,2025-12-12 17:43:33,否,1,17
YY000101-251212-0067,JS000101-251212-0066,外卖区域.WM客位204262,,,,1,48.7,0.0,48.7,收银pos,001-收银,2025-12-12 17:42:05,否,1,17
YY000101-251212-0066,JS000101-251212-0065,外卖区域.WM客位204262,,,,1,41.3,0.0,41.3,收银pos,001-收银,2025-12-12 17:36:13,否,1,17
YY000101-251212-0064,JS000101-251212-0064,外卖区域.WM客位204262,,,,1,36.8,0.0,36.8,收银pos,001-收银,2025-12-12 17:15:56,否,1,17
YY000101-251212-0063,JS000101-251212-0063,外卖区域.WM客位204262,,,,1,71.8,0.0,71.8,收银pos,001-收银,2025-12-12 17:12:26,否,1,17
YY000101-251212-0062,JS000101-251212-0062,外卖区域.WM客位204262,,,,1,40.7,0.0,40.7,收银pos,001-收银,2025-12-12 17:05:24,否,1,17
YY000101-251212-0061,JS000101-251212-0061,外卖区域.WM客位204262,,,,1,44.8,0.0,44.8,收银pos,001-收银,2025-12-12 16:16:22,否,1,16
YY000101-251212-0060,JS000101-251212-0060,外卖区域.WM客位204262,,,,1,35.8,0.0,35.8,收银pos,001-收银,2025-12-12 15:53:04,否,1,15
YY000101-251212-0059,JS000101-251212-0059,外卖区域.WM客位204262,,,,1,63.3,0.0,63.3,收银pos,001-收银,2025-12-12 15:49:49,否,1,15
YY000101-251212-0058,JS000101-251212-0058,外卖区域.WM客位204262,,,,1,37.8,0.0,37.8,收银pos,001-收银,2025-12-12 15:45:48,否,1,15
YY000101-251212-0057,JS000101-251212-0057,外卖区域.WM客位204262,,,,1,42.1,0.0,42.1,收银pos,001-收银,2025-12-12 15:27:58,否,1,15
YY000101-251212-0056,JS000101-251212-0056,大厅.A09,,,,1,34.0,0.0,34.0,收银pos,001-收银,2025-12-12 14:51:03,否,0,14
YY000101-251212-0052,JS000101-251212-0055,大厅.A07,,,,1,23.8,0.0,23.8,收银pos,001-收银,2025-12-12 14:37:08,否,0,14
YY000101-251212-0055,JS000101-251212-0054,外卖区域.WM客位204262,,,,1,37.7,0.0,37.7,收银pos,001-收银,2025-12-12 14:27:42,否,1,14
YY000101-251212-0054,JS000101-251212-0053,外卖区域.WM客位204262,,,,1,39.8,0.0,39.8,收银pos,001-收银,2025-12-12 14:18:12,否,1,14
YY000101-251212-0053,JS000101-251212-0052,外卖区域.WM客位204262,,,,1,32.8,0.0,32.8,收银pos,001-收银,2025-12-12 14:14:58,否,1,14
YY000101-251212-0049,JS000101-251212-0051,大厅.A10,,,,2,16.0,0.0,16.0,收银pos,001-收银,2025-12-12 13:42:44,否,0,13
YY000101-251212-0050,JS000101-251212-0049,外卖区域.WM客位204262,,,,1,34.8,0.0,34.8,收银pos,001-收银,2025-12-12 13:15:03,否,1,13
YY000101-251212-0046,JS000101-251212-0048,大厅.A03,,,,2,65.0,0.0,65.0,收银pos,001-收银,2025-12-12 13:09:45,否,0,13
YY000101-251212-0048,JS000101-251212-0047,大厅.A10,,,,2,47.6,0.0,47.6,收银pos,001-收银,2025-12-12 13:08:37,否,0,13
YY000101-251212-0047,JS000101-251212-0046,外卖区域.WM客位204262,,,,1,64.8,0.0,64.8,收银pos,001-收银,2025-12-12 12:58:25,否,1,12
YY000101-251212-0045,JS000101-251212-0045,外卖区域.WM客位204262,,,,1,34.8,0.0,34.8,收银pos,001-收银,2025-12-12 12:42:02,否,1,12
YY000101-251212-0044,JS000101-251212-0044,外卖区域.WM客位204262,,,,1,31.8,0.0,31.8,收银pos,001-收银,2025-12-12 12:37:00,否,1,12
YY000101-251212-0043,JS000101-251212-0043,外卖区域.WM客位204262,,,,1,34.8,0.0,34.8,收银pos,001-收银,2025-12-12 12:34:00,否,1,12
YY000101-251212-0042,JS000101-251212-0042,外卖区域.WM客位204262,,,,1,35.8,0.0,35.8,收银pos,001-收银,2025-12-12 12:33:48,否,1,12
YY000101-251212-0033,JS000101-251212-0041,大厅.A03,,,,1,46.0,0.0,46.0,收银pos,001-收银,2025-12-12 12:33:24,否,0,12
YY000101-251212-0041,JS000101-251212-0040,外卖区域.WM客位204262,,,,1,46.6,0.0,46.6,收银pos,001-收银,2025-12-12 12:27:41,否,1,12
YY000101-251212-0040,JS000101-251212-0039,大厅.A06,,,,2,68.0,0.0,68.0,收银pos,001-收银,2025-12-12 12:26:02,否,0,12
YY000101-251212-0039,JS000101-251212-0038,外卖区域.WM客位204262,,,,1,71.6,0.0,71.6,收银pos,001-收银,2025-12-12 12:24:40,否,1,12
YY000101-251212-0038,JS000101-251212-0037,外卖区域.WM客位204262,,,,1,58.8,0.0,58.8,收银pos,001-收银,2025-12-12 12:16:22,否,1,12
YY000101-251212-0037,JS000101-251212-0036,外卖区域.WM客位204262,,,,1,35.8,0.0,35.8,收银pos,001-收银,2025-12-12 12:16:09,否,1,12
YY000101-251212-0036,JS000101-251212-0035,外卖区域.WM客位204262,,,,1,34.8,0.0,34.8,收银pos,001-收银,2025-12-12 12:14:46,否,1,12
YY000101-251212-0035,JS000101-251212-0034,外卖区域.WM客位204262,,,,1,58.8,0.0,58.8,收银pos,001-收银,2025-12-12 12:14:33,否,1,12
YY000101-251212-0034,JS000101-251212-0033,外卖区域.WM客位204262,,,,1,34.8,0.0,34.8,收银pos,001-收银,2025-12-12 12:09:12,否,1,12
YY000101-251212-0032,JS000101-251212-0032,大厅.A03,,,,1,25.0,0.0,25.0,收银pos,001-收银,2025-12-12 12:04:26,否,0,12
YY000101-251212-0031,JS000101-251212-0031,外卖区域.WM客位204262,,,,1,34.8,0.0,34.8,收银pos,001-收银,2025-12-12 11:55:26,否,1,11
YY000101-251212-0030,JS000101-251212-0030,外卖区域.WM客位204262,,,,1,45.6,0.0,45.6,收银pos,001-收银,2025-12-12 11:54:23,否,1,11
YY000101-251212-0029,JS000101-251212-0029,外卖区域.WM客位204262,,,,1,34.8,0.0,34.8,收银pos,001-收银,2025-12-12 11:40:52,否,1,11
YY000101-251212-0028,JS000101-251212-0028,外卖区域.WM客位204262,,,,1,37.8,0.0,37.8,收银pos,001-收银,2025-12-12 11:38:38,否,1,11
YY000101-251212-0027,JS000101-251212-0027,外卖区域.WM客位204262,,,,1,40.7,0.0,40.7,收银pos,001-收银,2025-12-12 11:33:47,否,1,11
YY000101-251212-0026,JS000101-251212-0026,外卖区域.WM客位204262,,,,1,45.8,0.0,45.8,收银pos,001-收银,2025-12-12 11:27:20,否,1,11
YY000101-251212-0025,JS000101-251212-0025,外卖区域.WM客位204262,,,,1,34.8,0.0,34.8,收银pos,001-收银,2025-12-12 11:26:57,否,1,11
YY000101-251212-0024,JS000101-251212-0024,外卖区域.WM客位204262,,,,1,40.8,0.0,40.8,收银pos,001-收银,2025-12-12 11:26:14,否,1,11
YY000101-251212-0023,JS000101-251212-0023,外卖区域.WM客位204262,,,,1,34.8,0.0,34.8,收银pos,001-收银,2025-12-12 11:25:11,否,1,11
YY000101-251212-0022,JS000101-251212-0022,外卖区域.WM客位204262,,,,1,34.7,0.0,34.7,收银pos,001-收银,2025-12-12 11:23:37,否,1,11
YY000101-251212-0021,JS000101-251212-0021,外卖区域.WM客位204262,,,,1,32.8,0.0,32.8,收银pos,001-收银,2025-12-12 11:23:09,否,1,11
YY000101-251212-0020,JS000101-251212-0020,外卖区域.WM客位204262,,,,1,56.7,0.0,56.7,收银pos,001-收银,2025-12-12 11:17:42,否,1,11
YY000101-251212-0019,JS000101-251212-0019,外卖区域.WM客位204262,,,,1,34.8,0.0,34.8,收银pos,001-收银,2025-12-12 11:15:53,否,1,11
YY000101-251212-0018,JS000101-251212-0018,外卖区域.WM客位204262,,,,1,33.8,0.0,33.8,收银pos,001-收银,2025-12-12 11:14:45,否,1,11
YY000101-251212-0017,JS000101-251212-0017,外卖区域.WM客位204262,,,,1,37.8,0.0,37.8,收银pos,001-收银,2025-12-12 11:10:45,否,1,11
YY000101-251212-0016,JS000101-251212-0016,外卖区域.WM客位204262,,,,1,34.8,0.0,34.8,收银pos,001-收银,2025-12-12 11:10:17,否,1,11
YY000101-251212-0015,JS000101-251212-0015,外卖区域.WM客位204262,,,,1,36.7,0.0,36.7,收银pos,001-收银,2025-12-12 11:06:42,否,1,11
YY000101-251212-0014,JS000101-251212-0014,外卖区域.WM客位204262,,,,1,34.8,0.0,34.8,收银pos,001-收银,2025-12-12 11:05:38,否,1,11
YY000101-251212-0013,JS000101-251212-0013,外卖区域.WM客位204262,,,,1,41.7,0.0,41.7,收银pos,001-收银,2025-12-12 11:05:38,否,1,11
YY000101-251212-0012,JS000101-251212-0012,外卖区域.WM客位204262,,,,1,56.8,0.0,56.8,收银pos,001-收银,2025-12-12 11:05:30,否,1,11
YY000101-251212-0011,JS000101-251212-0011,外卖区域.WM客位204262,,,,1,50.6,0.0,50.6,收银pos,001-收银,2025-12-12 11:05:22,否,1,11
YY000101-251212-0010,JS000101-251212-0010,外卖区域.WM客位204262,,,,1,34.8,0.0,34.8,收银pos,001-收银,2025-12-12 11:03:38,否,1,11
YY000101-251212-0009,JS000101-251212-0009,外卖区域.WM客位204262,,,,1,33.8,0.0,33.8,收银pos,001-收银,2025-12-12 10:58:38,否,1,10
YY000101-251212-0008,JS000101-251212-0008,外卖区域.WM客位204262,,,,1,42.6,0.0,42.6,收银pos,001-收银,2025-12-12 10:51:12,否,1,10
YY000101-251212-0007,JS000101-251212-0007,外卖区域.WM客位204262,,,,1,43.06,0.0,43.06,收银pos,001-收银,2025-12-12 10:50:39,否,1,10
YY000101-251212-0006,JS000101-251212-0006,外卖区域.WM客位204262,,,,1,35.3,0.0,35.3,收银pos,001-收银,2025-12-12 10:44:58,否,1,10
YY000101-251212-0005,JS000101-251212-0005,外卖区域.WM客位204262,,,,1,34.8,0.0,34.8,收银pos,001-收银,2025-12-12 10:40:13,否,1,10
YY000101-251212-0004,JS000101-251212-0004,外卖区域.WM客位204262,,,,1,35.26,0.0,35.26,收银pos,001-收银,2025-12-12 10:32:21,否,1,10
YY000101-251212-0003,JS000101-251212-0003,外卖区域.WM客位204262,,,,1,42.7,0.0,42.7,收银pos,001-收银,2025-12-12 10:31:48,否,1,10
YY000101-251212-0002,JS000101-251212-0002,外卖区域.WM客位204262,,,,1,36.7,0.0,36.7,收银pos,001-收银,2025-12-12 10:17:27,否,1,10
YY000101-251212-0001,JS000101-251212-0001,外卖区域.WM客位204262,,,,1,38.8,0.0,38.8,收银pos,001-收银,2025-12-12 10:17:08,否,1,10
YY000101-251211-0106,JS000101-251211-0106,外卖区域.WM客位204262,,,,1,47.6,0.0,47.6,收银pos,001-收银,2025-12-11 20:59:24,否,1,20
YY000101-251211-0105,JS000101-251211-0105,外卖区域.WM客位204262,,,,1,39.8,0.0,39.8,收银pos,001-收银,2025-12-11 20:59:17,否,1,20
YY000101-251211-0100,JS000101-251211-0104,大厅.A09,,,,2,256.0,0.0,256.0,收银pos,001-收银,2025-12-11 20:41:48,否,0,20
YY000101-251211-0094,JS000101-251211-0089,大厅.A11,,,,2,220.0,0.0,220.0,收银pos,001-收银,2025-12-11 20:41:29,否,0,20
YY000101-251211-0104,JS000101-251211-0103,外卖区域.WM客位204262,,,,1,41.6,0.0,41.6,收银pos,001-收银,2025-12-11 20:36:46,否,1,20
YY000101-251211-0102,JS000101-251211-0101,外卖区域.WM客位204262,,,,1,52.6,0.0,52.6,收银pos,001-收银,2025-12-11 20:33:59,否,1,20
YY000101-251211-0101,JS000101-251211-0100,外卖区域.WM客位204262,,,,1,43.8,0.0,43.8,收银pos,001-收银,2025-12-11 20:33:27,否,1,20
YY000101-251211-0091,JS000101-251211-0087,大厅.A02,,,,2,255.0,0.0,255.0,收银pos,001-收银,2025-12-11 20:29:58,否,0,20
YY000101-251211-0093,JS000101-251211-0099,大厅.A04,,,,3,30.0,0.0,30.0,收银pos,001-收银,2025-12-11 20:26:12,否,0,20
YY000101-251211-0098,JS000101-251211-0096,大厅.A01,,,,2,36.0,0.0,36.0,收银pos,001-收银,2025-12-11 20:15:04,否,0,20
YY000101-251211-0080,JS000101-251211-0098,大厅.A05,,,,2,216.0,0.0,216.0,收银pos,001-收银,2025-12-11 20:08:46,否,1,20
YY000101-251211-0099,JS000101-251211-0097,外卖区域.WM客位204262,,,,1,45.8,0.0,45.8,收银pos,001-收银,2025-12-11 19:50:22,否,1,19
YY000101-251211-0089,JS000101-251211-0095,大厅.A07,,,,2,139.0,0.0,139.0,收银pos,001-收银,2025-12-11 19:46:23,否,0,19
YY000101-251211-0097,JS000101-251211-0094,外卖区域.WM客位204262,,,,1,50.7,0.0,50.7,收银pos,001-收银,2025-12-11 19:41:29,否,1,19
YY000101-251211-0082,JS000101-251211-0093,大厅.A03,,,,2,194.0,0.0,194.0,收银pos,001-收银,2025-12-11 19:38:00,否,0,19
YY000101-251211-0088,JS000101-251211-0092,大厅.A09,,,,2,79.0,0.0,79.0,收银pos,001-收银,2025-12-11 19:35:09,否,0,19
YY000101-251211-0096,JS000101-251211-0091,外卖区域.WM客位204262,,,,1,48.8,0.0,48.8,收银pos,001-收银,2025-12-11 19:34:47,否,1,19
YY000101-251211-0095,JS000101-251211-0090,外卖区域.WM客位204262,,,,1,29.6,0.0,29.6,收银pos,001-收银,2025-12-11 19:32:42,否,1,19
YY000101-251211-0092,JS000101-251211-0088,大厅.A04,,,,2,178.0,0.0,178.0,收银pos,001-收银,2025-12-11 19:21:03,否,0,19
YY000101-251211-0090,JS000101-251211-0086,外卖区域.WM客位204262,,,,1,37.8,0.0,37.8,收银pos,001-收银,2025-12-11 19:17:51,否,1,19
YY000101-251211-0087,JS000101-251211-0085,外卖区域.WM客位204262,,,,1,58.8,0.0,58.8,收银pos,001-收银,2025-12-11 19:07:47,否,1,19
YY000101-251211-0074,JS000101-251211-0083,大厅.A06,,,,3,200.0,40.0,160.0,收银pos,001-收银,2025-12-11 19:05:05,否,0,19
YY000101-251211-0086,JS000101-251211-0084,外卖区域.WM客位204262,,,,1,45.8,0.0,45.8,收银pos,001-收银,2025-12-11 19:04:42,否,1,19
YY000101-251211-0085,JS000101-251211-0082,外卖区域.WM客位204262,,,,1,34.8,0.0,34.8,收银pos,001-收银,2025-12-11 18:59:21,否,1,18
YY000101-251211-0084,JS000101-251211-0081,外卖区域.WM客位204262,,,,1,35.7,0.0,35.7,收银pos,001-收银,2025-12-11 18:58:03,否,1,18
YY000101-251211-0083,JS000101-251211-0080,外卖区域.WM客位204262,,,,1,44.5,0.0,44.5,收银pos,001-收银,2025-12-11 18:56:19,否,1,18
YY000101-251211-0081,JS000101-251211-0079,外卖区域.WM客位204262,,,,1,58.7,0.0,58.7,收银pos,001-收银,2025-12-11 18:47:45,否,1,18
YY000101-251211-0079,JS000101-251211-0078,外卖区域.WM客位204262,,,,1,34.8,0.0,34.8,收银pos,001-收银,2025-12-11 18:42:44,否,1,18
YY000101-251211-0078,JS000101-251211-0077,外卖区域.WM客位204262,,,,1,46.7,0.0,46.7,收银pos,001-收银,2025-12-11 18:35:21,否,1,18
YY000101-251211-0077,JS000101-251211-0076,外卖区域.WM客位204262,,,,1,108.4,0.0,108.4,收银pos,001-收银,2025-12-11 18:34:28,否,1,18
YY000101-251211-0076,JS000101-251211-0075,外卖区域.WM客位204262,,,,1,136.2,0.0,136.2,收银pos,001-收银,2025-12-11 18:33:25,否,1,18
YY000101-251211-0073,JS000101-251211-0074,大厅.A11,,,,1,30.0,0.0,30.0,收银pos,001-收银,2025-12-11 18:32:37,否,0,18
YY000101-251211-0075,JS000101-251211-0073,外卖区域.WM客位204262,,,,1,39.8,0.0,39.8,收银pos,001-收银,2025-12-11 18:26:58,否,1,18
YY000101-251211-0063,JS000101-251211-0072,大厅.A04,,,,2,112.0,0.0,112.0,收银pos,001-收银,2025-12-11 18:19:07,否,0,18
YY000101-251211-0068,JS000101-251211-0071,大厅.A09,,,,2,133.0,26.6,106.4,收银pos,001-收银,2025-12-11 18:12:43,否,0,18
YY000101-251211-0072,JS000101-251211-0070,外卖区域.WM客位204262,,,,1,34.8,0.0,34.8,收银pos,001-收银,2025-12-11 18:12:01,否,1,18
YY000101-251211-0071,JS000101-251211-0069,外卖区域.WM客位204262,,,,1,74.6,0.0,74.6,收银pos,001-收银,2025-12-11 18:10:13,否,1,18
YY000101-251211-0070,JS000101-251211-0068,外卖区域.WM客位204262,,,,1,37.7,0.0,37.7,收银pos,001-收银,2025-12-11 18:07:08,否,1,18
YY000101-251211-0069,JS000101-251211-0067,外卖区域.WM客位204262,,,,1,43.8,0.0,43.8,收银pos,001-收银,2025-12-11 18:00:11,否,1,18
YY000101-251211-0067,JS000101-251211-0066,外卖区域.WM客位204262,,,,1,69.7,0.0,69.7,收银pos,001-收银,2025-12-11 17:43:33,否,1,17
YY000101-251211-0066,JS000101-251211-0065,外卖区域.WM客位204262,,,,1,38.8,0.0,38.8,收银pos,001-收银,2025-12-11 17:41:19,否,1,17
YY000101-251211-0065,JS000101-251211-0064,外卖区域.WM客位204262,,,,1,37.8,0.0,37.8,收银pos,001-收银,2025-12-11 17:37:08,否,1,17
YY000101-251211-0064,JS000101-251211-0063,外卖区域.WM客位204262,,,,1,40.8,0.0,40.8,收银pos,001-收银,2025-12-11 17:32:07,否,1,17
YY000101-251211-0062,JS000101-251211-0062,大厅.A09,,,,2,63.0,0.0,63.0,收银pos,001-收银,2025-12-11 17:11:37,否,0,17
YY000101-251211-0061,JS000101-251211-0061,外卖区域.WM客位204262,,,,1,47.8,0.0,47.8,收银pos,001-收银,2025-12-11 16:57:35,否,1,16
YY000101-251211-0060,JS000101-251211-0060,外卖区域.WM客位204262,,,,1,34.8,0.0,34.8,收银pos,001-收银,2025-12-11 16:51:53,否,1,16
YY000101-251211-0059,JS000101-251211-0059,外卖区域.WM客位204262,,,,1,34.8,0.0,34.8,收银pos,001-收银,2025-12-11 16:31:12,否,1,16
YY000101-251211-0058,JS000101-251211-0058,外卖区域.WM客位204262,,,,1,35.8,0.0,35.8,收银pos,001-收银,2025-12-11 16:27:22,否,1,16
YY000101-251211-0056,JS000101-251211-0056,外卖区域.WM客位204262,,,,1,31.8,0.0,31.8,收银pos,001-收银,2025-12-11 14:35:13,否,1,14
YY000101-251211-0055,JS000101-251211-0055,外卖区域.WM客位204262,,,,1,43.7,0.0,43.7,收银pos,001-收银,2025-12-11 14:31:33,否,1,14
YY000101-251211-0054,JS000101-251211-0054,外卖区域.WM客位204262,,,,1,34.8,0.0,34.8,收银pos,001-收银,2025-12-11 14:08:21,否,1,14
YY000101-251211-0052,JS000101-251211-0053,大厅.A01,,,,2,79.0,0.0,79.0,收银pos,001-收银,2025-12-11 14:05:59,否,0,14
YY000101-251211-0053,JS000101-251211-0052,外卖区域.WM客位204262,,,,1,37.8,0.0,37.8,收银pos,001-收银,2025-12-11 14:04:41,否,1,14
YY000101-251211-0051,JS000101-251211-0051,外卖区域.WM客位204262,,,,1,27.8,0.0,27.8,收银pos,001-收银,2025-12-11 13:37:46,否,1,13
YY000101-251211-0050,JS000101-251211-0050,外卖区域.WM客位204262,,,,1,37.8,0.0,37.8,收银pos,001-收银,2025-12-11 13:22:24,否,1,13
YY000101-251211-0049,JS000101-251211-0049,大厅.A04,,,,2,56.0,0.0,56.0,收银pos,001-收银,2025-12-11 13:14:33,否,0,13
YY000101-251211-0048,JS000101-251211-0048,外卖区域.WM客位204262,,,,1,47.8,0.0,47.8,收银pos,001-收银,2025-12-11 12:58:57,否,1,12
YY000101-251211-0037,JS000101-251211-0046,大厅.A02,,,,1,43.0,0.0,43.0,收银pos,001-收银,2025-12-11 12:57:37,否,0,12
YY000101-251211-0045,JS000101-251211-0047,大厅.A07,,,,2,54.0,0.0,54.0,收银pos,001-收银,2025-12-11 12:57:27,否,0,12
YY000101-251211-0042,JS000101-251211-0039,大厅.A01,,,,2,23.8,0.0,23.8,收银pos,001-收银,2025-12-11 12:54:07,否,0,12
YY000101-251211-0028,JS000101-251211-0026,大厅.A03,,,,2,71.4,0.0,71.4,收银pos,001-收银,2025-12-11 12:54:02,否,0,12
YY000101-251211-0021,JS000101-251211-0045,大厅.A05,,,,2,201.0,0.0,201.0,收银pos,001-收银,2025-12-11 12:51:07,否,0,12
YY000101-251211-0047,JS000101-251211-0044,外卖区域.WM客位204262,,,,1,35.8,0.0,35.8,收银pos,001-收银,2025-12-11 12:49:59,否,1,12
YY000101-251211-0046,JS000101-251211-0043,外卖区域.WM客位204262,,,,1,33.8,0.0,33.8,收银pos,001-收银,2025-12-11 12:48:21,否,1,12
YY000101-251211-0027,JS000101-251211-0042,大厅.A08,,,,4,527.0,0.0,527.0,收银pos,001-收银,2025-12-11 12:47:40,否,0,12
YY000101-251211-0044,JS000101-251211-0041,外卖区域.WM客位204262,,,,1,43.8,0.0,43.8,收银pos,001-收银,2025-12-11 12:32:39,否,1,12
YY000101-251211-0043,JS000101-251211-0040,外卖区域.WM客位204262,,,,1,36.8,0.0,36.8,收银pos,001-收银,2025-12-11 12:30:35,否,1,12
YY000101-251211-0041,JS000101-251211-0038,外卖区域.WM客位204262,,,,1,37.3,0.0,37.3,收银pos,001-收银,2025-12-11 12:29:37,否,1,12
YY000101-251211-0040,JS000101-251211-0037,外卖区域.WM客位204262,,,,1,27.8,0.0,27.8,收银pos,001-收银,2025-12-11 12:27:18,否,1,12
YY000101-251211-0039,JS000101-251211-0036,外卖区域.WM客位204262,,,,1,39.8,0.0,39.8,收银pos,001-收银,2025-12-11 12:25:39,否,1,12
YY000101-251211-0038,JS000101-251211-0035,外卖区域.WM客位204262,,,,1,43.7,0.0,43.7,收银pos,001-收银,2025-12-11 12:23:15,否,1,12
YY000101-251211-0036,JS000101-251211-0034,大厅.A06,,,,2,62.0,0.0,62.0,收银pos,001-收银,2025-12-11 12:19:57,否,0,12
YY000101-251211-0035,JS000101-251211-0033,外卖区域.WM客位204262,,,,1,50.8,0.0,50.8,收银pos,001-收银,2025-12-11 12:17:34,否,1,12
YY000101-251211-0034,JS000101-251211-0032,外卖区域.WM客位204262,,,,1,50.8,0.0,50.8,收银pos,001-收银,2025-12-11 12:17:01,否,1,12
YY000101-251211-0032,JS000101-251211-0030,外卖区域.WM客位204262,,,,1,32.8,0.0,32.8,收银pos,001-收银,2025-12-11 12:11:48,否,1,12
YY000101-251211-0031,JS000101-251211-0029,外卖区域.WM客位204262,,,,1,40.7,0.0,40.7,收银pos,001-收银,2025-12-11 12:10:04,否,1,12
YY000101-251211-0030,JS000101-251211-0028,外卖区域.WM客位204262,,,,1,34.8,0.0,34.8,收银pos,001-收银,2025-12-11 12:08:00,否,1,12
YY000101-251211-0029,JS000101-251211-0027,外卖区域.WM客位204262,,,,1,44.5,0.0,44.5,收银pos,001-收银,2025-12-11 12:04:25,否,1,12
YY000101-251211-0020,JS000101-251211-0025,大厅.A09,,,,2,23.0,0.0,23.0,收银pos,001-收银,2025-12-11 11:57:31,否,0,11
YY000101-251211-0026,JS000101-251211-0024,外卖区域.WM客位204262,,,,1,36.7,0.0,36.7,收银pos,001-收银,2025-12-11 11:49:43,否,1,11
YY000101-251211-0025,JS000101-251211-0023,外卖区域.WM客位204262,,,,1,34.8,0.0,34.8,收银pos,001-收银,2025-12-11 11:48:15,否,1,11
YY000101-251211-0024,JS000101-251211-0022,外卖区域.WM客位204262,,,,1,70.6,0.0,70.6,收银pos,001-收银,2025-12-11 11:44:50,否,1,11
YY000101-251211-0023,JS000101-251211-0021,外卖区域.WM客位204262,,,,1,31.8,0.0,31.8,收银pos,001-收银,2025-12-11 11:43:32,否,1,11
YY000101-251211-0022,JS000101-251211-0020,外卖区域.WM客位204262,,,,1,47.8,0.0,47.8,收银pos,001-收银,2025-12-11 11:41:28,否,1,11
YY000101-251211-0019,JS000101-251211-0019,外卖区域.WM客位204262,,,,1,40.8,0.0,40.8,收银pos,001-收银,2025-12-11 11:27:58,否,1,11
YY000101-251211-0018,JS000101-251211-0018,外卖区域.WM客位204262,,,,1,39.8,0.0,39.8,收银pos,001-收银,2025-12-11 11:26:45,否,1,11
YY000101-251211-0017,JS000101-251211-0017,外卖区域.WM客位204262,,,,1,42.8,0.0,42.8,收银pos,001-收银,2025-12-11 11:25:11,否,1,11
YY000101-251211-0016,JS000101-251211-0016,外卖区域.WM客位204262,,,,1,34.8,0.0,34.8,收银pos,001-收银,2025-12-11 11:23:07,否,1,11
YY000101-251211-0015,JS000101-251211-0015,外卖区域.WM客位204262,,,,1,69.8,0.0,69.8,收银pos,001-收银,2025-12-11 11:22:25,否,1,11
YY000101-251211-0014,JS000101-251211-0014,外卖区域.WM客位204262,,,,1,34.8,0.0,34.8,收银pos,001-收银,2025-12-11 11:18:14,否,1,11
YY000101-251211-0013,JS000101-251211-0013,外卖区域.WM客位204262,,,,1,37.8,0.0,37.8,收银pos,001-收银,2025-12-11 11:16:50,否,1,11
YY000101-251211-0012,JS000101-251211-0012,外卖区域.WM客位204262,,,,1,39.6,0.0,39.6,收银pos,001-收银,2025-12-11 11:16:12,否,1,11
YY000101-251211-0011,JS000101-251211-0011,外卖区域.WM客位204262,,,,1,44.8,0.0,44.8,收银pos,001-收银,2025-12-11 11:03:01,否,1,11
YY000101-251211-0010,JS000101-251211-0010,外卖区域.WM客位204262,,,,1,73.8,0.0,73.8,收银pos,001-收银,2025-12-11 11:02:53,否,1,11
YY000101-251211-0009,JS000101-251211-0009,外卖区域.WM客位204262,,,,1,39.7,0.0,39.7,收银pos,001-收银,2025-12-11 11:00:39,否,1,11
YY000101-251211-0008,JS000101-251211-0008,外卖区域.WM客位204262,,,,1,35.7,0.0,35.7,收银pos,001-收银,2025-12-11 10:57:54,否,1,10
YY000101-251211-0007,JS000101-251211-0007,外卖区域.WM客位204262,,,,1,33.8,0.0,33.8,收银pos,001-收银,2025-12-11 10:57:37,否,1,10
YY000101-251211-0006,JS000101-251211-0006,外卖区域.WM客位204262,,,,1,47.8,0.0,47.8,收银pos,001-收银,2025-12-11 10:53:11,否,1,10
YY000101-251211-0005,JS000101-251211-0005,外卖区域.WM客位204262,,,,1,55.2,0.0,55.2,收银pos,001-收银,2025-12-11 10:50:10,否,1,10
YY000101-251211-0004,JS000101-251211-0004,外卖区域.WM客位204262,,,,1,38.8,0.0,38.8,收银pos,001-收银,2025-12-11 10:50:02,否,1,10
YY000101-251211-0003,JS000101-251211-0003,外卖区域.WM客位204262,,,,1,42.6,0.0,42.6,收银pos,001-收银,2025-12-11 10:49:50,否,1,10
YY000101-251211-0002,JS000101-251211-0002,外卖区域.WM客位204262,,,,1,39.7,0.0,39.7,收银pos,001-收银,2025-12-11 10:41:11,否,1,10
YY000101-251211-0001,JS000101-251211-0001,外卖区域.WM客位204262,,,,1,38.8,0.0,38.8,收银pos,001-收银,2025-12-11 10:33:07,否,1,10
YY000101-251210-0088,JS000101-251210-0088,大厅.A08,,,,2,24.0,0.0,24.0,收银pos,001-收银,2025-12-10 21:11:11,否,0,21
YY000101-251210-0085,JS000101-251210-0087,大厅.A04,,,,2,22.0,22.0,0.0,收银pos,001-收银,2025-12-10 21:10:21,否,0,21
YY000101-251210-0087,JS000101-251210-0086,外卖区域.WM客位204262,,,,1,46.6,0.0,46.6,收银pos,001-收银,2025-12-10 20:58:55,否,1,20
YY000101-251210-0086,JS000101-251210-0085,外卖区域.WM客位204262,,,,1,44.8,0.0,44.8,收银pos,001-收银,2025-12-10 20:56:16,否,1,20
YY000101-251210-0080,JS000101-251210-0084,大厅.A02,,,,3,146.0,24.0,122.0,收银pos,001-收银,2025-12-10 20:55:30,否,0,20
YY000101-251210-0084,JS000101-251210-0083,大厅.A06,,,,2,258.0,0.0,258.0,收银pos,001-收银,2025-12-10 20:52:04,否,0,20
YY000101-251210-0072,JS000101-251210-0082,大厅.A07,,,,2,211.0,0.0,211.0,收银pos,001-收银,2025-12-10 20:51:24,否,0,20
YY000101-251210-0079,JS000101-251210-0081,大厅.A08,,,,4,173.0,0.0,173.0,收银pos,001-收银,2025-12-10 20:51:06,否,0,20
YY000101-251210-0082,JS000101-251210-0080,大厅.A03,,,,2,243.0,0.0,243.0,收银pos,001-收银,2025-12-10 20:45:37,否,0,20
YY000101-251210-0083,JS000101-251210-0079,外卖区域.WM客位204262,,,,1,35.7,0.0,35.7,收银pos,001-收银,2025-12-10 20:04:20,否,1,20
YY000101-251210-0081,JS000101-251210-0078,外卖区域.WM客位204262,,,,1,66.1,0.0,66.1,收银pos,001-收银,2025-12-10 19:54:11,否,1,19
YY000101-251210-0070,JS000101-251210-0077,大厅.A04,,,,2,20.0,0.0,20.0,收银pos,001-收银,2025-12-10 19:50:27,否,0,19
YY000101-251210-0078,JS000101-251210-0076,外卖区域.WM客位204262,,,,1,94.5,0.0,94.5,收银pos,001-收银,2025-12-10 19:34:26,否,1,19
YY000101-251210-0073,JS000101-251210-0069,大厅.A09,,,,2,178.0,0.0,178.0,收银pos,001-收银,2025-12-10 19:30:39,否,0,19
YY000101-251210-0071,JS000101-251210-0068,大厅.A08,,,,2,278.0,0.0,278.0,收银pos,001-收银,2025-12-10 19:30:35,否,0,19
YY000101-251210-0069,JS000101-251210-0066,大厅.A03,,,,2,178.0,0.0,178.0,收银pos,001-收银,2025-12-10 19:30:31,否,0,19
YY000101-251210-0077,JS000101-251210-0075,外卖区域.WM客位204262,,,,1,50.8,0.0,50.8,收银pos,001-收银,2025-12-10 19:27:50,否,1,19
YY000101-251210-0068,JS000101-251210-0074,大厅.A06,,,,3,125.0,0.0,125.0,收银pos,001-收银,2025-12-10 19:26:59,否,0,19
YY000101-251210-0076,JS000101-251210-0073,外卖区域.WM客位204262,,,,1,47.6,0.0,47.6,收银pos,001-收银,2025-12-10 19:26:41,否,1,19
YY000101-251210-0064,JS000101-251210-0072,大厅.A05,,,,2,157.0,0.0,157.0,收银pos,001-收银,2025-12-10 19:24:05,否,0,19
YY000101-251210-0075,JS000101-251210-0071,外卖区域.WM客位204262,,,,1,34.8,0.0,34.8,收银pos,001-收银,2025-12-10 19:23:47,否,1,19
YY000101-251210-0074,JS000101-251210-0070,外卖区域.WM客位204262,,,,1,41.7,0.0,41.7,收银pos,001-收银,2025-12-10 19:14:44,否,1,19
YY000101-251210-0065,JS000101-251210-0067,大厅.A02,,,,1,108.0,0.0,108.0,收银pos,001-收银,2025-12-10 19:05:55,否,0,19
YY000101-251210-0063,JS000101-251210-0065,大厅.A09,,,,2,57.0,0.0,57.0,收银pos,001-收银,2025-12-10 18:53:56,否,0,18
YY000101-251210-0062,JS000101-251210-0062,大厅.A04,,,,2,278.0,0.0,278.0,收银pos,001-收银,2025-12-10 18:49:17,否,0,18
YY000101-251210-0067,JS000101-251210-0064,外卖区域.WM客位204262,,,,1,45.8,0.0,45.8,收银pos,001-收银,2025-12-10 18:49:15,否,1,18
YY000101-251210-0066,JS000101-251210-0063,外卖区域.WM客位204262,,,,1,75.8,0.0,75.8,收银pos,001-收银,2025-12-10 18:46:51,否,1,18
YY000101-251210-0055,JS000101-251210-0061,大厅.A03,,,,1,216.0,39.6,176.4,收银pos,001-收银,2025-12-10 18:16:45,否,0,18
YY000101-251210-0061,JS000101-251210-0060,外卖区域.WM客位204262,,,,1,34.7,0.0,34.7,收银pos,001-收银,2025-12-10 18:12:21,否,1,18
YY000101-251210-0060,JS000101-251210-0059,外卖区域.WM客位204262,,,,1,46.2,0.0,46.2,收银pos,001-收银,2025-12-10 18:10:53,否,1,18
YY000101-251210-0056,JS000101-251210-0058,大厅.A05,,,,3,259.0,0.0,259.0,收银pos,001-收银,2025-12-10 18:07:48,否,0,18
YY000101-251210-0059,JS000101-251210-0057,外卖区域.WM客位204262,,,,1,34.8,0.0,34.8,收银pos,001-收银,2025-12-10 17:56:51,否,1,17
YY000101-251210-0058,JS000101-251210-0056,外卖区域.WM客位204262,,,,1,42.8,0.0,42.8,收银pos,001-收银,2025-12-10 17:54:02,否,1,17
YY000101-251210-0057,JS000101-251210-0055,大厅.A10,,,,2,36.0,0.0,36.0,收银pos,001-收银,2025-12-10 17:34:01,否,0,17
YY000101-251210-0054,JS000101-251210-0054,外卖区域.WM客位204262,,,,1,47.8,0.0,47.8,收银pos,001-收银,2025-12-10 17:23:11,否,1,17
YY000101-251210-0053,JS000101-251210-0053,外卖区域.WM客位204262,,,,1,68.6,0.0,68.6,收银pos,001-收银,2025-12-10 17:20:46,否,1,17
YY000101-251210-0052,JS000101-251210-0052,大厅.A06,,,,1,22.0,0.0,22.0,收银pos,001-收银,2025-12-10 17:18:30,否,0,17
YY000101-251210-0051,JS000101-251210-0051,外卖区域.WM客位204262,,,,1,34.8,0.0,34.8,收银pos,001-收银,2025-12-10 17:07:31,否,1,17
YY000101-251210-0050,JS000101-251210-0050,外卖区域.WM客位204262,,,,1,41.7,0.0,41.7,收银pos,001-收银,2025-12-10 16:36:24,否,1,16
YY000101-251210-0049,JS000101-251210-0049,外卖区域.WM客位204262,,,,1,52.6,0.0,52.6,收银pos,001-收银,2025-12-10 16:27:41,否,1,16
YY000101-251210-0048,JS000101-251210-0048,外卖区域.WM客位204262,,,,1,51.8,0.0,51.8,收银pos,001-收银,2025-12-10 16:23:15,否,1,16
YY000101-251210-0047,JS000101-251210-0047,外卖区域.WM客位204262,,,,1,35.8,0.0,35.8,收银pos,001-收银,2025-12-10 15:39:00,否,1,15
YY000101-251210-0046,JS000101-251210-0046,外卖区域.WM客位204262,,,,1,86.0,0.0,86.0,收银pos,001-收银,2025-12-10 15:14:03,否,1,15
YY000101-251210-0042,JS000101-251210-0045,大厅.A06,,,,2,232.0,45.6,186.4,收银pos,001-收银,2025-12-10 15:07:10,否,0,15
YY000101-251210-0045,JS000101-251210-0044,大厅.A11,,,,2,50.0,0.0,50.0,收银pos,001-收银,2025-12-10 14:43:12,否,0,14
YY000101-251210-0044,JS000101-251210-0043,外卖区域.WM客位204262,,,,1,46.5,0.0,46.5,收银pos,001-收银,2025-12-10 14:42:52,否,1,14
YY000101-251210-0043,JS000101-251210-0042,大厅.A11,,,,1,28.0,0.0,28.0,收银pos,001-收银,2025-12-10 14:27:36,否,0,14
YY000101-251210-0041,JS000101-251210-0041,外卖区域.WM客位204262,,,,1,36.6,0.0,36.6,收银pos,001-收银,2025-12-10 14:07:48,否,1,14
YY000101-251210-0036,JS000101-251210-0040,大厅.A05,,,,2,248.0,0.0,248.0,收银pos,001-收银,2025-12-10 14:07:16,否,0,14
YY000101-251210-0040,JS000101-251210-0039,外卖区域.WM客位204262,,,,1,34.8,0.0,34.8,收银pos,001-收银,2025-12-10 13:48:59,否,1,13
YY000101-251210-0039,JS000101-251210-0038,外卖区域.WM客位204262,,,,1,35.8,0.0,35.8,收银pos,001-收银,2025-12-10 13:47:25,否,1,13
YY000101-251210-0038,JS000101-251210-0037,外卖区域.WM客位204262,,,,1,57.8,0.0,57.8,收银pos,001-收银,2025-12-10 13:36:05,否,1,13
YY000101-251210-0037,JS000101-251210-0036,大厅.A11,,,,1,22.0,0.0,22.0,收银pos,001-收银,2025-12-10 13:35:06,否,0,13
YY000101-251210-0035,JS000101-251210-0035,外卖区域.WM客位204262,,,,1,32.8,0.0,32.8,收银pos,001-收银,2025-12-10 13:19:32,否,1,13
YY000101-251210-0034,JS000101-251210-0034,外卖区域.WM客位204262,,,,1,34.8,0.0,34.8,收银pos,001-收银,2025-12-10 13:19:25,否,1,13
YY000101-251210-0030,JS000101-251210-0033,大厅.A04,,,,1,34.0,0.0,34.0,收银pos,001-收银,2025-12-10 13:17:07,否,0,13
YY000101-251210-0033,JS000101-251210-0032,外卖区域.WM客位204262,,,,1,60.8,0.0,60.8,收银pos,001-收银,2025-12-10 13:05:09,否,1,13
YY000101-251210-0032,JS000101-251210-0031,外卖区域.WM客位204262,,,,1,84.6,0.0,84.6,收银pos,001-收银,2025-12-10 12:58:11,否,1,12
YY000101-251210-0031,JS000101-251210-0030,外卖区域.WM客位204262,,,,1,32.8,0.0,32.8,收银pos,001-收银,2025-12-10 12:49:14,否,1,12
YY000101-251210-0025,JS000101-251210-0029,大厅.A11,,,,2,26.0,0.0,26.0,收银pos,001-收银,2025-12-10 12:44:36,否,0,12
YY000101-251210-0029,JS000101-251210-0028,外卖区域.WM客位204262,,,,1,39.8,0.0,39.8,收银pos,001-收银,2025-12-10 12:43:32,否,1,12
YY000101-251210-0028,JS000101-251210-0027,外卖区域.WM客位204262,,,,1,43.8,0.0,43.8,收银pos,001-收银,2025-12-10 12:42:54,否,1,12
YY000101-251210-0027,JS000101-251210-0026,外卖区域.WM客位204262,,,,1,27.8,0.0,27.8,收银pos,001-收银,2025-12-10 12:29:03,否,1,12
YY000101-251210-0015,JS000101-251210-0025,大厅.A03,,,,2,75.0,0.0,75.0,收银pos,001-收银,2025-12-10 12:23:35,否,0,12
YY000101-251210-0026,JS000101-251210-0024,外卖区域.WM客位204262,,,,1,35.8,0.0,35.8,收银pos,001-收银,2025-12-10 12:21:45,否,1,12
YY000101-251210-0024,JS000101-251210-0023,大厅.A11,,,,2,25.0,0.0,25.0,收银pos,001-收银,2025-12-10 12:18:18,否,0,12
YY000101-251210-0023,JS000101-251210-0022,大厅.A09,,,,2,22.0,0.0,22.0,收银pos,001-收银,2025-12-10 12:18:11,否,0,12
YY000101-251210-0022,JS000101-251210-0021,外卖区域.WM客位204262,,,,1,31.8,0.0,31.8,收银pos,001-收银,2025-12-10 12:07:50,否,1,12
YY000101-251210-0021,JS000101-251210-0020,外卖区域.WM客位204262,,,,1,69.7,0.0,69.7,收银pos,001-收银,2025-12-10 11:59:32,否,1,11
YY000101-251210-0020,JS000101-251210-0019,外卖区域.WM客位204262,,,,1,32.8,0.0,32.8,收银pos,001-收银,2025-12-10 11:59:04,否,1,11
YY000101-251210-0019,JS000101-251210-0018,外卖区域.WM客位204262,,,,1,36.8,0.0,36.8,收银pos,001-收银,2025-12-10 11:58:56,否,1,11
YY000101-251210-0018,JS000101-251210-0017,外卖区域.WM客位204262,,,,1,69.8,0.0,69.8,收银pos,001-收银,2025-12-10 11:53:55,否,1,11
YY000101-251210-0017,JS000101-251210-0016,外卖区域.WM客位204262,,,,1,46.2,0.0,46.2,收银pos,001-收银,2025-12-10 11:52:52,否,1,11
YY000101-251210-0016,JS000101-251210-0015,外卖区域.WM客位204262,,,,1,46.7,0.0,46.7,收银pos,001-收银,2025-12-10 11:49:27,否,1,11
YY000101-251210-0014,JS000101-251210-0014,外卖区域.WM客位204262,,,,1,31.8,0.0,31.8,收银pos,001-收银,2025-12-10 11:38:13,否,1,11
YY000101-251210-0013,JS000101-251210-0013,外卖区域.WM客位204262,,,,1,34.8,0.0,34.8,收银pos,001-收银,2025-12-10 11:36:39,否,1,11
YY000101-251210-0012,JS000101-251210-0012,外卖区域.WM客位204262,,,,1,34.8,0.0,34.8,收银pos,001-收银,2025-12-10 11:35:05,否,1,11
YY000101-251210-0011,JS000101-251210-0011,外卖区域.WM客位204262,,,,1,50.2,0.0,50.2,收银pos,001-收银,2025-12-10 11:33:27,否,1,11
YY000101-251210-0010,JS000101-251210-0010,外卖区域.WM客位204262,,,,1,42.3,0.0,42.3,收银pos,001-收银,2025-12-10 11:31:12,否,1,11
YY000101-251210-0009,JS000101-251210-0009,外卖区域.WM客位204262,,,,1,34.8,0.0,34.8,收银pos,001-收银,2025-12-10 11:29:49,否,1,11
YY000101-251210-0008,JS000101-251210-0008,外卖区域.WM客位204262,,,,1,31.8,0.0,31.8,收银pos,001-收银,2025-12-10 11:23:52,否,1,11
YY000101-251210-0007,JS000101-251210-0007,外卖区域.WM客位204262,,,,1,34.8,0.0,34.8,收银pos,001-收银,2025-12-10 11:23:19,否,1,11
YY000101-251210-0006,JS000101-251210-0006,外卖区域.WM客位204262,,,,1,27.8,0.0,27.8,收银pos,001-收银,2025-12-10 11:18:34,否,1,11
YY000101-251210-0005,JS000101-251210-0005,外卖区域.WM客位204262,,,,1,38.8,0.0,38.8,收银pos,001-收银,2025-12-10 11:16:24,否,1,11
YY000101-251210-0004,JS000101-251210-0004,外卖区域.WM客位204262,,,,1,35.8,0.0,35.8,收银pos,001-收银,2025-12-10 10:49:34,否,1,10
YY000101-251210-0003,JS000101-251210-0003,外卖区域.WM客位204262,,,,1,38.8,0.0,38.8,收银pos,001-收银,2025-12-10 10:37:14,否,1,10
YY000101-251210-0002,JS000101-251210-0002,外卖区域.WM客位204262,,,,1,39.8,0.0,39.8,收银pos,001-收银,2025-12-10 10:34:14,否,1,10
YY000101-251210-0001,JS000101-251210-0001,外卖区域.WM客位204262,,,,1,49.7,0.0,49.7,收银pos,001-收银,2025-12-10 10:24:58,否,1,10
YY000101-251209-0092,JS000101-251209-0088,大厅.A07,,,,2,201.8,0.0,201.8,收银pos,001-收银,2025-12-09 21:06:16,否,0,21
YY000101-251209-0091,JS000101-251209-0087,外卖区域.WM客位204262,,,,1,32.8,0.0,32.8,收银pos,001-收银,2025-12-09 20:48:33,否,1,20
YY000101-251209-0090,JS000101-251209-0086,外卖区域.WM客位204262,,,,1,28.8,0.0,28.8,收银pos,001-收银,2025-12-09 20:48:20,否,1,20
YY000101-251209-0087,JS000101-251209-0085,大厅.A07,,,,1,70.0,0.0,70.0,收银pos,001-收银,2025-12-09 20:33:03,否,0,20
YY000101-251209-0089,JS000101-251209-0084,外卖区域.WM客位204262,,,,1,36.8,0.0,36.8,收银pos,001-收银,2025-12-09 20:32:38,否,1,20
YY000101-251209-0084,JS000101-251209-0083,大厅.A03,,,,2,52.0,0.0,52.0,收银pos,001-收银,2025-12-09 20:31:07,否,0,20
YY000101-251209-0088,JS000101-251209-0082,外卖区域.WM客位204262,,,,1,51.7,0.0,51.7,收银pos,001-收银,2025-12-09 20:25:05,否,1,20
YY000101-251209-0076,JS000101-251209-0081,大厅.A05,,,,3,257.0,63.6,193.4,收银pos,001-收银,2025-12-09 20:14:54,否,0,20
YY000101-251209-0082,JS000101-251209-0080,大厅.A11,,,,2,151.0,53.8,97.2,收银pos,001-收银,2025-12-09 20:00:28,否,0,20
YY000101-251209-0086,JS000101-251209-0079,外卖区域.WM客位204262,,,,1,27.8,0.0,27.8,收银pos,001-收银,2025-12-09 19:50:26,否,1,19
YY000101-251209-0068,JS000101-251209-0078,大厅.A08,,,,6,424.0,165.8,258.2,收银pos,001-收银,2025-12-09 19:49:33,否,0,19
YY000101-251209-0085,JS000101-251209-0077,外卖区域.WM客位204262,,,,1,45.8,0.0,45.8,收银pos,001-收银,2025-12-09 19:45:16,否,1,19
YY000101-251209-0083,JS000101-251209-0076,外卖区域.WM客位204262,,,,1,34.8,0.0,34.8,收银pos,001-收银,2025-12-09 19:39:29,否,1,19
YY000101-251209-0071,JS000101-251209-0075,大厅.A03,,,,3,13.0,0.0,13.0,收银pos,001-收银,2025-12-09 19:33:16,否,0,19
YY000101-251209-0075,JS000101-251209-0067,大厅.A09,,,,2,36.0,0.0,36.0,收银pos,001-收银,2025-12-09 19:29:11,否,0,19
YY000101-251209-0070,JS000101-251209-0074,大厅.A07,,,,5,554.0,119.2,434.8,收银pos,001-收银,2025-12-09 19:24:31,否,0,19
YY000101-251209-0073,JS000101-251209-0073,大厅.A04,,,,4,470.0,0.0,470.0,收银pos,001-收银,2025-12-09 19:17:51,否,0,19
YY000101-251209-0080,JS000101-251209-0072,外卖区域.WM客位204262,,,,1,35.8,0.0,35.8,收银pos,001-收银,2025-12-09 19:00:17,否,1,19
YY000101-251209-0079,JS000101-251209-0071,外卖区域.WM客位204262,,,,1,35.8,0.0,35.8,收银pos,001-收银,2025-12-09 18:59:29,否,1,18
YY000101-251209-0077,JS000101-251209-0069,外卖区域.WM客位204262,,,,1,31.8,0.0,31.8,收银pos,001-收银,2025-12-09 18:55:42,否,1,18
YY000101-251209-0069,JS000101-251209-0068,大厅.A06,,,,2,76.0,0.0,76.0,收银pos,001-收银,2025-12-09 18:53:16,否,0,18
YY000101-251209-0072,JS000101-251209-0066,外卖区域.WM客位204262,,,,1,34.8,0.0,34.8,收银pos,001-收银,2025-12-09 18:32:08,否,1,18
YY000101-251209-0067,JS000101-251209-0065,大厅.A03,,,,3,178.0,0.0,178.0,收银pos,001-收银,2025-12-09 18:24:09,否,0,18
YY000101-251209-0066,JS000101-251209-0064,外卖区域.WM客位204262,,,,1,41.7,0.0,41.7,收银pos,001-收银,2025-12-09 18:09:37,否,1,18
YY000101-251209-0065,JS000101-251209-0063,外卖区域.WM客位204262,,,,1,43.6,0.0,43.6,收银pos,001-收银,2025-12-09 18:07:33,否,1,18
YY000101-251209-0064,JS000101-251209-0062,大厅.A06,,,,2,278.0,0.0,278.0,收银pos,001-收银,2025-12-09 18:04:43,否,0,18
YY000101-251209-0063,JS000101-251209-0061,外卖区域.WM客位204262,,,,1,35.8,0.0,35.8,收银pos,001-收银,2025-12-09 17:43:04,否,1,17
YY000101-251209-0062,JS000101-251209-0060,外卖区域.WM客位204262,,,,1,35.8,0.0,35.8,收银pos,001-收银,2025-12-09 17:39:49,否,1,17
YY000101-251209-0061,JS000101-251209-0059,外卖区域.WM客位204262,,,,1,34.8,0.0,34.8,收银pos,001-收银,2025-12-09 17:26:18,否,1,17
YY000101-251209-0060,JS000101-251209-0058,外卖区域.WM客位204262,,,,1,40.8,0.0,40.8,收银pos,001-收银,2025-12-09 17:18:35,否,1,17
YY000101-251209-0058,JS000101-251209-0057,外卖区域.WM客位204262,,,,1,29.7,0.0,29.7,收银pos,001-收银,2025-12-09 16:51:51,否,1,16
YY000101-251209-0057,JS000101-251209-0056,外卖区域.WM客位204262,,,,1,41.7,0.0,41.7,收银pos,001-收银,2025-12-09 16:35:48,否,1,16
YY000101-251209-0056,JS000101-251209-0055,外卖区域.WM客位204262,,,,1,101.4,0.0,101.4,收银pos,001-收银,2025-12-09 16:26:50,否,1,16
YY000101-251209-0054,JS000101-251209-0054,大厅.A06,,,,2,50.0,0.0,50.0,收银pos,001-收银,2025-12-09 16:18:40,否,0,16
YY000101-251209-0055,JS000101-251209-0053,外卖区域.WM客位204262,,,,1,34.8,0.0,34.8,收银pos,001-收银,2025-12-09 16:07:40,否,1,16
YY000101-251209-0053,JS000101-251209-0052,外卖区域.WM客位204262,,,,1,43.8,0.0,43.8,收银pos,001-收银,2025-12-09 15:44:22,否,1,15
YY000101-251209-0052,JS000101-251209-0051,外卖区域.WM客位204262,,,,1,38.8,0.0,38.8,收银pos,001-收银,2025-12-09 15:18:47,否,1,15
YY000101-251209-0051,JS000101-251209-0050,外卖区域.WM客位204262,,,,1,43.6,0.0,43.6,收银pos,001-收银,2025-12-09 15:18:46,否,1,15
YY000101-251209-0050,JS000101-251209-0049,外卖区域.WM客位204262,,,,1,45.8,0.0,45.8,收银pos,001-收银,2025-12-09 15:11:02,否,1,15
YY000101-251209-0049,JS000101-251209-0048,外卖区域.WM客位204262,,,,1,45.8,0.0,45.8,收银pos,001-收银,2025-12-09 14:50:07,否,1,14
YY000101-251209-0048,JS000101-251209-0047,外卖区域.WM客位204262,,,,1,36.6,0.0,36.6,收银pos,001-收银,2025-12-09 14:46:42,否,1,14
YY000101-251209-0047,JS000101-251209-0046,外卖区域.WM客位204262,,,,1,29.6,0.0,29.6,收银pos,001-收银,2025-12-09 14:46:19,否,1,14
YY000101-251209-0046,JS000101-251209-0045,外卖区域.WM客位204262,,,,1,34.8,0.0,34.8,收银pos,001-收银,2025-12-09 14:32:03,否,1,14
YY000101-251209-0045,JS000101-251209-0044,外卖区域.WM客位204262,,,,1,37.6,0.0,37.6,收银pos,001-收银,2025-12-09 14:19:32,否,1,14
YY000101-251209-0044,JS000101-251209-0043,外卖区域.WM客位204262,,,,1,71.7,0.0,71.7,收银pos,001-收银,2025-12-09 14:00:57,否,1,14
YY000101-251209-0042,JS000101-251209-0042,大厅.A01,,,,2,72.0,0.0,72.0,收银pos,001-收银,2025-12-09 13:38:03,否,0,13
YY000101-251209-0039,JS000101-251209-0041,大厅.A06,,,,1,24.0,0.0,24.0,收银pos,001-收银,2025-12-09 13:25:05,否,0,13
YY000101-251209-0043,JS000101-251209-0040,外卖区域.WM客位204262,,,,1,63.9,0.0,63.9,收银pos,001-收银,2025-12-09 13:24:42,否,1,13
YY000101-251209-0041,JS000101-251209-0039,外卖区域.WM客位204262,,,,1,50.8,0.0,50.8,收银pos,001-收银,2025-12-09 13:20:57,否,1,13
YY000101-251209-0040,JS000101-251209-0038,外卖区域.WM客位204262,,,,1,41.8,0.0,41.8,收银pos,001-收银,2025-12-09 13:14:05,否,1,13
YY000101-251209-0038,JS000101-251209-0037,外卖区域.WM客位204262,,,,1,31.8,0.0,31.8,收银pos,001-收银,2025-12-09 12:50:42,否,1,12
YY000101-251209-0028,JS000101-251209-0036,大厅.A02,,,,2,66.0,0.0,66.0,收银pos,001-收银,2025-12-09 12:44:33,否,0,12
YY000101-251209-0030,JS000101-251209-0035,大厅.A09,,,,3,99.0,0.0,99.0,收银pos,001-收银,2025-12-09 12:43:32,否,0,12
YY000101-251209-0037,JS000101-251209-0034,外卖区域.WM客位204262,,,,1,34.8,0.0,34.8,收银pos,001-收银,2025-12-09 12:29:51,否,1,12
YY000101-251209-0034,JS000101-251209-0033,大厅.A03,,,,2,23.8,0.0,23.8,收银pos,001-收银,2025-12-09 12:29:17,否,0,12
YY000101-251209-0036,JS000101-251209-0032,外卖区域.WM客位204262,,,,1,34.8,0.0,34.8,收银pos,001-收银,2025-12-09 12:29:07,否,1,12
YY000101-251209-0035,JS000101-251209-0031,外卖区域.WM客位204262,,,,1,47.8,0.0,47.8,收银pos,001-收银,2025-12-09 12:29:00,否,1,12
YY000101-251209-0027,JS000101-251209-0030,大厅.A06,,,,1,22.0,0.0,22.0,收银pos,001-收银,2025-12-09 12:28:36,否,0,12
YY000101-251209-0033,JS000101-251209-0029,外卖区域.WM客位204262,,,,1,43.8,0.0,43.8,收银pos,001-收银,2025-12-09 12:26:10,否,1,12
YY000101-251209-0032,JS000101-251209-0028,大厅.A10,,,,2,23.0,0.0,23.0,收银pos,001-收银,2025-12-09 12:20:36,否,0,12
YY000101-251209-0031,JS000101-251209-0027,外卖区域.WM客位204262,,,,1,36.6,0.0,36.6,收银pos,001-收银,2025-12-09 12:12:29,否,1,12
YY000101-251209-0029,JS000101-251209-0026,外卖区域.WM客位204262,,,,1,40.7,0.0,40.7,收银pos,001-收银,2025-12-09 12:08:58,否,1,12
YY000101-251209-0010,JS000101-251209-0025,大厅.A08,,,,4,550.0,243.6,306.4,收银pos,001-收银,2025-12-09 12:01:33,否,0,12
YY000101-251209-0026,JS000101-251209-0024,外卖区域.WM客位204262,,,,1,39.8,0.0,39.8,收银pos,001-收银,2025-12-09 11:51:25,否,1,11
YY000101-251209-0024,JS000101-251209-0023,外卖区域.WM客位204262,,,,1,58.8,0.0,58.8,收银pos,001-收银,2025-12-09 11:50:37,否,1,11
YY000101-251209-0023,JS000101-251209-0022,外卖区域.WM客位204262,,,,1,27.8,0.0,27.8,收银pos,001-收银,2025-12-09 11:48:43,否,1,11
YY000101-251209-0022,JS000101-251209-0021,外卖区域.WM客位204262,,,,1,37.8,0.0,37.8,收银pos,001-收银,2025-12-09 11:41:21,否,1,11
YY000101-251209-0021,JS000101-251209-0020,外卖区域.WM客位204262,,,,1,38.6,0.0,38.6,收银pos,001-收银,2025-12-09 11:36:55,否,1,11
YY000101-251209-0020,JS000101-251209-0019,外卖区域.WM客位204262,,,,1,32.8,0.0,32.8,收银pos,001-收银,2025-12-09 11:35:06,否,1,11
YY000101-251209-0019,JS000101-251209-0018,外卖区域.WM客位204262,,,,1,32.8,0.0,32.8,收银pos,001-收银,2025-12-09 11:29:50,否,1,11
YY000101-251209-0018,JS000101-251209-0017,外卖区域.WM客位204262,,,,1,57.8,0.0,57.8,收银pos,001-收银,2025-12-09 11:28:27,否,1,11
YY000101-251209-0017,JS000101-251209-0016,外卖区域.WM客位204262,,,,1,36.7,0.0,36.7,收银pos,001-收银,2025-12-09 11:28:15,否,1,11
YY000101-251209-0016,JS000101-251209-0015,外卖区域.WM客位204262,,,,1,33.8,0.0,33.8,收银pos,001-收银,2025-12-09 11:22:19,否,1,11
YY000101-251209-0015,JS000101-251209-0014,外卖区域.WM客位204262,,,,1,32.8,0.0,32.8,收银pos,001-收银,2025-12-09 11:22:12,否,1,11
YY000101-251209-0014,JS000101-251209-0013,外卖区域.WM客位204262,,,,1,35.8,0.0,35.8,收银pos,001-收银,2025-12-09 11:21:54,否,1,11
YY000101-251209-0013,JS000101-251209-0012,外卖区域.WM客位204262,,,,1,36.8,0.0,36.8,收银pos,001-收银,2025-12-09 11:17:28,否,1,11
YY000101-251209-0012,JS000101-251209-0011,外卖区域.WM客位204262,,,,1,41.7,0.0,41.7,收银pos,001-收银,2025-12-09 11:17:00,否,1,11
YY000101-251209-0011,JS000101-251209-0010,外卖区域.WM客位204262,,,,1,46.7,0.0,46.7,收银pos,001-收银,2025-12-09 11:14:11,否,1,11
YY000101-251209-0009,JS000101-251209-0009,外卖区域.WM客位204262,,,,1,52.6,0.0,52.6,收银pos,001-收银,2025-12-09 11:10:46,否,1,11
YY000101-251209-0008,JS000101-251209-0008,外卖区域.WM客位204262,,,,1,32.8,0.0,32.8,收银pos,001-收银,2025-12-09 11:09:43,否,1,11
YY000101-251209-0007,JS000101-251209-0007,外卖区域.WM客位204262,,,,1,62.8,0.0,62.8,收银pos,001-收银,2025-12-09 11:09:11,否,1,11
YY000101-251209-0006,JS000101-251209-0006,外卖区域.WM客位204262,,,,1,39.7,0.0,39.7,收银pos,001-收银,2025-12-09 11:06:21,否,1,11
YY000101-251209-0004,JS000101-251209-0004,外卖区域.WM客位204262,,,,1,32.8,0.0,32.8,收银pos,001-收银,2025-12-09 10:50:03,否,1,10
YY000101-251209-0003,JS000101-251209-0003,外卖区域.WM客位204262,,,,1,38.8,0.0,38.8,收银pos,001-收银,2025-12-09 10:34:26,否,1,10
YY000101-251209-0002,JS000101-251209-0002,外卖区域.WM客位204262,,,,1,34.8,0.0,34.8,收银pos,001-收银,2025-12-09 10:21:55,否,1,10
YY000101-251209-0001,JS000101-251209-0001,外卖区域.WM客位204262,,,,1,34.7,0.0,34.7,收银pos,001-收银,2025-12-09 09:40:58,否,1,9
YY000101-251208-0085,JS000101-251208-0085,大厅.A01,,,,2,23.8,0.0,23.8,收银pos,001-收银,2025-12-08 21:27:35,否,0,21
YY000101-251208-0084,JS000101-251208-0084,外卖区域.WM客位204262,,,,1,43.8,0.0,43.8,收银pos,001-收银,2025-12-08 20:33:20,否,1,20
YY000101-251208-0083,JS000101-251208-0083,外卖区域.WM客位204262,,,,1,47.8,0.0,47.8,收银pos,001-收银,2025-12-08 20:25:21,否,1,20
YY000101-251208-0082,JS000101-251208-0082,外卖区域.WM客位204262,,,,1,44.8,0.0,44.8,收银pos,001-收银,2025-12-08 20:14:47,否,1,20
YY000101-251208-0078,JS000101-251208-0078,大厅.A07,,,,2,363.0,0.0,363.0,收银pos,001-收银,2025-12-08 20:04:31,否,0,20
YY000101-251208-0081,JS000101-251208-0081,外卖区域.WM客位204262,,,,1,28.8,0.0,28.8,收银pos,001-收银,2025-12-08 19:51:39,否,1,19
YY000101-251208-0075,JS000101-251208-0075,大厅.A04,,,,2,278.0,0.0,278.0,收银pos,001-收银,2025-12-08 19:47:18,否,0,19
YY000101-251208-0077,JS000101-251208-0077,大厅.A08,,,,2,352.0,0.0,352.0,收银pos,001-收银,2025-12-08 19:29:48,否,0,19
YY000101-251208-0080,JS000101-251208-0080,外卖区域.WM客位204262,,,,1,40.04,0.0,40.04,收银pos,001-收银,2025-12-08 19:22:18,否,1,19
YY000101-251208-0079,JS000101-251208-0079,外卖区域.WM客位204262,,,,1,29.6,0.0,29.6,收银pos,001-收银,2025-12-08 19:19:02,否,1,19
YY000101-251208-0076,JS000101-251208-0076,外卖区域.WM客位204262,,,,1,34.8,0.0,34.8,收银pos,001-收银,2025-12-08 18:55:39,否,1,18
YY000101-251208-0074,JS000101-251208-0074,外卖区域.WM客位204262,,,,1,32.8,0.0,32.8,收银pos,001-收银,2025-12-08 18:51:14,否,1,18
YY000101-251208-0073,JS000101-251208-0073,外卖区域.WM客位204262,,,,1,34.8,0.0,34.8,收银pos,001-收银,2025-12-08 18:46:58,否,1,18
YY000101-251208-0072,JS000101-251208-0072,外卖区域.WM客位204262,,,,1,27.8,0.0,27.8,收银pos,001-收银,2025-12-08 18:44:14,否,1,18
YY000101-251208-0071,JS000101-251208-0071,外卖区域.WM客位204262,,,,1,32.8,0.0,32.8,收银pos,001-收银,2025-12-08 18:40:44,否,1,18
YY000101-251208-0070,JS000101-251208-0070,外卖区域.WM客位204262,,,,1,32.8,0.0,32.8,收银pos,001-收银,2025-12-08 18:39:25,否,1,18
YY000101-251208-0069,JS000101-251208-0069,外卖区域.WM客位204262,,,,1,34.8,0.0,34.8,收银pos,001-收银,2025-12-08 18:37:26,否,1,18
YY000101-251208-0068,JS000101-251208-0068,外卖区域.WM客位204262,,,,1,45.8,0.0,45.8,收银pos,001-收银,2025-12-08 18:35:22,否,1,18
YY000101-251208-0067,JS000101-251208-0067,外卖区域.WM客位204262,,,,1,45.8,0.0,45.8,收银pos,001-收银,2025-12-08 18:34:04,否,1,18
YY000101-251208-0066,JS000101-251208-0066,大厅.A01,,,,2,23.8,0.0,23.8,收银pos,001-收银,2025-12-08 18:18:28,否,0,18
YY000101-251208-0065,JS000101-251208-0065,外卖区域.WM客位204262,,,,1,69.4,0.0,69.4,收银pos,001-收银,2025-12-08 17:47:28,否,1,17
YY000101-251208-0064,JS000101-251208-0064,外卖区域.WM客位204262,,,,1,49.7,0.0,49.7,收银pos,001-收银,2025-12-08 17:32:47,否,1,17
YY000101-251208-0063,JS000101-251208-0063,大厅.A06,,,,1,22.0,0.0,22.0,收银pos,001-收银,2025-12-08 17:22:58,否,0,17
YY000101-251208-0062,JS000101-251208-0062,外卖区域.WM客位204262,,,,1,29.7,0.0,29.7,收银pos,001-收银,2025-12-08 17:00:45,否,1,17
YY000101-251208-0061,JS000101-251208-0061,外卖区域.WM客位204262,,,,1,34.6,0.0,34.6,收银pos,001-收银,2025-12-08 14:59:19,否,1,14
YY000101-251208-0060,JS000101-251208-0060,外卖区域.WM客位204262,,,,1,33.8,0.0,33.8,收银pos,001-收银,2025-12-08 14:47:34,否,1,14
YY000101-251208-0059,JS000101-251208-0059,外卖区域.WM客位204262,,,,1,36.6,0.0,36.6,收银pos,001-收银,2025-12-08 14:30:11,否,1,14
YY000101-251208-0058,JS000101-251208-0058,大厅.A09,,,,1,22.0,0.0,22.0,收银pos,001-收银,2025-12-08 14:17:08,否,0,14
YY000101-251208-0057,JS000101-251208-0057,外卖区域.WM客位204262,,,,1,40.7,0.0,40.7,收银pos,001-收银,2025-12-08 14:09:30,否,1,14
YY000101-251208-0056,JS000101-251208-0056,外卖区域.WM客位204262,,,,1,33.8,0.0,33.8,收银pos,001-收银,2025-12-08 14:05:00,否,1,14
YY000101-251208-0055,JS000101-251208-0055,外卖区域.WM客位204262,,,,1,41.8,0.0,41.8,收银pos,001-收银,2025-12-08 14:04:43,否,1,14
YY000101-251208-0054,JS000101-251208-0054,外卖区域.WM客位204262,,,,1,42.7,0.0,42.7,收银pos,001-收银,2025-12-08 13:51:57,否,1,13
YY000101-251208-0052,JS000101-251208-0053,大厅.A02,,,,3,82.0,0.0,82.0,收银pos,001-收银,2025-12-08 13:45:39,否,0,13
YY000101-251208-0053,JS000101-251208-0052,外卖区域.WM客位204262,,,,1,38.7,0.0,38.7,收银pos,001-收银,2025-12-08 13:17:09,否,1,13
YY000101-251208-0028,JS000101-251208-0051,大厅.A08,,,,3,365.0,0.0,365.0,收银pos,001-收银,2025-12-08 13:16:08,否,0,13
YY000101-251208-0051,JS000101-251208-0050,外卖区域.WM客位204262,,,,1,43.7,0.0,43.7,收银pos,001-收银,2025-12-08 13:12:32,否,1,13
YY000101-251208-0043,JS000101-251208-0049,大厅.A05,,,,3,98.0,0.0,98.0,收银pos,001-收银,2025-12-08 13:04:05,否,0,13
YY000101-251208-0027,JS000101-251208-0027,大厅.A04,,,,2,178.0,0.0,178.0,收银pos,001-收银,2025-12-08 13:03:04,否,0,13
YY000101-251208-0050,JS000101-251208-0048,大厅.A07,,,,1,23.0,0.0,23.0,收银pos,001-收银,2025-12-08 12:57:02,否,0,12
YY000101-251208-0049,JS000101-251208-0047,大厅.A09,,,,2,26.0,0.0,26.0,收银pos,001-收银,2025-12-08 12:54:32,否,0,12
YY000101-251208-0048,JS000101-251208-0046,外卖区域.WM客位204262,,,,1,36.8,0.0,36.8,收银pos,001-收银,2025-12-08 12:50:21,否,1,12
YY000101-251208-0047,JS000101-251208-0045,外卖区域.WM客位204262,,,,1,35.8,0.0,35.8,收银pos,001-收银,2025-12-08 12:48:32,否,1,12
YY000101-251208-0040,JS000101-251208-0044,大厅.A02,,,,2,24.0,0.0,24.0,收银pos,001-收银,2025-12-08 12:40:07,否,0,12
YY000101-251208-0036,JS000101-251208-0043,大厅.A06,,,,2,179.0,0.0,179.0,收银pos,001-收银,2025-12-08 12:33:39,否,0,12
YY000101-251208-0046,JS000101-251208-0042,外卖区域.WM客位204262,,,,1,39.8,0.0,39.8,收银pos,001-收银,2025-12-08 12:33:20,否,1,12
YY000101-251208-0045,JS000101-251208-0041,外卖区域.WM客位204262,,,,1,47.1,0.0,47.1,收银pos,001-收银,2025-12-08 12:31:57,否,1,12
YY000101-251208-0044,JS000101-251208-0040,外卖区域.WM客位204262,,,,1,35.8,0.0,35.8,收银pos,001-收银,2025-12-08 12:27:52,否,1,12
YY000101-251208-0042,JS000101-251208-0039,大厅.A03,,,,3,47.0,0.0,47.0,收银pos,001-收银,2025-12-08 12:21:21,否,0,12
YY000101-251208-0041,JS000101-251208-0038,大厅.A09,,,,2,26.0,0.0,26.0,收银pos,001-收银,2025-12-08 12:18:48,否,0,12
YY000101-251208-0039,JS000101-251208-0037,大厅.A03,,,,3,23.0,0.0,23.0,收银pos,001-收银,2025-12-08 12:18:27,否,0,12
YY000101-251208-0038,JS000101-251208-0036,大厅.A01,,,,2,22.0,0.0,22.0,收银pos,001-收银,2025-12-08 12:18:07,否,0,12
YY000101-251208-0037,JS000101-251208-0035,大厅.A03,,,,3,28.0,0.0,28.0,收银pos,001-收银,2025-12-08 12:16:43,否,0,12
YY000101-251208-0035,JS000101-251208-0034,大厅.A09,,,,2,51.0,0.0,51.0,收银pos,001-收银,2025-12-08 12:15:01,否,0,12
YY000101-251208-0034,JS000101-251208-0033,外卖区域.WM客位204262,,,,1,60.7,0.0,60.7,收银pos,001-收银,2025-12-08 12:07:56,否,1,12
YY000101-251208-0033,JS000101-251208-0032,外卖区域.WM客位204262,,,,1,44.6,0.0,44.6,收银pos,001-收银,2025-12-08 12:04:16,否,1,12
YY000101-251208-0032,JS000101-251208-0031,外卖区域.WM客位204262,,,,1,32.8,0.0,32.8,收银pos,001-收银,2025-12-08 12:01:51,否,1,12
YY000101-251208-0031,JS000101-251208-0030,外卖区域.WM客位204262,,,,1,71.6,0.0,71.6,收银pos,001-收银,2025-12-08 12:00:53,否,1,12
YY000101-251208-0030,JS000101-251208-0029,外卖区域.WM客位204262,,,,1,33.8,0.0,33.8,收银pos,001-收银,2025-12-08 11:59:10,否,1,11
YY000101-251208-0029,JS000101-251208-0028,外卖区域.WM客位204262,,,,1,34.8,0.0,34.8,收银pos,001-收银,2025-12-08 11:56:56,否,1,11
YY000101-251208-0026,JS000101-251208-0026,外卖区域.WM客位204262,,,,1,32.8,0.0,32.8,收银pos,001-收银,2025-12-08 11:41:43,否,1,11
YY000101-251208-0025,JS000101-251208-0025,外卖区域.WM客位204262,,,,1,46.8,0.0,46.8,收银pos,001-收银,2025-12-08 11:34:31,否,1,11
YY000101-251208-0024,JS000101-251208-0024,外卖区域.WM客位204262,,,,1,28.8,0.0,28.8,收银pos,001-收银,2025-12-08 11:34:23,否,1,11
YY000101-251208-0023,JS000101-251208-0023,外卖区域.WM客位204262,,,,1,36.8,0.0,36.8,收银pos,001-收银,2025-12-08 11:31:13,否,1,11
YY000101-251208-0021,JS000101-251208-0021,外卖区域.WM客位204262,,,,1,31.8,0.0,31.8,收银pos,001-收银,2025-12-08 11:22:32,否,1,11
YY000101-251208-0020,JS000101-251208-0020,外卖区域.WM客位204262,,,,1,34.8,0.0,34.8,收银pos,001-收银,2025-12-08 11:20:48,否,1,11
YY000101-251208-0019,JS000101-251208-0019,外卖区域.WM客位204262,,,,1,43.8,0.0,43.8,收银pos,001-收银,2025-12-08 11:20:47,否,1,11
YY000101-251208-0018,JS000101-251208-0018,外卖区域.WM客位204262,,,,1,35.7,0.0,35.7,收银pos,001-收银,2025-12-08 11:18:58,否,1,11
YY000101-251208-0017,JS000101-251208-0017,外卖区域.WM客位204262,,,,1,52.7,0.0,52.7,收银pos,001-收银,2025-12-08 11:15:54,否,1,11
YY000101-251208-0016,JS000101-251208-0016,外卖区域.WM客位204262,,,,1,42.8,0.0,42.8,收银pos,001-收银,2025-12-08 11:12:39,否,1,11
YY000101-251208-0015,JS000101-251208-0015,外卖区域.WM客位204262,,,,1,37.8,0.0,37.8,收银pos,001-收银,2025-12-08 11:09:39,否,1,11
YY000101-251208-0013,JS000101-251208-0013,外卖区域.WM客位204262,,,,1,31.8,0.0,31.8,收银pos,001-收银,2025-12-08 11:02:45,否,1,11
YY000101-251208-0012,JS000101-251208-0012,外卖区域.WM客位204262,,,,1,34.8,0.0,34.8,收银pos,001-收银,2025-12-08 10:57:34,否,1,10
YY000101-251208-0011,JS000101-251208-0011,外卖区域.WM客位204262,,,,1,49.7,0.0,49.7,收银pos,001-收银,2025-12-08 10:56:46,否,1,10
YY000101-251208-0010,JS000101-251208-0010,外卖区域.WM客位204262,,,,1,52.8,0.0,52.8,收银pos,001-收银,2025-12-08 10:55:13,否,1,10
YY000101-251208-0009,JS000101-251208-0009,外卖区域.WM客位204262,,,,1,34.8,0.0,34.8,收银pos,001-收银,2025-12-08 10:53:19,否,1,10
YY000101-251208-0008,JS000101-251208-0008,外卖区域.WM客位204262,,,,1,70.0,0.0,70.0,收银pos,001-收银,2025-12-08 10:51:55,否,1,10
YY000101-251208-0006,JS000101-251208-0006,外卖区域.WM客位204262,,,,1,35.8,0.0,35.8,收银pos,001-收银,2025-12-08 10:49:44,否,1,10
YY000101-251208-0005,JS000101-251208-0005,外卖区域.WM客位204262,,,,1,32.7,0.0,32.7,收银pos,001-收银,2025-12-08 10:46:39,否,1,10
YY000101-251208-0004,JS000101-251208-0004,外卖区域.WM客位204262,,,,1,34.8,0.0,34.8,收银pos,001-收银,2025-12-08 10:46:06,否,1,10
YY000101-251208-0001,JS000101-251208-0001,外卖区域.WM客位204262,,,,1,112.5,0.0,112.5,收银pos,001-收银,2025-12-08 09:56:17,否,1,9
YY000101-251207-0089,JS000101-251207-0089,大厅.A03,,,,3,453.0,0.0,453.0,收银pos,001-收银,2025-12-07 21:41:56,否,0,21
YY000101-251207-0085,JS000101-251207-0084,大厅.A04,,,,2,36.0,0.0,36.0,收银pos,001-收银,2025-12-07 20:55:53,否,0,20
YY000101-251207-0084,JS000101-251207-0088,大厅.A06,,,,2,162.0,8.0,154.0,收银pos,001-收银,2025-12-07 20:40:05,否,0,20
YY000101-251207-0086,JS000101-251207-0087,大厅.A10,,,,1,28.0,0.0,28.0,收银pos,001-收银,2025-12-07 20:26:58,否,0,20
YY000101-251207-0088,JS000101-251207-0086,大厅.A09,,,,3,100.0,0.0,100.0,收银pos,001-收银,2025-12-07 20:15:57,否,0,20
YY000101-251207-0075,JS000101-251207-0083,大厅.A06,,,,4,103.0,0.0,103.0,收银pos,001-收银,2025-12-07 19:23:25,否,0,19
YY000101-251207-0080,JS000101-251207-0082,大厅.A03,,,,1,24.0,0.0,24.0,收银pos,001-收银,2025-12-07 19:20:34,否,0,19
YY000101-251207-0059,JS000101-251207-0079,大厅.A04,,,,3,448.0,0.0,448.0,收银pos,001-收银,2025-12-07 19:18:15,否,0,19
YY000101-251207-0074,JS000101-251207-0081,大厅.A02,,,,4,351.0,63.8,287.2,收银pos,001-收银,2025-12-07 19:14:02,否,0,19
YY000101-251207-0083,JS000101-251207-0080,外卖区域.WM客位204262,,,,1,90.8,0.0,90.8,收银pos,001-收银,2025-12-07 19:11:35,否,1,19
YY000101-251207-0073,JS000101-251207-0078,大厅.A08,,,,6,74.0,0.0,74.0,收银pos,001-收银,2025-12-07 19:10:16,否,0,19
YY000101-251207-0082,JS000101-251207-0077,外卖区域.WM客位204262,,,,1,33.8,0.0,33.8,收银pos,001-收银,2025-12-07 19:07:59,否,1,19
YY000101-251207-0070,JS000101-251207-0076,大厅.A09,,,,3,116.0,0.0,116.0,收银pos,001-收银,2025-12-07 18:58:50,否,1,18
YY000101-251207-0081,JS000101-251207-0075,外卖区域.WM客位204262,,,,1,71.1,0.0,71.1,收银pos,001-收银,2025-12-07 18:57:35,否,1,18
YY000101-251207-0079,JS000101-251207-0074,外卖区域.WM客位204262,,,,1,34.8,0.0,34.8,收银pos,001-收银,2025-12-07 18:55:31,否,1,18
YY000101-251207-0078,JS000101-251207-0073,外卖区域.WM客位204262,,,,1,49.8,0.0,49.8,收银pos,001-收银,2025-12-07 18:49:29,否,1,18
YY000101-251207-0077,JS000101-251207-0072,外卖区域.WM客位204262,,,,1,44.8,0.0,44.8,收银pos,001-收银,2025-12-07 18:44:27,否,1,18
YY000101-251207-0072,JS000101-251207-0071,大厅.A06,,,,2,278.0,0.0,278.0,收银pos,001-收银,2025-12-07 18:34:37,否,0,18
YY000101-251207-0064,JS000101-251207-0070,大厅.A07,,,,2,183.0,0.0,183.0,收银pos,001-收银,2025-12-07 18:31:16,否,0,18
YY000101-251207-0071,JS000101-251207-0068,外卖区域.WM客位204262,,,,1,49.6,0.0,49.6,收银pos,001-收银,2025-12-07 18:25:01,否,1,18
YY000101-251207-0063,JS000101-251207-0067,大厅.A05,,,,2,197.0,0.0,197.0,收银pos,001-收银,2025-12-07 18:20:53,否,0,18
YY000101-251207-0069,JS000101-251207-0066,大厅.A02,,,,1,29.0,0.0,29.0,收银pos,001-收银,2025-12-07 18:18:03,否,0,18
YY000101-251207-0068,JS000101-251207-0065,外卖区域.WM客位204262,,,,1,31.8,0.0,31.8,收银pos,001-收银,2025-12-07 18:11:30,否,1,18
YY000101-251207-0067,JS000101-251207-0064,大厅.A09,,,,3,178.0,0.0,178.0,收银pos,001-收银,2025-12-07 18:07:52,否,0,18
YY000101-251207-0066,JS000101-251207-0062,大厅.A08,,,,2,278.0,0.0,278.0,收银pos,001-收银,2025-12-07 18:02:02,否,0,18
YY000101-251207-0060,JS000101-251207-0063,大厅.A01,,,,2,29.0,0.0,29.0,收银pos,001-收银,2025-12-07 18:01:01,否,0,18
YY000101-251207-0065,JS000101-251207-0061,外卖区域.WM客位204262,,,,1,50.6,0.0,50.6,收银pos,001-收银,2025-12-07 17:50:14,否,1,17
YY000101-251207-0061,JS000101-251207-0059,外卖区域.WM客位204262,,,,1,28.8,0.0,28.8,收银pos,001-收银,2025-12-07 17:29:41,否,1,17
YY000101-251207-0056,JS000101-251207-0056,外卖区域.WM客位204262,,,,1,34.8,0.0,34.8,收银pos,001-收银,2025-12-07 16:39:42,否,1,16
YY000101-251207-0055,JS000101-251207-0055,外卖区域.WM客位204262,,,,1,33.8,0.0,33.8,收银pos,001-收银,2025-12-07 16:21:23,否,1,16
YY000101-251207-0054,JS000101-251207-0054,外卖区域.WM客位204262,,,,1,34.8,0.0,34.8,收银pos,001-收银,2025-12-07 16:19:09,否,1,16
YY000101-251207-0053,JS000101-251207-0053,外卖区域.WM客位204262,,,,1,43.0,0.0,43.0,收银pos,001-收银,2025-12-07 16:11:32,否,1,16
YY000101-251207-0052,JS000101-251207-0052,外卖区域.WM客位204262,,,,1,34.8,0.0,34.8,收银pos,001-收银,2025-12-07 16:09:18,否,1,16
YY000101-251207-0051,JS000101-251207-0051,外卖区域.WM客位204262,,,,1,65.8,0.0,65.8,收银pos,001-收银,2025-12-07 15:28:18,否,1,15
YY000101-251207-0050,JS000101-251207-0050,大厅.A03,,,,2,80.0,0.0,80.0,收银pos,001-收银,2025-12-07 15:21:16,否,0,15
YY000101-251207-0049,JS000101-251207-0049,外卖区域.WM客位204262,,,,1,50.8,0.0,50.8,收银pos,001-收银,2025-12-07 14:56:21,否,1,14
YY000101-251207-0047,JS000101-251207-0048,大厅.A08,,,,4,325.0,59.8,265.2,收银pos,001-收银,2025-12-07 14:44:21,否,0,14
YY000101-251207-0048,JS000101-251207-0047,外卖区域.WM客位204262,,,,1,35.6,0.0,35.6,收银pos,001-收银,2025-12-07 14:12:51,否,1,14
YY000101-251207-0041,JS000101-251207-0046,大厅.A11,,,,4,304.0,60.8,243.2,收银pos,001-收银,2025-12-07 14:04:17,否,0,14
YY000101-251207-0046,JS000101-251207-0045,大厅.A03,,,,2,190.0,0.0,190.0,收银pos,001-收银,2025-12-07 13:43:33,否,1,13
YY000101-251207-0045,JS000101-251207-0044,大厅.A01,,,,2,25.0,0.0,25.0,收银pos,001-收银,2025-12-07 13:39:46,否,0,13
YY000101-251207-0044,JS000101-251207-0043,外卖区域.WM客位204262,,,,1,33.8,0.0,33.8,收银pos,001-收银,2025-12-07 13:38:01,否,1,13
YY000101-251207-0037,JS000101-251207-0042,大厅.A06,,,,2,153.0,0.0,153.0,收银pos,001-收银,2025-12-07 13:32:29,否,0,13
YY000101-251207-0043,JS000101-251207-0041,外卖区域.WM客位204262,,,,1,35.8,0.0,35.8,收银pos,001-收银,2025-12-07 13:29:23,否,1,13
YY000101-251207-0042,JS000101-251207-0040,外卖区域.WM客位204262,,,,1,31.8,0.0,31.8,收银pos,001-收银,2025-12-07 13:22:05,否,1,13
YY000101-251207-0040,JS000101-251207-0039,外卖区域.WM客位204262,,,,1,34.8,0.0,34.8,收银pos,001-收银,2025-12-07 13:09:30,否,1,13
YY000101-251207-0039,JS000101-251207-0038,大厅.A09,,,,1,31.0,0.0,31.0,收银pos,001-收银,2025-12-07 13:08:04,否,0,13
YY000101-251207-0038,JS000101-251207-0037,外卖区域.WM客位204262,,,,1,45.8,0.0,45.8,收银pos,001-收银,2025-12-07 13:06:15,否,1,13
YY000101-251207-0036,JS000101-251207-0036,外卖区域.WM客位204262,,,,1,60.8,0.0,60.8,收银pos,001-收银,2025-12-07 12:35:53,否,1,12
YY000101-251207-0035,JS000101-251207-0035,外卖区域.WM客位204262,,,,1,37.8,0.0,37.8,收银pos,001-收银,2025-12-07 12:35:31,否,1,12
YY000101-251207-0034,JS000101-251207-0034,大厅.A06,,,,1,23.0,0.0,23.0,收银pos,001-收银,2025-12-07 12:35:15,否,0,12
YY000101-251207-0033,JS000101-251207-0033,大厅.A09,,,,2,63.0,0.0,63.0,收银pos,001-收银,2025-12-07 12:25:40,否,0,12
YY000101-251207-0032,JS000101-251207-0032,外卖区域.WM客位204262,,,,1,44.7,0.0,44.7,收银pos,001-收银,2025-12-07 12:24:51,否,1,12
YY000101-251207-0031,JS000101-251207-0031,外卖区域.WM客位204262,,,,1,69.7,0.0,69.7,收银pos,001-收银,2025-12-07 12:22:11,否,1,12
YY000101-251207-0030,JS000101-251207-0030,外卖区域.WM客位204262,,,,1,32.7,0.0,32.7,收银pos,001-收银,2025-12-07 12:19:47,否,1,12
YY000101-251207-0029,JS000101-251207-0029,外卖区域.WM客位204262,,,,1,32.8,0.0,32.8,收银pos,001-收银,2025-12-07 12:14:56,否,1,12
YY000101-251207-0028,JS000101-251207-0028,外卖区域.WM客位204262,,,,1,33.8,0.0,33.8,收银pos,001-收银,2025-12-07 12:12:57,否,1,12
YY000101-251207-0027,JS000101-251207-0027,大厅.A01,,,,1,26.0,0.0,26.0,收银pos,001-收银,2025-12-07 12:11:48,否,0,12
YY000101-251207-0025,JS000101-251207-0025,外卖区域.WM客位204262,,,,1,41.6,0.0,41.6,收银pos,001-收银,2025-12-07 12:04:37,否,1,12
YY000101-251207-0024,JS000101-251207-0024,外卖区域.WM客位204262,,,,1,62.0,0.0,62.0,收银pos,001-收银,2025-12-07 12:02:20,否,1,12
YY000101-251207-0023,JS000101-251207-0023,外卖区域.WM客位204262,,,,1,40.8,0.0,40.8,收银pos,001-收银,2025-12-07 11:54:56,否,1,11
YY000101-251207-0022,JS000101-251207-0022,外卖区域.WM客位204262,,,,1,32.8,0.0,32.8,收银pos,001-收银,2025-12-07 11:47:33,否,1,11
YY000101-251207-0021,JS000101-251207-0021,外卖区域.WM客位204262,,,,1,35.6,0.0,35.6,收银pos,001-收银,2025-12-07 11:43:17,否,1,11
YY000101-251207-0016,JS000101-251207-0019,大厅.A02,,,,1,26.0,0.0,26.0,收银pos,001-收银,2025-12-07 11:41:58,否,0,11
YY000101-251207-0019,JS000101-251207-0018,外卖区域.WM客位204262,,,,1,44.4,0.0,44.4,收银pos,001-收银,2025-12-07 11:38:33,否,1,11
YY000101-251207-0018,JS000101-251207-0017,外卖区域.WM客位204262,,,,1,45.8,0.0,45.8,收银pos,001-收银,2025-12-07 11:32:10,否,1,11
YY000101-251207-0017,JS000101-251207-0016,大厅.A01,,,,1,22.0,0.0,22.0,收银pos,001-收银,2025-12-07 11:27:13,否,0,11
YY000101-251207-0015,JS000101-251207-0015,外卖区域.WM客位204262,,,,1,27.8,0.0,27.8,收银pos,001-收银,2025-12-07 11:20:55,否,1,11
YY000101-251207-0011,JS000101-251207-0014,大厅.A10,,,,1,26.0,0.0,26.0,收银pos,001-收银,2025-12-07 11:19:40,否,0,11
YY000101-251207-0014,JS000101-251207-0013,外卖区域.WM客位204262,,,,1,47.8,0.0,47.8,收银pos,001-收银,2025-12-07 11:13:57,否,1,11
YY000101-251207-0008,JS000101-251207-0012,大厅.A03,,,,1,28.0,0.0,28.0,收银pos,001-收银,2025-12-07 11:12:02,否,0,11
YY000101-251207-0013,JS000101-251207-0011,外卖区域.WM客位204262,,,,1,34.8,0.0,34.8,收银pos,001-收银,2025-12-07 11:04:39,否,1,11
YY000101-251207-0012,JS000101-251207-0010,外卖区域.WM客位204262,,,,1,45.6,0.0,45.6,收银pos,001-收银,2025-12-07 11:04:21,否,1,11
YY000101-251207-0010,JS000101-251207-0009,外卖区域.WM客位204262,,,,1,39.8,0.0,39.8,收银pos,001-收银,2025-12-07 10:54:52,否,1,10
YY000101-251207-0009,JS000101-251207-0008,外卖区域.WM客位204262,,,,1,36.6,0.0,36.6,收银pos,001-收银,2025-12-07 10:54:45,否,1,10
YY000101-251207-0007,JS000101-251207-0007,外卖区域.WM客位204262,,,,1,52.5,0.0,52.5,收银pos,001-收银,2025-12-07 10:51:34,否,1,10
YY000101-251207-0006,JS000101-251207-0006,外卖区域.WM客位204262,,,,1,44.8,0.0,44.8,收银pos,001-收银,2025-12-07 10:47:23,否,1,10
YY000101-251207-0005,JS000101-251207-0005,外卖区域.WM客位204262,,,,1,34.8,0.0,34.8,收银pos,001-收银,2025-12-07 10:39:49,否,1,10
YY000101-251207-0004,JS000101-251207-0004,外卖区域.WM客位204262,,,,1,34.8,0.0,34.8,收银pos,001-收银,2025-12-07 10:35:44,否,1,10
YY000101-251207-0003,JS000101-251207-0003,外卖区域.WM客位204262,,,,1,34.6,0.0,34.6,收银pos,001-收银,2025-12-07 10:24:39,否,1,10
YY000101-251207-0002,JS000101-251207-0002,外卖区域.WM客位204262,,,,1,35.7,0.0,35.7,收银pos,001-收银,2025-12-07 10:19:52,否,1,10
YY000101-251207-0001,JS000101-251207-0001,外卖区域.WM客位204262,,,,1,39.6,0.0,39.6,收银pos,001-收银,2025-12-07 09:55:22,否,1,9
YY000101-251206-0076,JS000101-251206-0085,大厅.A11,,,,2,50.0,0.0,50.0,收银pos,001-收银,2025-12-06 21:46:03,否,0,21
YY000101-251206-0086,JS000101-251206-0084,大厅.A10,,,,1,116.0,0.0,116.0,收银pos,001-收银,2025-12-06 21:37:54,否,0,21
YY000101-251206-0081,JS000101-251206-0083,大厅.A05,,,,2,350.0,0.0,350.0,收银pos,001-收银,2025-12-06 21:19:57,否,0,21
YY000101-251206-0083,JS000101-251206-0082,大厅.A03,,,,2,166.0,31.8,134.2,收银pos,001-收银,2025-12-06 21:08:05,否,0,21
YY000101-251206-0085,JS000101-251206-0081,大厅.A06,,,,1,33.0,0.0,33.0,收银pos,001-收银,2025-12-06 20:57:27,否,0,20
YY000101-251206-0078,JS000101-251206-0080,大厅.A04,,,,2,197.0,38.6,158.4,收银pos,001-收银,2025-12-06 20:53:15,否,0,20
YY000101-251206-0084,JS000101-251206-0079,外卖区域.WM客位204262,,,,1,51.7,0.0,51.7,收银pos,001-收银,2025-12-06 20:43:55,否,1,20
YY000101-251206-0074,JS000101-251206-0078,大厅.A02,,,,2,169.0,33.8,135.2,收银pos,001-收银,2025-12-06 20:21:34,否,0,20
YY000101-251206-0082,JS000101-251206-0077,外卖区域.WM客位204262,,,,1,45.8,0.0,45.8,收银pos,001-收银,2025-12-06 20:12:27,否,1,20
YY000101-251206-0080,JS000101-251206-0076,外卖区域.WM客位204262,,,,1,49.8,0.0,49.8,收银pos,001-收银,2025-12-06 20:08:47,否,1,20
YY000101-251206-0079,JS000101-251206-0075,外卖区域.WM客位204262,,,,1,81.5,0.0,81.5,收银pos,001-收银,2025-12-06 20:02:10,否,1,20
YY000101-251206-0072,JS000101-251206-0074,大厅.A09,,,,4,451.0,71.4,379.6,收银pos,001-收银,2025-12-06 19:55:28,否,1,19
YY000101-251206-0077,JS000101-251206-0073,外卖区域.WM客位204262,,,,1,45.8,0.0,45.8,收银pos,001-收银,2025-12-06 19:46:01,否,1,19
YY000101-251206-0075,JS000101-251206-0072,外卖区域.WM客位204262,,,,1,73.4,0.0,73.4,收银pos,001-收银,2025-12-06 19:27:47,否,1,19
YY000101-251206-0071,JS000101-251206-0071,大厅.A06,,,,2,151.0,76.6,74.4,收银pos,001-收银,2025-12-06 19:26:24,否,0,19
YY000101-251206-0070,JS000101-251206-0068,大厅.A04,,,,2,178.0,0.0,178.0,收银pos,001-收银,2025-12-06 19:14:29,否,0,19
YY000101-251206-0069,JS000101-251206-0070,大厅.A08,,,,7,608.0,136.8,471.2,收银pos,001-收银,2025-12-06 19:14:19,否,0,19
YY000101-251206-0068,JS000101-251206-0067,大厅.A05,,,,2,254.0,0.0,254.0,收银pos,001-收银,2025-12-06 19:08:26,否,0,19
YY000101-251206-0073,JS000101-251206-0069,外卖区域.WM客位204262,,,,1,44.7,0.0,44.7,收银pos,001-收银,2025-12-06 19:03:28,否,1,19
YY000101-251206-0061,JS000101-251206-0066,大厅.A03,,,,1,39.0,0.0,39.0,收银pos,001-收银,2025-12-06 18:10:36,否,0,18
YY000101-251206-0067,JS000101-251206-0065,外卖区域.WM客位204262,,,,1,46.7,0.0,46.7,收银pos,001-收银,2025-12-06 18:09:43,否,1,18
YY000101-251206-0066,JS000101-251206-0064,外卖区域.WM客位204262,,,,1,43.6,0.0,43.6,收银pos,001-收银,2025-12-06 18:01:05,否,1,18
YY000101-251206-0065,JS000101-251206-0063,外卖区域.WM客位204262,,,,1,31.8,0.0,31.8,收银pos,001-收银,2025-12-06 17:58:55,否,1,17
YY000101-251206-0064,JS000101-251206-0062,外卖区域.WM客位204262,,,,1,34.8,0.0,34.8,收银pos,001-收银,2025-12-06 17:53:39,否,1,17
YY000101-251206-0063,JS000101-251206-0061,外卖区域.WM客位204262,,,,1,39.8,0.0,39.8,收银pos,001-收银,2025-12-06 17:51:30,否,1,17
YY000101-251206-0062,JS000101-251206-0060,外卖区域.WM客位204262,,,,1,38.8,0.0,38.8,收银pos,001-收银,2025-12-06 17:49:51,否,1,17
YY000101-251206-0055,JS000101-251206-0059,大厅.A08,,,,5,476.0,0.0,476.0,收银pos,001-收银,2025-12-06 17:42:15,否,0,17
YY000101-251206-0059,JS000101-251206-0058,大厅.A02,,,,2,122.0,0.0,122.0,收银pos,001-收银,2025-12-06 17:37:04,否,0,17
YY000101-251206-0060,JS000101-251206-0057,外卖区域.WM客位204262,,,,1,35.8,0.0,35.8,收银pos,001-收银,2025-12-06 17:18:19,否,1,17
YY000101-251206-0058,JS000101-251206-0056,外卖区域.WM客位204262,,,,1,34.8,0.0,34.8,收银pos,001-收银,2025-12-06 16:39:50,否,1,16
YY000101-251206-0057,JS000101-251206-0055,外卖区域.WM客位204262,,,,1,34.8,0.0,34.8,收银pos,001-收银,2025-12-06 16:38:01,否,1,16
YY000101-251206-0056,JS000101-251206-0054,外卖区域.WM客位204262,,,,1,43.6,0.0,43.6,收银pos,001-收银,2025-12-06 16:29:07,否,1,16
YY000101-251206-0054,JS000101-251206-0053,外卖区域.WM客位204262,,,,1,42.7,0.0,42.7,收银pos,001-收银,2025-12-06 15:39:48,否,1,15
YY000101-251206-0053,JS000101-251206-0052,大厅.A01,,,,2,22.0,0.0,22.0,收银pos,001-收银,2025-12-06 15:19:51,否,0,15
YY000101-251206-0052,JS000101-251206-0051,外卖区域.WM客位204262,,,,1,52.5,0.0,52.5,收银pos,001-收银,2025-12-06 15:11:57,否,1,15
YY000101-251206-0051,JS000101-251206-0050,外卖区域.WM客位204262,,,,1,38.8,0.0,38.8,收银pos,001-收银,2025-12-06 15:06:35,否,1,15
YY000101-251206-0050,JS000101-251206-0049,外卖区域.WM客位204262,,,,1,72.6,0.0,72.6,收银pos,001-收银,2025-12-06 15:03:20,否,1,15
YY000101-251206-0046,JS000101-251206-0048,大厅.A04,,,,2,134.0,0.0,134.0,收银pos,001-收银,2025-12-06 14:56:13,否,0,14
YY000101-251206-0049,JS000101-251206-0047,外卖区域.WM客位204262,,,,1,32.8,0.0,32.8,收银pos,001-收银,2025-12-06 14:47:58,否,1,14
YY000101-251206-0048,JS000101-251206-0046,外卖区域.WM客位204262,,,,1,39.8,0.0,39.8,收银pos,001-收银,2025-12-06 14:44:43,否,1,14
YY000101-251206-0045,JS000101-251206-0045,大厅.A06,,,,1,26.0,0.0,26.0,收银pos,001-收银,2025-12-06 14:28:30,否,0,14
YY000101-251206-0047,JS000101-251206-0044,大厅.A01,,,,2,12.0,0.0,12.0,收银pos,001-收银,2025-12-06 14:20:50,否,0,14
YY000101-251206-0044,JS000101-251206-0043,外卖区域.WM客位204262,,,,1,34.8,0.0,34.8,收银pos,001-收银,2025-12-06 13:57:29,否,1,13
YY000101-251206-0043,JS000101-251206-0042,外卖区域.WM客位204262,,,,1,36.8,0.0,36.8,收银pos,001-收银,2025-12-06 13:52:02,否,1,13
YY000101-251206-0032,JS000101-251206-0041,大厅.A07,,,,5,429.0,0.0,429.0,收银pos,001-收银,2025-12-06 13:48:52,否,0,13
YY000101-251206-0042,JS000101-251206-0040,外卖区域.WM客位204262,,,,1,37.7,0.0,37.7,收银pos,001-收银,2025-12-06 13:44:09,否,1,13
YY000101-251206-0041,JS000101-251206-0039,外卖区域.WM客位204262,,,,1,27.8,0.0,27.8,收银pos,001-收银,2025-12-06 13:44:02,否,1,13
YY000101-251206-0040,JS000101-251206-0038,外卖区域.WM客位204262,,,,1,68.6,0.0,68.6,收银pos,001-收银,2025-12-06 13:18:04,否,1,13
YY000101-251206-0039,JS000101-251206-0037,外卖区域.WM客位204262,,,,1,34.8,0.0,34.8,收银pos,001-收银,2025-12-06 13:13:58,否,1,13
YY000101-251206-0030,JS000101-251206-0036,大厅.A03,,,,2,177.0,35.4,141.6,收银pos,001-收银,2025-12-06 13:06:20,否,0,13
YY000101-251206-0037,JS000101-251206-0035,外卖区域.WM客位204262,,,,1,37.8,0.0,37.8,收银pos,001-收银,2025-12-06 13:03:35,否,1,13
YY000101-251206-0036,JS000101-251206-0034,外卖区域.WM客位204262,,,,1,33.8,0.0,33.8,收银pos,001-收银,2025-12-06 13:02:21,否,1,13
YY000101-251206-0035,JS000101-251206-0033,外卖区域.WM客位204262,,,,1,40.7,0.0,40.7,收银pos,001-收银,2025-12-06 12:51:42,否,1,12
YY000101-251206-0034,JS000101-251206-0032,外卖区域.WM客位204262,,,,1,48.8,0.0,48.8,收银pos,001-收银,2025-12-06 12:48:27,否,1,12
YY000101-251206-0033,JS000101-251206-0031,外卖区域.WM客位204262,,,,1,39.8,0.0,39.8,收银pos,001-收银,2025-12-06 12:42:15,否,1,12
YY000101-251206-0031,JS000101-251206-0030,外卖区域.WM客位204262,,,,1,36.8,0.0,36.8,收银pos,001-收银,2025-12-06 12:34:22,否,1,12
YY000101-251206-0029,JS000101-251206-0029,外卖区域.WM客位204262,,,,1,40.7,0.0,40.7,收银pos,001-收银,2025-12-06 12:28:20,否,1,12
YY000101-251206-0028,JS000101-251206-0028,外卖区域.WM客位204262,,,,1,46.8,0.0,46.8,收银pos,001-收银,2025-12-06 12:28:12,否,1,12
YY000101-251206-0020,JS000101-251206-0020,大厅.A09,,,,2,47.6,0.0,47.6,收银pos,001-收银,2025-12-06 12:28:05,否,0,12
YY000101-251206-0026,JS000101-251206-0026,外卖区域.WM客位204262,,,,1,35.8,0.0,35.8,收银pos,001-收银,2025-12-06 12:23:34,否,1,12
YY000101-251206-0025,JS000101-251206-0025,外卖区域.WM客位204262,,,,1,34.8,0.0,34.8,收银pos,001-收银,2025-12-06 12:19:44,否,1,12
YY000101-251206-0024,JS000101-251206-0024,大厅.A11,,,,1,22.0,0.0,22.0,收银pos,001-收银,2025-12-06 12:10:15,否,0,12
YY000101-251206-0023,JS000101-251206-0023,外卖区域.WM客位204262,,,,1,34.8,0.0,34.8,收银pos,001-收银,2025-12-06 12:06:12,否,1,12
YY000101-251206-0022,JS000101-251206-0022,外卖区域.WM客位204262,,,,1,34.7,0.0,34.7,收银pos,001-收银,2025-12-06 12:00:21,否,1,12
YY000101-251206-0021,JS000101-251206-0021,外卖区域.WM客位204262,,,,1,41.7,0.0,41.7,收银pos,001-收银,2025-12-06 12:00:19,否,1,12
YY000101-251206-0019,JS000101-251206-0019,外卖区域.WM客位204262,,,,1,64.6,0.0,64.6,收银pos,001-收银,2025-12-06 11:58:10,否,1,11
YY000101-251206-0018,JS000101-251206-0018,外卖区域.WM客位204262,,,,1,41.6,0.0,41.6,收银pos,001-收银,2025-12-06 11:55:51,否,1,11
YY000101-251206-0017,JS000101-251206-0017,外卖区域.WM客位204262,,,,1,66.5,0.0,66.5,收银pos,001-收银,2025-12-06 11:40:30,否,1,11
YY000101-251206-0016,JS000101-251206-0016,外卖区域.WM客位204262,,,,1,36.8,0.0,36.8,收银pos,001-收银,2025-12-06 11:38:42,否,1,11
YY000101-251206-0015,JS000101-251206-0015,外卖区域.WM客位204262,,,,1,45.8,0.0,45.8,收银pos,001-收银,2025-12-06 11:33:01,否,1,11
YY000101-251206-0014,JS000101-251206-0014,外卖区域.WM客位204262,,,,1,40.7,0.0,40.7,收银pos,001-收银,2025-12-06 11:32:08,否,1,11
YY000101-251206-0013,JS000101-251206-0013,外卖区域.WM客位204262,,,,1,36.6,0.0,36.6,收银pos,001-收银,2025-12-06 11:27:33,否,1,11
YY000101-251206-0012,JS000101-251206-0012,外卖区域.WM客位204262,,,,1,52.8,0.0,52.8,收银pos,001-收银,2025-12-06 11:26:00,否,1,11
YY000101-251206-0011,JS000101-251206-0011,外卖区域.WM客位204262,,,,1,61.7,0.0,61.7,收银pos,001-收银,2025-12-06 11:22:10,否,1,11
YY000101-251206-0010,JS000101-251206-0010,外卖区域.WM客位204262,,,,1,34.8,0.0,34.8,收银pos,001-收银,2025-12-06 11:18:20,否,1,11
YY000101-251206-0009,JS000101-251206-0009,外卖区域.WM客位204262,,,,1,37.8,0.0,37.8,收银pos,001-收银,2025-12-06 11:17:27,否,1,11
YY000101-251206-0007,JS000101-251206-0007,外卖区域.WM客位204262,,,,1,49.8,0.0,49.8,收银pos,001-收银,2025-12-06 11:14:40,否,1,11
YY000101-251206-0006,JS000101-251206-0006,外卖区域.WM客位204262,,,,1,47.8,0.0,47.8,收银pos,001-收银,2025-12-06 11:10:54,否,1,11
YY000101-251206-0005,JS000101-251206-0005,外卖区域.WM客位204262,,,,1,41.8,0.0,41.8,收银pos,001-收银,2025-12-06 11:05:55,否,1,11
YY000101-251206-0004,JS000101-251206-0004,外卖区域.WM客位204262,,,,1,37.8,0.0,37.8,收银pos,001-收银,2025-12-06 11:04:06,否,1,11
YY000101-251206-0003,JS000101-251206-0003,外卖区域.WM客位204262,,,,1,39.8,0.0,39.8,收银pos,001-收银,2025-12-06 10:41:47,否,1,10
YY000101-251206-0002,JS000101-251206-0002,外卖区域.WM客位204262,,,,1,39.8,0.0,39.8,收银pos,001-收银,2025-12-06 10:15:54,否,1,10
YY000101-251206-0001,JS000101-251206-0001,外卖区域.WM客位204262,,,,1,44.1,0.0,44.1,收银pos,001-收银,2025-12-06 10:14:04,否,1,10
YY000101-251205-0097,JS000101-251205-0097,大厅.A03,,,,2,51.0,0.0,51.0,收银pos,001-收银,2025-12-05 21:24:19,否,0,21
YY000101-251205-0096,JS000101-251205-0096,外卖区域.WM客位204262,,,,1,45.8,0.0,45.8,收银pos,001-收银,2025-12-05 20:54:45,否,1,20
YY000101-251205-0095,JS000101-251205-0095,外卖区域.WM客位204262,,,,1,34.8,0.0,34.8,收银pos,001-收银,2025-12-05 20:44:16,否,1,20
YY000101-251205-0094,JS000101-251205-0094,外卖区域.WM客位204262,,,,1,34.8,0.0,34.8,收银pos,001-收银,2025-12-05 20:31:02,否,1,20
YY000101-251205-0086,JS000101-251205-0093,大厅.A09,,,,2,181.0,0.0,181.0,收银pos,001-收银,2025-12-05 20:25:11,否,0,20
YY000101-251205-0087,JS000101-251205-0092,大厅.A02,,,,2,241.0,0.0,241.0,收银pos,001-收银,2025-12-05 20:22:21,否,0,20
YY000101-251205-0089,JS000101-251205-0091,大厅.A08,,,,2,250.0,0.0,250.0,收银pos,001-收银,2025-12-05 20:19:59,否,0,20
YY000101-251205-0093,JS000101-251205-0090,外卖区域.WM客位204262,,,,1,40.8,0.0,40.8,收银pos,001-收银,2025-12-05 20:12:42,否,1,20
YY000101-251205-0092,JS000101-251205-0089,外卖区域.WM客位204262,,,,1,38.6,0.0,38.6,收银pos,001-收银,2025-12-05 20:11:14,否,1,20
YY000101-251205-0091,JS000101-251205-0088,外卖区域.WM客位204262,,,,1,187.0,0.0,187.0,收银pos,001-收银,2025-12-05 19:45:40,否,1,19
YY000101-251205-0090,JS000101-251205-0087,外卖区域.WM客位204262,,,,1,32.8,0.0,32.8,收银pos,001-收银,2025-12-05 19:44:12,否,1,19
YY000101-251205-0080,JS000101-251205-0086,大厅.A05,,,,2,185.0,36.4,148.6,收银pos,001-收银,2025-12-05 19:43:29,否,0,19
YY000101-251205-0088,JS000101-251205-0085,外卖区域.WM客位204262,,,,1,34.8,0.0,34.8,收银pos,001-收银,2025-12-05 19:42:43,否,1,19
YY000101-251205-0075,JS000101-251205-0084,大厅.A08,,,,7,736.0,111.2,624.8,收银pos,001-收银,2025-12-05 19:09:29,否,0,19
YY000101-251205-0078,JS000101-251205-0083,大厅.A07,,,,4,188.0,0.0,188.0,收银pos,001-收银,2025-12-05 19:03:31,否,0,19
YY000101-251205-0085,JS000101-251205-0082,大厅.A03,,,,2,178.0,0.0,178.0,收银pos,001-收银,2025-12-05 18:54:35,否,0,18
YY000101-251205-0084,JS000101-251205-0081,外卖区域.WM客位204262,,,,1,43.7,0.0,43.7,收银pos,001-收银,2025-12-05 18:51:04,否,1,18
YY000101-251205-0083,JS000101-251205-0080,外卖区域.WM客位204262,,,,1,45.8,0.0,45.8,收银pos,001-收银,2025-12-05 18:48:45,否,1,18
YY000101-251205-0082,JS000101-251205-0079,外卖区域.WM客位204262,,,,1,40.8,0.0,40.8,收银pos,001-收银,2025-12-05 18:48:02,否,1,18
YY000101-251205-0081,JS000101-251205-0078,外卖区域.WM客位204262,,,,1,34.8,0.0,34.8,收银pos,001-收银,2025-12-05 18:38:18,否,1,18
YY000101-251205-0079,JS000101-251205-0077,外卖区域.WM客位204262,,,,1,38.8,0.0,38.8,收银pos,001-收银,2025-12-05 18:31:40,否,1,18
YY000101-251205-0077,JS000101-251205-0076,外卖区域.WM客位204262,,,,1,39.7,0.0,39.7,收银pos,001-收银,2025-12-05 18:21:56,否,1,18
YY000101-251205-0076,JS000101-251205-0075,外卖区域.WM客位204262,,,,1,57.6,0.0,57.6,收银pos,001-收银,2025-12-05 18:19:06,否,1,18
YY000101-251205-0074,JS000101-251205-0074,外卖区域.WM客位204262,,,,1,34.8,0.0,34.8,收银pos,001-收银,2025-12-05 18:13:25,否,1,18
YY000101-251205-0073,JS000101-251205-0073,外卖区域.WM客位204262,,,,1,48.3,0.0,48.3,收银pos,001-收银,2025-12-05 18:05:06,否,1,18
YY000101-251205-0072,JS000101-251205-0072,外卖区域.WM客位204262,,,,1,46.3,0.0,46.3,收银pos,001-收银,2025-12-05 17:37:51,否,1,17
YY000101-251205-0071,JS000101-251205-0071,外卖区域.WM客位204262,,,,1,42.6,0.0,42.6,收银pos,001-收银,2025-12-05 17:34:06,否,1,17
YY000101-251205-0069,JS000101-251205-0069,大厅.A06,,,,1,25.0,0.0,25.0,收银pos,001-收银,2025-12-05 17:12:38,否,0,17
YY000101-251205-0068,JS000101-251205-0068,外卖区域.WM客位204262,,,,1,33.8,0.0,33.8,收银pos,001-收银,2025-12-05 16:57:17,否,1,16
YY000101-251205-0067,JS000101-251205-0067,外卖区域.WM客位204262,,,,1,38.8,0.0,38.8,收银pos,001-收银,2025-12-05 16:29:38,否,1,16
YY000101-251205-0066,JS000101-251205-0066,外卖区域.WM客位204262,,,,1,58.7,0.0,58.7,收银pos,001-收银,2025-12-05 16:17:23,否,1,16
YY000101-251205-0064,JS000101-251205-0064,外卖区域.WM客位204262,,,,1,34.8,0.0,34.8,收银pos,001-收银,2025-12-05 15:47:07,否,1,15
YY000101-251205-0061,JS000101-251205-0061,大厅.A07,,,,2,60.0,0.0,60.0,收银pos,001-收银,2025-12-05 15:40:10,否,0,15
YY000101-251205-0063,JS000101-251205-0063,外卖区域.WM客位204262,,,,1,40.5,0.0,40.5,收银pos,001-收银,2025-12-05 15:37:48,否,1,15
YY000101-251205-0062,JS000101-251205-0062,外卖区域.WM客位204262,,,,1,52.5,0.0,52.5,收银pos,001-收银,2025-12-05 15:35:34,否,1,15
YY000101-251205-0060,JS000101-251205-0060,大厅.A07,,,,3,26.0,0.0,26.0,收银pos,001-收银,2025-12-05 15:11:49,否,0,15
YY000101-251205-0059,JS000101-251205-0059,外卖区域.WM客位204262,,,,1,56.6,0.0,56.6,收银pos,001-收银,2025-12-05 15:06:52,否,1,15
YY000101-251205-0058,JS000101-251205-0058,外卖区域.WM客位204262,,,,1,37.8,0.0,37.8,收银pos,001-收银,2025-12-05 14:38:47,否,1,14
YY000101-251205-0057,JS000101-251205-0057,外卖区域.WM客位204262,,,,1,36.8,0.0,36.8,收银pos,001-收银,2025-12-05 14:06:09,否,1,14
YY000101-251205-0051,JS000101-251205-0055,大厅.A03,,,,2,214.0,50.0,164.0,收银pos,001-收银,2025-12-05 13:57:11,否,0,13
YY000101-251205-0055,JS000101-251205-0054,外卖区域.WM客位204262,,,,1,42.7,0.0,42.7,收银pos,001-收银,2025-12-05 13:53:45,否,1,13
YY000101-251205-0050,JS000101-251205-0053,大厅.A04,,,,1,25.0,0.0,25.0,收银pos,001-收银,2025-12-05 13:41:20,否,0,13
YY000101-251205-0043,JS000101-251205-0052,大厅.A08,,,,5,498.0,85.6,412.4,收银pos,001-收银,2025-12-05 13:22:31,否,0,13
YY000101-251205-0049,JS000101-251205-0051,大厅.A07,,,,2,58.0,0.0,58.0,收银pos,001-收银,2025-12-05 13:21:26,否,0,13
YY000101-251205-0054,JS000101-251205-0050,外卖区域.WM客位204262,,,,1,31.8,0.0,31.8,收银pos,001-收银,2025-12-05 13:18:45,否,1,13
YY000101-251205-0053,JS000101-251205-0049,外卖区域.WM客位204262,,,,1,35.7,0.0,35.7,收银pos,001-收银,2025-12-05 13:15:44,否,1,13
YY000101-251205-0052,JS000101-251205-0048,外卖区域.WM客位204262,,,,1,36.8,0.0,36.8,收银pos,001-收银,2025-12-05 13:12:35,否,1,13
YY000101-251205-0046,JS000101-251205-0047,大厅.A09,,,,1,22.0,0.0,22.0,收银pos,001-收银,2025-12-05 13:09:26,否,0,13
YY000101-251205-0041,JS000101-251205-0046,大厅.A11,,,,2,59.0,0.0,59.0,收银pos,001-收银,2025-12-05 13:03:47,否,0,13
YY000101-251205-0048,JS000101-251205-0045,外卖区域.WM客位204262,,,,1,36.8,0.0,36.8,收银pos,001-收银,2025-12-05 13:00:54,否,1,13
YY000101-251205-0047,JS000101-251205-0044,外卖区域.WM客位204262,,,,1,47.8,0.0,47.8,收银pos,001-收银,2025-12-05 12:59:21,否,1,12
YY000101-251205-0045,JS000101-251205-0043,大厅.A02,,,,2,26.0,0.0,26.0,收银pos,001-收银,2025-12-05 12:53:23,否,0,12
YY000101-251205-0044,JS000101-251205-0042,外卖区域.WM客位204262,,,,1,46.8,0.0,46.8,收银pos,001-收银,2025-12-05 12:48:10,否,1,12
YY000101-251205-0037,JS000101-251205-0041,大厅.A03,,,,4,138.0,0.0,138.0,收银pos,001-收银,2025-12-05 12:42:18,否,0,12
YY000101-251205-0032,JS000101-251205-0040,大厅.A10,,,,2,159.0,31.8,127.2,收银pos,001-收银,2025-12-05 12:36:00,否,0,12
YY000101-251205-0033,JS000101-251205-0039,大厅.A09,,,,1,36.0,0.0,36.0,收银pos,001-收银,2025-12-05 12:29:04,否,0,12
YY000101-251205-0022,JS000101-251205-0038,大厅.A06,,,,2,258.0,30.0,228.0,收银pos,001-收银,2025-12-05 12:27:36,否,0,12
YY000101-251205-0042,JS000101-251205-0037,外卖区域.WM客位204262,,,,1,44.7,0.0,44.7,收银pos,001-收银,2025-12-05 12:27:24,否,1,12
YY000101-251205-0040,JS000101-251205-0036,外卖区域.WM客位204262,,,,1,38.8,0.0,38.8,收银pos,001-收银,2025-12-05 12:20:11,否,1,12
YY000101-251205-0039,JS000101-251205-0035,外卖区域.WM客位204262,,,,1,44.8,0.0,44.8,收银pos,001-收银,2025-12-05 12:19:28,否,1,12
YY000101-251205-0038,JS000101-251205-0034,外卖区域.WM客位204262,,,,1,37.8,0.0,37.8,收银pos,001-收银,2025-12-05 12:18:04,否,1,12
YY000101-251205-0023,JS000101-251205-0033,大厅.A05,,,,2,52.0,0.0,52.0,收银pos,001-收银,2025-12-05 12:17:53,否,0,12
YY000101-251205-0036,JS000101-251205-0032,外卖区域.WM客位204262,,,,1,36.7,0.0,36.7,收银pos,001-收银,2025-12-05 12:15:55,否,1,12
YY000101-251205-0034,JS000101-251205-0030,外卖区域.WM客位204262,,,,1,33.8,0.0,33.8,收银pos,001-收银,2025-12-05 12:12:17,否,1,12
YY000101-251205-0031,JS000101-251205-0029,外卖区域.WM客位204262,,,,1,46.8,0.0,46.8,收银pos,001-收银,2025-12-05 12:04:55,否,1,12
YY000101-251205-0030,JS000101-251205-0028,外卖区域.WM客位204262,,,,1,34.8,0.0,34.8,收银pos,001-收银,2025-12-05 12:01:30,否,1,12
YY000101-251205-0029,JS000101-251205-0027,外卖区域.WM客位204262,,,,1,31.8,0.0,31.8,收银pos,001-收银,2025-12-05 11:57:39,否,1,11
YY000101-251205-0028,JS000101-251205-0026,外卖区域.WM客位204262,,,,1,47.6,0.0,47.6,收银pos,001-收银,2025-12-05 11:56:11,否,1,11
YY000101-251205-0027,JS000101-251205-0025,外卖区域.WM客位204262,,,,1,34.8,0.0,34.8,收银pos,001-收银,2025-12-05 11:52:35,否,1,11
YY000101-251205-0026,JS000101-251205-0024,外卖区域.WM客位204262,,,,1,32.8,0.0,32.8,收银pos,001-收银,2025-12-05 11:51:52,否,1,11
YY000101-251205-0025,JS000101-251205-0023,外卖区域.WM客位204262,,,,1,31.8,0.0,31.8,收银pos,001-收银,2025-12-05 11:49:38,否,1,11
YY000101-251205-0024,JS000101-251205-0022,外卖区域.WM客位204262,,,,1,43.7,0.0,43.7,收银pos,001-收银,2025-12-05 11:45:22,否,1,11
YY000101-251205-0021,JS000101-251205-0021,外卖区域.WM客位204262,,,,1,34.8,0.0,34.8,收银pos,001-收银,2025-12-05 11:36:08,否,1,11
YY000101-251205-0020,JS000101-251205-0020,外卖区域.WM客位204262,,,,1,33.8,0.0,33.8,收银pos,001-收银,2025-12-05 11:33:19,否,1,11
YY000101-251205-0019,JS000101-251205-0019,外卖区域.WM客位204262,,,,1,34.8,0.0,34.8,收银pos,001-收银,2025-12-05 11:30:14,否,1,11
YY000101-251205-0018,JS000101-251205-0018,外卖区域.WM客位204262,,,,1,34.8,0.0,34.8,收银pos,001-收银,2025-12-05 11:26:03,否,1,11
YY000101-251205-0017,JS000101-251205-0017,外卖区域.WM客位204262,,,,1,39.8,0.0,39.8,收银pos,001-收银,2025-12-05 11:25:15,否,1,11
YY000101-251205-0016,JS000101-251205-0016,外卖区域.WM客位204262,,,,1,45.7,0.0,45.7,收银pos,001-收银,2025-12-05 11:23:17,否,1,11
YY000101-251205-0014,JS000101-251205-0014,外卖区域.WM客位204262,,,,1,38.0,0.0,38.0,收银pos,001-收银,2025-12-05 11:22:01,否,1,11
YY000101-251205-0012,JS000101-251205-0012,外卖区域.WM客位204262,,,,1,32.8,0.0,32.8,收银pos,001-收银,2025-12-05 11:17:27,否,1,11
YY000101-251205-0011,JS000101-251205-0011,外卖区域.WM客位204262,,,,1,38.8,0.0,38.8,收银pos,001-收银,2025-12-05 11:16:34,否,1,11
YY000101-251205-0010,JS000101-251205-0010,外卖区域.WM客位204262,,,,1,37.8,0.0,37.8,收银pos,001-收银,2025-12-05 11:14:15,否,1,11
YY000101-251205-0008,JS000101-251205-0008,外卖区域.WM客位204262,,,,1,41.7,0.0,41.7,收银pos,001-收银,2025-12-05 11:12:24,否,1,11
YY000101-251205-0007,JS000101-251205-0007,外卖区域.WM客位204262,,,,1,120.17,0.0,120.17,收银pos,001-收银,2025-12-05 11:09:08,否,1,11
YY000101-251205-0006,JS000101-251205-0006,外卖区域.WM客位204262,,,,1,31.8,0.0,31.8,收银pos,001-收银,2025-12-05 11:06:34,否,1,11
YY000101-251205-0005,JS000101-251205-0005,外卖区域.WM客位204262,,,,1,56.3,0.0,56.3,收银pos,001-收银,2025-12-05 11:03:53,否,1,11
YY000101-251205-0004,JS000101-251205-0004,外卖区域.WM客位204262,,,,1,32.8,0.0,32.8,收银pos,001-收银,2025-12-05 11:02:40,否,1,11
YY000101-251205-0003,JS000101-251205-0003,外卖区域.WM客位204262,,,,1,34.8,0.0,34.8,收银pos,001-收银,2025-12-05 10:45:51,否,1,10
YY000101-251205-0002,JS000101-251205-0002,外卖区域.WM客位204262,,,,1,38.8,0.0,38.8,收银pos,001-收银,2025-12-05 10:32:19,否,1,10
YY000101-251205-0001,JS000101-251205-0001,外卖区域.WM客位204262,,,,1,34.8,0.0,34.8,收银pos,001-收银,2025-12-05 10:03:01,否,1,10
YY000101-251204-0090,JS000101-251204-0090,大厅.A04,,,,2,251.0,0.0,251.0,收银pos,001-收银,2025-12-04 21:01:10,否,0,21
YY000101-251204-0070,JS000101-251204-0066,大厅.A08,,,,2,238.0,0.0,238.0,收银pos,001-收银,2025-12-04 20:52:28,否,0,20
YY000101-251204-0079,JS000101-251204-0089,大厅.A07,,,,3,326.0,0.0,326.0,收银pos,001-收银,2025-12-04 20:42:36,否,1,20
YY000101-251204-0089,JS000101-251204-0088,外卖区域.WM客位204262,,,,1,34.8,0.0,34.8,收银pos,001-收银,2025-12-04 20:37:33,否,1,20
YY000101-251204-0088,JS000101-251204-0087,外卖区域.WM客位204262,,,,1,32.8,0.0,32.8,收银pos,001-收银,2025-12-04 20:35:29,否,1,20
YY000101-251204-0087,JS000101-251204-0086,外卖区域.WM客位204262,,,,1,34.8,0.0,34.8,收银pos,001-收银,2025-12-04 20:11:33,否,1,20
YY000101-251204-0073,JS000101-251204-0069,大厅.A03,,,,2,178.0,0.0,178.0,收银pos,001-收银,2025-12-04 20:07:35,否,0,20
YY000101-251204-0086,JS000101-251204-0085,大厅.A02,,,,1,22.0,0.0,22.0,收银pos,001-收银,2025-12-04 20:07:27,否,0,20
YY000101-251204-0080,JS000101-251204-0084,大厅.A04,,,,2,150.0,0.0,150.0,收银pos,001-收银,2025-12-04 20:06:08,否,0,20
YY000101-251204-0085,JS000101-251204-0083,外卖区域.WM客位204262,,,,1,43.8,0.0,43.8,收银pos,001-收银,2025-12-04 19:58:01,否,1,19
YY000101-251204-0084,JS000101-251204-0082,外卖区域.WM客位204262,,,,1,62.8,0.0,62.8,收银pos,001-收银,2025-12-04 19:54:01,否,1,19
YY000101-251204-0082,JS000101-251204-0081,大厅.A02,,,,2,160.0,0.0,160.0,收银pos,001-收银,2025-12-04 19:45:39,否,0,19
YY000101-251204-0074,JS000101-251204-0080,大厅.A05,,,,2,147.0,50.0,97.0,收银pos,001-收银,2025-12-04 19:44:51,否,0,19
YY000101-251204-0083,JS000101-251204-0079,外卖区域.WM客位204262,,,,1,40.8,0.0,40.8,收银pos,001-收银,2025-12-04 19:35:47,否,1,19
YY000101-251204-0081,JS000101-251204-0078,外卖区域.WM客位204262,,,,1,40.6,0.0,40.6,收银pos,001-收银,2025-12-04 19:30:41,否,1,19
YY000101-251204-0071,JS000101-251204-0077,大厅.A06,,,,2,26.0,0.0,26.0,收银pos,001-收银,2025-12-04 19:30:09,否,0,19
YY000101-251204-0078,JS000101-251204-0076,外卖区域.WM客位204262,,,,1,58.6,0.0,58.6,收银pos,001-收银,2025-12-04 19:19:11,否,1,19
YY000101-251204-0066,JS000101-251204-0075,大厅.A04,,,,2,156.0,29.8,126.2,收银pos,001-收银,2025-12-04 19:10:55,否,0,19
YY000101-251204-0077,JS000101-251204-0074,外卖区域.WM客位204262,,,,1,36.1,0.0,36.1,收银pos,001-收银,2025-12-04 19:02:03,否,1,19
YY000101-251204-0069,JS000101-251204-0073,大厅.A11,,,,1,28.0,0.0,28.0,收银pos,001-收银,2025-12-04 18:59:58,否,0,18
YY000101-251204-0076,JS000101-251204-0072,大厅.A09,,,,2,4.0,0.0,4.0,收银pos,001-收银,2025-12-04 18:54:47,否,0,18
YY000101-251204-0063,JS000101-251204-0071,大厅.A09,,,,3,12.0,0.0,12.0,收银pos,001-收银,2025-12-04 18:54:27,否,0,18
YY000101-251204-0075,JS000101-251204-0070,外卖区域.WM客位204262,,,,1,56.7,0.0,56.7,收银pos,001-收银,2025-12-04 18:53:49,否,1,18
YY000101-251204-0067,JS000101-251204-0068,大厅.A02,,,,1,28.0,0.0,28.0,收银pos,001-收银,2025-12-04 18:46:56,否,0,18
YY000101-251204-0072,JS000101-251204-0067,外卖区域.WM客位204262,,,,1,63.6,0.0,63.6,收银pos,001-收银,2025-12-04 18:44:45,否,1,18
YY000101-251204-0068,JS000101-251204-0065,外卖区域.WM客位204262,,,,1,39.7,0.0,39.7,收银pos,001-收银,2025-12-04 18:40:44,否,1,18
YY000101-251204-0055,JS000101-251204-0064,大厅.A03,,,,3,250.0,0.0,250.0,收银pos,001-收银,2025-12-04 18:26:10,否,0,18
YY000101-251204-0065,JS000101-251204-0063,大厅.A01,,,,2,26.0,0.0,26.0,收银pos,001-收银,2025-12-04 18:22:59,否,0,18
YY000101-251204-0064,JS000101-251204-0062,外卖区域.WM客位204262,,,,1,44.6,0.0,44.6,收银pos,001-收银,2025-12-04 18:19:42,否,1,18
YY000101-251204-0062,JS000101-251204-0061,外卖区域.WM客位204262,,,,1,43.1,0.0,43.1,收银pos,001-收银,2025-12-04 18:12:34,否,1,18
YY000101-251204-0060,JS000101-251204-0059,大厅.A09,,,,2,178.0,0.0,178.0,收银pos,001-收银,2025-12-04 17:58:52,否,0,17
YY000101-251204-0057,JS000101-251204-0056,大厅.A05,,,,2,178.0,0.0,178.0,收银pos,001-收银,2025-12-04 17:58:48,否,0,17
YY000101-251204-0061,JS000101-251204-0060,外卖区域.WM客位204262,,,,1,44.8,0.0,44.8,收银pos,001-收银,2025-12-04 17:54:55,否,1,17
YY000101-251204-0059,JS000101-251204-0058,外卖区域.WM客位204262,,,,1,46.6,0.0,46.6,收银pos,001-收银,2025-12-04 17:50:19,否,1,17
YY000101-251204-0058,JS000101-251204-0057,外卖区域.WM客位204262,,,,1,35.8,0.0,35.8,收银pos,001-收银,2025-12-04 17:49:36,否,1,17
YY000101-251204-0056,JS000101-251204-0055,外卖区域.WM客位204262,,,,1,42.8,0.0,42.8,收银pos,001-收银,2025-12-04 17:26:04,否,1,17
YY000101-251204-0054,JS000101-251204-0054,外卖区域.WM客位204262,,,,1,44.3,0.0,44.3,收银pos,001-收银,2025-12-04 17:05:53,否,1,17
YY000101-251204-0053,JS000101-251204-0053,外卖区域.WM客位204262,,,,1,37.8,0.0,37.8,收银pos,001-收银,2025-12-04 16:53:23,否,1,16
YY000101-251204-0052,JS000101-251204-0052,外卖区域.WM客位204262,,,,1,85.6,0.0,85.6,收银pos,001-收银,2025-12-04 16:42:59,否,1,16
YY000101-251204-0051,JS000101-251204-0051,外卖区域.WM客位204262,,,,1,41.8,0.0,41.8,收银pos,001-收银,2025-12-04 16:32:39,否,1,16
YY000101-251204-0050,JS000101-251204-0050,外卖区域.WM客位204262,,,,1,53.8,0.0,53.8,收银pos,001-收银,2025-12-04 15:49:40,否,1,15
YY000101-251204-0049,JS000101-251204-0049,外卖区域.WM客位204262,,,,1,52.5,0.0,52.5,收银pos,001-收银,2025-12-04 15:39:45,否,1,15
YY000101-251204-0048,JS000101-251204-0048,外卖区域.WM客位204262,,,,1,45.8,0.0,45.8,收银pos,001-收银,2025-12-04 15:27:15,否,1,15
YY000101-251204-0047,JS000101-251204-0047,外卖区域.WM客位204262,,,,1,43.8,0.0,43.8,收银pos,001-收银,2025-12-04 14:48:44,否,1,14
YY000101-251204-0046,JS000101-251204-0046,外卖区域.WM客位204262,,,,1,43.7,0.0,43.7,收银pos,001-收银,2025-12-04 14:41:06,否,1,14
YY000101-251204-0042,JS000101-251204-0045,大厅.A06,,,,2,182.0,33.2,148.8,收银pos,001-收银,2025-12-04 14:26:44,否,0,14
YY000101-251204-0040,JS000101-251204-0044,大厅.A04,,,,3,249.0,0.0,249.0,收银pos,001-收银,2025-12-04 14:14:18,否,0,14
YY000101-251204-0041,JS000101-251204-0043,大厅.A09,,,,1,22.0,0.0,22.0,收银pos,001-收银,2025-12-04 14:13:04,否,0,14
YY000101-251204-0045,JS000101-251204-0042,外卖区域.WM客位204262,,,,1,47.8,0.0,47.8,收银pos,001-收银,2025-12-04 14:12:16,否,1,14
YY000101-251204-0044,JS000101-251204-0041,外卖区域.WM客位204262,,,,1,41.8,0.0,41.8,收银pos,001-收银,2025-12-04 13:55:58,否,1,13
YY000101-251204-0043,JS000101-251204-0040,外卖区域.WM客位204262,,,,1,38.8,0.0,38.8,收银pos,001-收银,2025-12-04 13:55:15,否,1,13
YY000101-251204-0037,JS000101-251204-0038,大厅.A06,,,,2,23.8,0.0,23.8,收银pos,001-收银,2025-12-04 13:20:51,否,0,13
YY000101-251204-0039,JS000101-251204-0039,大厅.A07,,,,2,23.8,0.0,23.8,收银pos,001-收银,2025-12-04 13:20:45,否,0,13
YY000101-251204-0038,JS000101-251204-0037,外卖区域.WM客位204262,,,,1,48.8,0.0,48.8,收银pos,001-收银,2025-12-04 13:17:43,否,1,13
YY000101-251204-0036,JS000101-251204-0036,外卖区域.WM客位204262,,,,1,35.6,0.0,35.6,收银pos,001-收银,2025-12-04 12:50:37,否,1,12
YY000101-251204-0035,JS000101-251204-0035,外卖区域.WM客位204262,,,,1,37.8,0.0,37.8,收银pos,001-收银,2025-12-04 12:38:32,否,1,12
YY000101-251204-0034,JS000101-251204-0034,大厅.A03,,,,1,30.0,0.0,30.0,收银pos,001-收银,2025-12-04 12:35:26,否,0,12
YY000101-251204-0033,JS000101-251204-0033,外卖区域.WM客位204262,,,,1,32.8,0.0,32.8,收银pos,001-收银,2025-12-04 12:32:00,否,1,12
YY000101-251204-0032,JS000101-251204-0032,外卖区域.WM客位204262,,,,1,33.8,0.0,33.8,收银pos,001-收银,2025-12-04 12:23:42,否,1,12
YY000101-251204-0031,JS000101-251204-0031,外卖区域.WM客位204262,,,,1,69.6,0.0,69.6,收银pos,001-收银,2025-12-04 12:19:36,否,1,12
YY000101-251204-0030,JS000101-251204-0030,大厅.A10,,,,2,23.8,0.0,23.8,收银pos,001-收银,2025-12-04 12:14:54,否,0,12
YY000101-251204-0027,JS000101-251204-0028,大厅.A10,,,,2,23.8,0.0,23.8,收银pos,001-收银,2025-12-04 12:14:27,否,0,12
YY000101-251204-0029,JS000101-251204-0029,外卖区域.WM客位204262,,,,1,27.8,0.0,27.8,收银pos,001-收银,2025-12-04 12:14:05,否,1,12
YY000101-251204-0028,JS000101-251204-0027,外卖区域.WM客位204262,,,,1,35.8,0.0,35.8,收银pos,001-收银,2025-12-04 12:13:32,否,1,12
YY000101-251204-0026,JS000101-251204-0026,外卖区域.WM客位204262,,,,1,32.8,0.0,32.8,收银pos,001-收银,2025-12-04 12:00:22,否,1,12
YY000101-251204-0025,JS000101-251204-0025,外卖区域.WM客位204262,,,,1,99.5,0.0,99.5,收银pos,001-收银,2025-12-04 11:59:59,否,1,11
YY000101-251204-0024,JS000101-251204-0024,外卖区域.WM客位204262,,,,1,31.8,0.0,31.8,收银pos,001-收银,2025-12-04 11:54:33,否,1,11
YY000101-251204-0023,JS000101-251204-0023,外卖区域.WM客位204262,,,,1,33.8,0.0,33.8,收银pos,001-收银,2025-12-04 11:52:23,否,1,11
YY000101-251204-0021,JS000101-251204-0021,外卖区域.WM客位204262,,,,1,43.7,0.0,43.7,收银pos,001-收银,2025-12-04 11:47:55,否,1,11
YY000101-251204-0020,JS000101-251204-0020,外卖区域.WM客位204262,,,,1,34.7,0.0,34.7,收银pos,001-收银,2025-12-04 11:44:20,否,1,11
YY000101-251204-0012,JS000101-251204-0018,大厅.A09,,,,2,61.0,0.0,61.0,收银pos,001-收银,2025-12-04 11:40:32,否,0,11
YY000101-251204-0018,JS000101-251204-0017,外卖区域.WM客位204262,,,,1,27.8,0.0,27.8,收银pos,001-收银,2025-12-04 11:39:10,否,1,11
YY000101-251204-0017,JS000101-251204-0016,外卖区域.WM客位204262,,,,1,33.8,0.0,33.8,收银pos,001-收银,2025-12-04 11:33:09,否,1,11
YY000101-251204-0016,JS000101-251204-0015,外卖区域.WM客位204262,,,,1,27.8,0.0,27.8,收银pos,001-收银,2025-12-04 11:32:40,否,1,11
YY000101-251204-0015,JS000101-251204-0014,外卖区域.WM客位204262,,,,1,32.8,0.0,32.8,收银pos,001-收银,2025-12-04 11:29:55,否,1,11
YY000101-251204-0014,JS000101-251204-0013,外卖区域.WM客位204262,,,,1,43.7,0.0,43.7,收银pos,001-收银,2025-12-04 11:29:01,否,1,11
YY000101-251204-0013,JS000101-251204-0012,外卖区域.WM客位204262,,,,1,67.8,0.0,67.8,收银pos,001-收银,2025-12-04 11:26:56,否,1,11
YY000101-251204-0011,JS000101-251204-0011,外卖区域.WM客位204262,,,,1,35.6,0.0,35.6,收银pos,001-收银,2025-12-04 11:17:52,否,1,11
YY000101-251204-0010,JS000101-251204-0010,外卖区域.WM客位204262,,,,1,41.7,0.0,41.7,收银pos,001-收银,2025-12-04 11:08:47,否,1,11
YY000101-251204-0009,JS000101-251204-0009,外卖区域.WM客位204262,,,,1,34.8,0.0,34.8,收银pos,001-收银,2025-12-04 11:07:43,否,1,11
YY000101-251204-0008,JS000101-251204-0008,外卖区域.WM客位204262,,,,1,58.7,0.0,58.7,收银pos,001-收银,2025-12-04 11:05:14,否,1,11
YY000101-251204-0007,JS000101-251204-0007,外卖区域.WM客位204262,,,,1,34.8,0.0,34.8,收银pos,001-收银,2025-12-04 11:04:15,否,1,11
YY000101-251204-0006,JS000101-251204-0006,外卖区域.WM客位204262,,,,1,35.7,0.0,35.7,收银pos,001-收银,2025-12-04 11:01:05,否,1,11
YY000101-251204-0005,JS000101-251204-0005,外卖区域.WM客位204262,,,,1,63.8,0.0,63.8,收银pos,001-收银,2025-12-04 11:00:42,否,1,11
YY000101-251204-0004,JS000101-251204-0004,外卖区域.WM客位204262,,,,1,34.8,0.0,34.8,收银pos,001-收银,2025-12-04 10:53:30,否,1,10
YY000101-251204-0003,JS000101-251204-0003,外卖区域.WM客位204262,,,,1,34.7,0.0,34.7,收银pos,001-收银,2025-12-04 10:53:07,否,1,10
YY000101-251204-0002,JS000101-251204-0002,外卖区域.WM客位204262,,,,1,35.3,0.0,35.3,收银pos,001-收银,2025-12-04 10:49:41,否,1,10
YY000101-251204-0001,JS000101-251204-0001,外卖区域.WM客位204262,,,,1,31.8,0.0,31.8,收银pos,001-收银,2025-12-04 10:46:46,否,1,10
YY000101-251203-0014,JS000101-251203-0014,外卖区域.WM客位204262,,,,1,32.8,0.0,32.8,收银pos,001-收银,2025-12-04 09:14:55,否,1,9
YY000101-251203-0106,JS000101-251203-0106,外卖区域.WM客位204262,,,,1,46.8,0.0,46.8,收银pos,001-收银,2025-12-03 20:51:53,否,1,20
YY000101-251203-0081,JS000101-251203-0081,大厅.A06,,,,2,178.0,0.0,178.0,收银pos,001-收银,2025-12-03 20:17:52,否,0,20
YY000101-251203-0079,JS000101-251203-0079,大厅.A08,,,,2,452.0,0.0,452.0,收银pos,001-收银,2025-12-03 20:17:29,否,0,20
YY000101-251203-0091,JS000101-251203-0090,大厅.A05,,,,2,226.0,0.0,226.0,收银pos,001-收银,2025-12-03 20:14:55,否,0,20
YY000101-251203-0105,JS000101-251203-0105,外卖区域.WM客位204262,,,,1,45.7,0.0,45.7,收银pos,001-收银,2025-12-03 20:13:41,否,1,20
YY000101-251203-0104,JS000101-251203-0104,外卖区域.WM客位204262,,,,1,49.8,0.0,49.8,收银pos,001-收银,2025-12-03 20:03:42,否,1,20
YY000101-251203-0103,JS000101-251203-0103,外卖区域.WM客位204262,,,,1,41.8,0.0,41.8,收银pos,001-收银,2025-12-03 19:50:51,否,1,19
YY000101-251203-0102,JS000101-251203-0102,外卖区域.WM客位204262,,,,1,34.8,0.0,34.8,收银pos,001-收银,2025-12-03 19:48:22,否,1,19
YY000101-251203-0101,JS000101-251203-0101,外卖区域.WM客位204262,,,,1,49.8,0.0,49.8,收银pos,001-收银,2025-12-03 19:37:17,否,1,19
YY000101-251203-0100,JS000101-251203-0100,外卖区域.WM客位204262,,,,1,33.8,0.0,33.8,收银pos,001-收银,2025-12-03 19:29:30,否,1,19
YY000101-251203-0099,JS000101-251203-0099,外卖区域.WM客位204262,,,,1,43.8,0.0,43.8,收银pos,001-收银,2025-12-03 19:27:16,否,1,19
YY000101-251203-0098,JS000101-251203-0098,大厅.A01,,,,2,26.0,0.0,26.0,收银pos,001-收银,2025-12-03 19:25:26,否,0,19
YY000101-251203-0087,JS000101-251203-0086,大厅.A11,,,,2,178.0,0.0,178.0,收银pos,001-收银,2025-12-03 19:23:42,否,0,19
YY000101-251203-0085,JS000101-251203-0097,大厅.A03,,,,3,330.0,0.0,330.0,收银pos,001-收银,2025-12-03 19:23:35,否,0,19
YY000101-251203-0097,JS000101-251203-0096,外卖区域.WM客位204262,,,,1,32.8,0.0,32.8,收银pos,001-收银,2025-12-03 19:06:24,否,1,19
YY000101-251203-0096,JS000101-251203-0095,外卖区域.WM客位204262,,,,1,32.8,0.0,32.8,收银pos,001-收银,2025-12-03 19:06:02,否,1,19
YY000101-251203-0095,JS000101-251203-0094,外卖区域.WM客位204262,,,,1,34.8,0.0,34.8,收银pos,001-收银,2025-12-03 19:05:50,否,1,19
YY000101-251203-0094,JS000101-251203-0093,外卖区域.WM客位204262,,,,1,32.8,0.0,32.8,收银pos,001-收银,2025-12-03 19:05:12,否,1,19
YY000101-251203-0083,JS000101-251203-0083,大厅.A02,,,,2,236.0,0.0,236.0,收银pos,001-收银,2025-12-03 19:02:08,否,0,19
YY000101-251203-0093,JS000101-251203-0092,外卖区域.WM客位204262,,,,1,33.8,0.0,33.8,收银pos,001-收银,2025-12-03 18:59:45,否,1,18
YY000101-251203-0092,JS000101-251203-0091,外卖区域.WM客位204262,,,,1,32.8,0.0,32.8,收银pos,001-收银,2025-12-03 18:56:15,否,1,18
YY000101-251203-0090,JS000101-251203-0089,外卖区域.WM客位204262,,,,1,34.8,0.0,34.8,收银pos,001-收银,2025-12-03 18:23:56,否,1,18
YY000101-251203-0089,JS000101-251203-0088,外卖区域.WM客位204262,,,,1,33.8,0.0,33.8,收银pos,001-收银,2025-12-03 18:23:24,否,1,18
YY000101-251203-0072,JS000101-251203-0073,大厅.A04,,,,2,308.0,100.0,208.0,收银pos,001-收银,2025-12-03 18:23:16,否,1,18
YY000101-251203-0088,JS000101-251203-0087,大厅.A01,,,,2,4.0,0.0,4.0,收银pos,001-收银,2025-12-03 18:09:03,否,0,18
YY000101-251203-0086,JS000101-251203-0085,外卖区域.WM客位204262,,,,1,36.8,0.0,36.8,收银pos,001-收银,2025-12-03 18:04:38,否,1,18
YY000101-251203-0084,JS000101-251203-0084,外卖区域.WM客位204262,,,,1,41.7,0.0,41.7,收银pos,001-收银,2025-12-03 18:01:43,否,1,18
YY000101-251203-0082,JS000101-251203-0082,外卖区域.WM客位204262,,,,1,64.7,0.0,64.7,收银pos,001-收银,2025-12-03 17:58:38,否,1,17
YY000101-251203-0080,JS000101-251203-0080,外卖区域.WM客位204262,,,,1,41.7,0.0,41.7,收银pos,001-收银,2025-12-03 17:55:48,否,1,17
YY000101-251203-0078,JS000101-251203-0078,外卖区域.WM客位204262,,,,1,46.8,0.0,46.8,收银pos,001-收银,2025-12-03 17:37:09,否,1,17
YY000101-251203-0076,JS000101-251203-0077,大厅.A10,,,,2,61.0,0.0,61.0,收银pos,001-收银,2025-12-03 17:35:32,否,0,17
YY000101-251203-0077,JS000101-251203-0076,外卖区域.WM客位204262,,,,1,27.8,0.0,27.8,收银pos,001-收银,2025-12-03 17:35:25,否,1,17
YY000101-251203-0075,JS000101-251203-0075,外卖区域.WM客位204262,,,,1,34.8,0.0,34.8,收银pos,001-收银,2025-12-03 17:31:04,否,1,17
YY000101-251203-0074,JS000101-251203-0074,外卖区域.WM客位204262,,,,1,199.0,0.0,199.0,收银pos,001-收银,2025-12-03 17:26:08,否,1,17
YY000101-251203-0073,JS000101-251203-0072,外卖区域.WM客位204262,,,,1,36.2,0.0,36.2,收银pos,001-收银,2025-12-03 17:21:17,否,1,17
YY000101-251203-0071,JS000101-251203-0071,外卖区域.WM客位204262,,,,1,34.8,0.0,34.8,收银pos,001-收银,2025-12-03 17:17:16,否,1,17
YY000101-251203-0070,JS000101-251203-0070,外卖区域.WM客位204262,,,,1,68.6,0.0,68.6,收银pos,001-收银,2025-12-03 17:08:46,否,1,17
YY000101-251203-0069,JS000101-251203-0069,外卖区域.WM客位204262,,,,1,32.8,0.0,32.8,收银pos,001-收银,2025-12-03 16:24:29,否,1,16
YY000101-251203-0068,JS000101-251203-0068,外卖区域.WM客位204262,,,,1,38.6,0.0,38.6,收银pos,001-收银,2025-12-03 15:43:13,否,1,15
YY000101-251203-0067,JS000101-251203-0067,外卖区域.WM客位204262,,,,1,33.8,0.0,33.8,收银pos,001-收银,2025-12-03 15:38:01,否,1,15
YY000101-251203-0066,JS000101-251203-0066,外卖区域.WM客位204262,,,,1,34.8,0.0,34.8,收银pos,001-收银,2025-12-03 15:30:18,否,1,15
YY000101-251203-0065,JS000101-251203-0065,外卖区域.WM客位204262,,,,1,72.8,0.0,72.8,收银pos,001-收银,2025-12-03 15:25:41,否,1,15
YY000101-251203-0064,JS000101-251203-0064,外卖区域.WM客位204262,,,,1,43.0,0.0,43.0,收银pos,001-收银,2025-12-03 15:22:57,否,1,15
YY000101-251203-0063,JS000101-251203-0063,外卖区域.WM客位204262,,,,1,34.8,0.0,34.8,收银pos,001-收银,2025-12-03 15:03:56,否,1,15
YY000101-251203-0062,JS000101-251203-0062,外卖区域.WM客位204262,,,,1,46.7,0.0,46.7,收银pos,001-收银,2025-12-03 14:48:07,否,1,14
YY000101-251203-0061,JS000101-251203-0061,外卖区域.WM客位204262,,,,1,47.8,0.0,47.8,收银pos,001-收银,2025-12-03 14:43:01,否,1,14
YY000101-251203-0059,JS000101-251203-0060,大厅.A04,,,,2,23.0,2.76,20.24,收银pos,001-收银,2025-12-03 14:26:33,否,0,14
YY000101-251203-0058,JS000101-251203-0058,大厅.A06,,,,2,23.8,0.0,23.8,收银pos,001-收银,2025-12-03 14:21:10,否,0,14
YY000101-251203-0060,JS000101-251203-0059,外卖区域.WM客位204262,,,,1,34.8,0.0,34.8,收银pos,001-收银,2025-12-03 14:03:10,否,1,14
YY000101-251203-0057,JS000101-251203-0057,外卖区域.WM客位204262,,,,1,36.6,0.0,36.6,收银pos,001-收银,2025-12-03 13:56:58,否,1,13
YY000101-251203-0052,JS000101-251203-0056,大厅.A07,,,,3,108.0,0.0,108.0,收银pos,001-收银,2025-12-03 13:43:42,否,0,13
YY000101-251203-0035,JS000101-251203-0055,大厅.A04,,,,3,259.0,0.0,259.0,收银pos,001-收银,2025-12-03 13:31:41,否,0,13
YY000101-251203-0046,JS000101-251203-0054,大厅.A06,,,,2,56.0,0.0,56.0,收银pos,001-收银,2025-12-03 13:28:52,否,0,13
YY000101-251203-0056,JS000101-251203-0053,外卖区域.WM客位204262,,,,1,37.7,0.0,37.7,收银pos,001-收银,2025-12-03 13:26:25,否,1,13
YY000101-251203-0055,JS000101-251203-0052,大厅.A11,,,,2,56.0,0.0,56.0,收银pos,001-收银,2025-12-03 13:18:15,否,0,13
YY000101-251203-0054,JS000101-251203-0051,外卖区域.WM客位204262,,,,1,43.7,0.0,43.7,收银pos,001-收银,2025-12-03 13:16:11,否,1,13
YY000101-251203-0053,JS000101-251203-0050,外卖区域.WM客位204262,,,,1,71.7,0.0,71.7,收银pos,001-收银,2025-12-03 13:13:21,否,1,13
YY000101-251203-0050,JS000101-251203-0048,外卖区域.WM客位204262,,,,1,34.8,0.0,34.8,收银pos,001-收银,2025-12-03 13:03:24,否,1,13
YY000101-251203-0049,JS000101-251203-0047,外卖区域.WM客位204262,,,,1,42.4,0.0,42.4,收银pos,001-收银,2025-12-03 13:02:36,否,1,13
YY000101-251203-0048,JS000101-251203-0046,外卖区域.WM客位204262,,,,1,32.7,0.0,32.7,收银pos,001-收银,2025-12-03 12:56:29,否,1,12
YY000101-251203-0045,JS000101-251203-0044,外卖区域.WM客位204262,,,,1,34.8,0.0,34.8,收银pos,001-收银,2025-12-03 12:45:02,否,1,12
YY000101-251203-0044,JS000101-251203-0043,大厅.A02,,,,1,26.0,0.0,26.0,收银pos,001-收银,2025-12-03 12:43:06,否,0,12
YY000101-251203-0043,JS000101-251203-0042,外卖区域.WM客位204262,,,,1,43.7,0.0,43.7,收银pos,001-收银,2025-12-03 12:39:05,否,1,12
YY000101-251203-0031,JS000101-251203-0041,大厅.A07,,,,2,80.0,0.0,80.0,收银pos,001-收银,2025-12-03 12:36:59,否,0,12
YY000101-251203-0042,JS000101-251203-0040,外卖区域.WM客位204262,,,,1,37.8,0.0,37.8,收银pos,001-收银,2025-12-03 12:30:12,否,1,12
YY000101-251203-0041,JS000101-251203-0039,外卖区域.WM客位204262,,,,1,34.8,0.0,34.8,收银pos,001-收银,2025-12-03 12:25:32,否,1,12
YY000101-251203-0040,JS000101-251203-0038,外卖区域.WM客位204262,,,,1,38.8,0.0,38.8,收银pos,001-收银,2025-12-03 12:24:24,否,1,12
YY000101-251203-0039,JS000101-251203-0037,外卖区域.WM客位204262,,,,1,38.2,0.0,38.2,收银pos,001-收银,2025-12-03 12:24:07,否,1,12
YY000101-251203-0038,JS000101-251203-0036,外卖区域.WM客位204262,,,,1,44.7,0.0,44.7,收银pos,001-收银,2025-12-03 12:22:23,否,1,12
YY000101-251203-0037,JS000101-251203-0035,外卖区域.WM客位204262,,,,1,42.7,0.0,42.7,收银pos,001-收银,2025-12-03 12:21:10,否,1,12
YY000101-251203-0036,JS000101-251203-0034,外卖区域.WM客位204262,,,,1,35.8,0.0,35.8,收银pos,001-收银,2025-12-03 12:18:56,否,1,12
YY000101-251203-0034,JS000101-251203-0033,外卖区域.WM客位204262,,,,1,52.5,0.0,52.5,收银pos,001-收银,2025-12-03 12:12:59,否,1,12
YY000101-251203-0033,JS000101-251203-0032,外卖区域.WM客位204262,,,,1,33.8,0.0,33.8,收银pos,001-收银,2025-12-03 12:08:04,否,1,12
YY000101-251203-0032,JS000101-251203-0031,外卖区域.WM客位204262,,,,1,47.8,0.0,47.8,收银pos,001-收银,2025-12-03 12:06:51,否,1,12
YY000101-251203-0030,JS000101-251203-0030,外卖区域.WM客位204262,,,,1,47.7,0.0,47.7,收银pos,001-收银,2025-12-03 12:04:11,否,1,12
YY000101-251203-0029,JS000101-251203-0029,外卖区域.WM客位204262,,,,1,44.8,0.0,44.8,收银pos,001-收银,2025-12-03 12:01:01,否,1,12
YY000101-251203-0021,JS000101-251203-0028,大厅.A04,,,,1,29.0,0.0,29.0,收银pos,001-收银,2025-12-03 12:00:14,否,0,12
YY000101-251203-0028,JS000101-251203-0027,大厅.A11,,,,1,25.0,0.0,25.0,收银pos,001-收银,2025-12-03 11:58:14,否,0,11
YY000101-251203-0027,JS000101-251203-0026,外卖区域.WM客位204262,,,,1,33.8,0.0,33.8,收银pos,001-收银,2025-12-03 11:55:34,否,1,11
YY000101-251203-0026,JS000101-251203-0025,外卖区域.WM客位204262,,,,1,33.6,0.0,33.6,收银pos,001-收银,2025-12-03 11:46:41,否,1,11
YY000101-251203-0025,JS000101-251203-0024,外卖区域.WM客位204262,,,,1,50.6,0.0,50.6,收银pos,001-收银,2025-12-03 11:44:17,否,1,11
YY000101-251203-0016,JS000101-251203-0023,大厅.A09,,,,3,118.0,0.0,118.0,收银pos,001-收银,2025-12-03 11:43:09,否,0,11
YY000101-251203-0024,JS000101-251203-0022,外卖区域.WM客位204262,,,,1,41.7,0.0,41.7,收银pos,001-收银,2025-12-03 11:41:03,否,1,11
YY000101-251203-0023,JS000101-251203-0021,外卖区域.WM客位204262,,,,1,32.8,0.0,32.8,收银pos,001-收银,2025-12-03 11:37:43,否,1,11
YY000101-251203-0022,JS000101-251203-0020,外卖区域.WM客位204262,,,,1,33.8,0.0,33.8,收银pos,001-收银,2025-12-03 11:36:29,否,1,11
YY000101-251203-0020,JS000101-251203-0019,外卖区域.WM客位204262,,,,1,31.8,0.0,31.8,收银pos,001-收银,2025-12-03 11:29:42,否,1,11
YY000101-251203-0019,JS000101-251203-0018,外卖区域.WM客位204262,,,,1,38.6,0.0,38.6,收银pos,001-收银,2025-12-03 11:23:46,否,1,11
YY000101-251203-0018,JS000101-251203-0017,外卖区域.WM客位204262,,,,1,46.8,0.0,46.8,收银pos,001-收银,2025-12-03 11:21:12,否,1,11
YY000101-251203-0017,JS000101-251203-0016,外卖区域.WM客位204262,,,,1,34.8,0.0,34.8,收银pos,001-收银,2025-12-03 11:20:29,否,1,11
YY000101-251203-0015,JS000101-251203-0015,外卖区域.WM客位204262,,,,1,50.8,0.0,50.8,收银pos,001-收银,2025-12-03 11:12:22,否,1,11
YY000101-251203-0013,JS000101-251203-0013,外卖区域.WM客位204262,,,,1,43.8,0.0,43.8,收银pos,001-收银,2025-12-03 11:12:14,否,1,11
YY000101-251203-0012,JS000101-251203-0012,外卖区域.WM客位204262,,,,1,41.2,0.0,41.2,收银pos,001-收银,2025-12-03 11:08:08,否,1,11
YY000101-251203-0011,JS000101-251203-0011,外卖区域.WM客位204262,,,,1,55.8,0.0,55.8,收银pos,001-收银,2025-12-03 11:01:17,否,1,11
YY000101-251203-0010,JS000101-251203-0010,外卖区域.WM客位204262,,,,1,37.8,0.0,37.8,收银pos,001-收银,2025-12-03 10:58:57,否,1,10
YY000101-251203-0009,JS000101-251203-0009,外卖区域.WM客位204262,,,,1,50.8,0.0,50.8,收银pos,001-收银,2025-12-03 10:56:59,否,1,10
YY000101-251203-0007,JS000101-251203-0007,外卖区域.WM客位204262,,,,1,124.6,0.0,124.6,收银pos,001-收银,2025-12-03 10:54:53,否,1,10
YY000101-251203-0005,JS000101-251203-0005,外卖区域.WM客位204262,,,,1,46.8,0.0,46.8,收银pos,001-收银,2025-12-03 10:52:26,否,1,10
YY000101-251203-0004,JS000101-251203-0004,外卖区域.WM客位204262,,,,1,38.7,0.0,38.7,收银pos,001-收银,2025-12-03 10:51:28,否,1,10
YY000101-251203-0003,JS000101-251203-0003,外卖区域.WM客位204262,,,,1,38.7,0.0,38.7,收银pos,001-收银,2025-12-03 10:37:17,否,1,10
YY000101-251203-0002,JS000101-251203-0002,外卖区域.WM客位204262,,,,1,38.7,0.0,38.7,收银pos,001-收银,2025-12-03 10:00:51,否,1,10
YY000101-251203-0001,JS000101-251203-0001,外卖区域.WM客位204262,,,,1,38.3,0.0,38.3,收银pos,001-收银,2025-12-03 09:36:29,否,1,9
YY000101-251202-0098,JS000101-251202-0098,大厅.A07,,,,1,508.0,161.6,346.4,收银pos,001-收银,2025-12-02 20:51:38,否,0,20
YY000101-251202-0093,JS000101-251202-0097,大厅.A04,,,,1,29.0,14.5,14.5,收银pos,001-收银,2025-12-02 20:47:51,否,0,20
YY000101-251202-0097,JS000101-251202-0096,大厅.A05,,,,2,52.0,0.0,52.0,收银pos,001-收银,2025-12-02 20:45:42,否,0,20
YY000101-251202-0091,JS000101-251202-0090,大厅.A08,,,,2,434.0,0.0,434.0,收银pos,001-收银,2025-12-02 20:36:37,否,0,20
YY000101-251202-0094,JS000101-251202-0095,大厅.A06,,,,2,85.0,0.0,85.0,收银pos,001-收银,2025-12-02 20:17:27,否,0,20
YY000101-251202-0099,JS000101-251202-0094,外卖区域.WM客位204262,,,,1,70.5,0.0,70.5,收银pos,001-收银,2025-12-02 20:16:48,否,1,20
YY000101-251202-0096,JS000101-251202-0093,外卖区域.WM客位204262,,,,1,57.8,0.0,57.8,收银pos,001-收银,2025-12-02 19:56:46,否,1,19
YY000101-251202-0095,JS000101-251202-0092,外卖区域.WM客位204262,,,,1,53.8,0.0,53.8,收银pos,001-收银,2025-12-02 19:49:48,否,1,19
YY000101-251202-0092,JS000101-251202-0091,外卖区域.WM客位204262,,,,1,37.8,0.0,37.8,收银pos,001-收银,2025-12-02 19:37:07,否,1,19
YY000101-251202-0090,JS000101-251202-0089,外卖区域.WM客位204262,,,,1,49.6,0.0,49.6,收银pos,001-收银,2025-12-02 19:29:49,否,1,19
YY000101-251202-0088,JS000101-251202-0088,大厅.A02,,,,1,25.0,0.0,25.0,收银pos,001-收银,2025-12-02 19:24:33,否,0,19
YY000101-251202-0089,JS000101-251202-0087,外卖区域.WM客位204262,,,,1,36.7,0.0,36.7,收银pos,001-收银,2025-12-02 19:24:13,否,1,19
YY000101-251202-0087,JS000101-251202-0086,大厅.A01,,,,2,26.0,0.0,26.0,收银pos,001-收银,2025-12-02 19:15:30,否,0,19
YY000101-251202-0078,JS000101-251202-0085,大厅.A04,,,,3,490.0,129.2,360.8,收银pos,001-收银,2025-12-02 19:05:22,否,1,19
YY000101-251202-0079,JS000101-251202-0084,大厅.A03,,,,4,296.0,104.8,191.2,收银pos,001-收银,2025-12-02 19:01:58,否,0,19
YY000101-251202-0086,JS000101-251202-0083,外卖区域.WM客位204262,,,,1,68.6,0.0,68.6,收银pos,001-收银,2025-12-02 18:55:26,否,1,18
YY000101-251202-0076,JS000101-251202-0081,大厅.A06,,,,3,271.0,0.0,271.0,收银pos,001-收银,2025-12-02 18:45:55,否,0,18
YY000101-251202-0084,JS000101-251202-0080,外卖区域.WM客位204262,,,,1,36.8,0.0,36.8,收银pos,001-收银,2025-12-02 18:43:14,否,1,18
YY000101-251202-0083,JS000101-251202-0079,外卖区域.WM客位204262,,,,1,37.8,0.0,37.8,收银pos,001-收银,2025-12-02 18:41:56,否,1,18
YY000101-251202-0082,JS000101-251202-0078,外卖区域.WM客位204262,,,,1,92.6,0.0,92.6,收银pos,001-收银,2025-12-02 18:32:07,否,1,18
YY000101-251202-0081,JS000101-251202-0077,外卖区域.WM客位204262,,,,1,32.8,0.0,32.8,收银pos,001-收银,2025-12-02 18:32:00,否,1,18
YY000101-251202-0080,JS000101-251202-0076,外卖区域.WM客位204262,,,,1,42.8,0.0,42.8,收银pos,001-收银,2025-12-02 18:22:20,否,1,18
YY000101-251202-0073,JS000101-251202-0075,大厅.A10,,,,2,26.0,13.0,13.0,收银pos,001-收银,2025-12-02 18:19:23,否,0,18
YY000101-251202-0077,JS000101-251202-0074,外卖区域.WM客位204262,,,,1,35.3,0.0,35.3,收银pos,001-收银,2025-12-02 18:06:22,否,1,18
YY000101-251202-0075,JS000101-251202-0073,外卖区域.WM客位204262,,,,1,43.8,0.0,43.8,收银pos,001-收银,2025-12-02 18:05:13,否,1,18
YY000101-251202-0074,JS000101-251202-0072,外卖区域.WM客位204262,,,,1,50.7,0.0,50.7,收银pos,001-收银,2025-12-02 17:59:57,否,1,17
YY000101-251202-0072,JS000101-251202-0071,外卖区域.WM客位204262,,,,1,43.8,0.0,43.8,收银pos,001-收银,2025-12-02 17:52:49,否,1,17
YY000101-251202-0071,JS000101-251202-0070,外卖区域.WM客位204262,,,,1,40.8,0.0,40.8,收银pos,001-收银,2025-12-02 17:51:05,否,1,17
YY000101-251202-0070,JS000101-251202-0069,外卖区域.WM客位204262,,,,1,31.8,0.0,31.8,收银pos,001-收银,2025-12-02 17:19:23,否,1,17
YY000101-251202-0069,JS000101-251202-0068,外卖区域.WM客位204262,,,,1,45.8,0.0,45.8,收银pos,001-收银,2025-12-02 17:05:02,否,1,17
YY000101-251202-0068,JS000101-251202-0067,外卖区域.WM客位204262,,,,1,52.8,0.0,52.8,收银pos,001-收银,2025-12-02 16:56:30,否,1,16
YY000101-251202-0067,JS000101-251202-0066,外卖区域.WM客位204262,,,,1,36.8,0.0,36.8,收银pos,001-收银,2025-12-02 16:42:59,否,1,16
YY000101-251202-0066,JS000101-251202-0065,外卖区域.WM客位204262,,,,1,37.8,0.0,37.8,收银pos,001-收银,2025-12-02 16:30:49,否,1,16
YY000101-251202-0046,JS000101-251202-0064,大厅.A05,,,,2,64.0,0.0,64.0,收银pos,001-收银,2025-12-02 16:00:08,否,0,16
YY000101-251202-0065,JS000101-251202-0063,外卖区域.WM客位204262,,,,1,39.7,0.0,39.7,收银pos,001-收银,2025-12-02 15:45:20,否,1,15
YY000101-251202-0064,JS000101-251202-0062,外卖区域.WM客位204262,,,,1,46.8,0.0,46.8,收银pos,001-收银,2025-12-02 15:43:52,否,1,15
YY000101-251202-0062,JS000101-251202-0060,大厅.A01,,,,1,9.0,0.0,9.0,收银pos,001-收银,2025-12-02 15:26:22,否,0,15
YY000101-251202-0061,JS000101-251202-0059,外卖区域.WM客位204262,,,,1,39.7,0.0,39.7,收银pos,001-收银,2025-12-02 15:18:00,否,1,15
YY000101-251202-0060,JS000101-251202-0058,外卖区域.WM客位204262,,,,1,43.8,0.0,43.8,收银pos,001-收银,2025-12-02 14:36:19,否,1,14
YY000101-251202-0059,JS000101-251202-0057,外卖区域.WM客位204262,,,,1,37.8,0.0,37.8,收银pos,001-收银,2025-12-02 14:26:40,否,1,14
YY000101-251202-0058,JS000101-251202-0056,外卖区域.WM客位204262,,,,1,43.7,0.0,43.7,收银pos,001-收银,2025-12-02 14:21:34,否,1,14
YY000101-251202-0057,JS000101-251202-0055,外卖区域.WM客位204262,,,,1,45.8,0.0,45.8,收银pos,001-收银,2025-12-02 14:20:16,否,1,14
YY000101-251202-0056,JS000101-251202-0054,外卖区域.WM客位204262,,,,1,34.8,0.0,34.8,收银pos,001-收银,2025-12-02 14:19:28,否,1,14
YY000101-251202-0055,JS000101-251202-0053,外卖区域.WM客位204262,,,,1,35.8,0.0,35.8,收银pos,001-收银,2025-12-02 14:11:01,否,1,14
YY000101-251202-0054,JS000101-251202-0052,大厅.A09,,,,1,28.0,0.0,28.0,收银pos,001-收银,2025-12-02 13:37:12,否,0,13
YY000101-251202-0053,JS000101-251202-0051,外卖区域.WM客位204262,,,,1,73.6,0.0,73.6,收银pos,001-收银,2025-12-02 13:23:41,否,1,13
YY000101-251202-0052,JS000101-251202-0050,外卖区域.WM客位204262,,,,1,34.8,0.0,34.8,收银pos,001-收银,2025-12-02 13:19:21,否,1,13
YY000101-251202-0051,JS000101-251202-0049,外卖区域.WM客位204262,,,,1,52.8,0.0,52.8,收银pos,001-收银,2025-12-02 13:19:04,否,1,13
YY000101-251202-0050,JS000101-251202-0048,外卖区域.WM客位204262,,,,1,35.8,0.0,35.8,收银pos,001-收银,2025-12-02 13:18:11,否,1,13
YY000101-251202-0049,JS000101-251202-0047,外卖区域.WM客位204262,,,,1,27.8,0.0,27.8,收银pos,001-收银,2025-12-02 13:16:37,否,1,13
YY000101-251202-0048,JS000101-251202-0046,外卖区域.WM客位204262,,,,1,43.6,0.0,43.6,收银pos,001-收银,2025-12-02 13:13:48,否,1,13
YY000101-251202-0047,JS000101-251202-0045,大厅.A09,,,,3,86.0,0.0,86.0,收银pos,001-收银,2025-12-02 13:07:42,否,0,13
YY000101-251202-0045,JS000101-251202-0044,外卖区域.WM客位204262,,,,1,31.8,0.0,31.8,收银pos,001-收银,2025-12-02 13:02:04,否,1,13
YY000101-251202-0044,JS000101-251202-0043,外卖区域.WM客位204262,,,,1,55.7,0.0,55.7,收银pos,001-收银,2025-12-02 13:00:05,否,1,13
YY000101-251202-0042,JS000101-251202-0042,大厅.A06,,,,1,25.0,0.0,25.0,收银pos,001-收银,2025-12-02 12:58:54,否,0,12
YY000101-251202-0043,JS000101-251202-0041,外卖区域.WM客位204262,,,,1,34.8,0.0,34.8,收银pos,001-收银,2025-12-02 12:58:52,否,1,12
YY000101-251202-0041,JS000101-251202-0040,外卖区域.WM客位204262,,,,1,27.8,0.0,27.8,收银pos,001-收银,2025-12-02 12:55:53,否,1,12
YY000101-251202-0040,JS000101-251202-0039,外卖区域.WM客位204262,,,,1,133.2,0.0,133.2,收银pos,001-收银,2025-12-02 12:49:16,否,1,12
YY000101-251202-0039,JS000101-251202-0038,外卖区域.WM客位204262,,,,1,37.8,0.0,37.8,收银pos,001-收银,2025-12-02 12:39:07,否,1,12
YY000101-251202-0038,JS000101-251202-0037,外卖区域.WM客位204262,,,,1,35.7,0.0,35.7,收银pos,001-收银,2025-12-02 12:39:00,否,1,12
YY000101-251202-0037,JS000101-251202-0036,外卖区域.WM客位204262,,,,1,42.6,0.0,42.6,收银pos,001-收银,2025-12-02 12:38:47,否,1,12
YY000101-251202-0036,JS000101-251202-0035,外卖区域.WM客位204262,,,,1,125.4,0.0,125.4,收银pos,001-收银,2025-12-02 12:36:18,否,1,12
YY000101-251202-0035,JS000101-251202-0034,大厅.A11,,,,1,28.0,0.0,28.0,收银pos,001-收银,2025-12-02 12:30:25,否,0,12
YY000101-251202-0034,JS000101-251202-0033,外卖区域.WM客位204262,,,,1,43.8,0.0,43.8,收银pos,001-收银,2025-12-02 12:28:46,否,1,12
YY000101-251202-0033,JS000101-251202-0032,外卖区域.WM客位204262,,,,1,34.8,0.0,34.8,收银pos,001-收银,2025-12-02 12:28:39,否,1,12
YY000101-251202-0031,JS000101-251202-0031,外卖区域.WM客位204262,,,,1,38.8,0.0,38.8,收银pos,001-收银,2025-12-02 12:07:14,否,1,12
YY000101-251202-0030,JS000101-251202-0030,外卖区域.WM客位204262,,,,1,34.8,0.0,34.8,收银pos,001-收银,2025-12-02 11:59:11,否,1,11
YY000101-251202-0007,JS000101-251202-0028,大厅.A08,,,,5,505.0,213.0,292.0,收银pos,001-收银,2025-12-02 11:52:13,否,1,11
YY000101-251202-0029,JS000101-251202-0029,外卖区域.WM客位204262,,,,1,37.8,0.0,37.8,收银pos,001-收银,2025-12-02 11:52:09,否,1,11
YY000101-251202-0028,JS000101-251202-0027,外卖区域.WM客位204262,,,,1,59.6,0.0,59.6,收银pos,001-收银,2025-12-02 11:48:24,否,1,11
YY000101-251202-0027,JS000101-251202-0026,外卖区域.WM客位204262,,,,1,38.8,0.0,38.8,收银pos,001-收银,2025-12-02 11:46:35,否,1,11
YY000101-251202-0026,JS000101-251202-0025,外卖区域.WM客位204262,,,,1,37.7,0.0,37.7,收银pos,001-收银,2025-12-02 11:44:57,否,1,11
YY000101-251202-0025,JS000101-251202-0024,外卖区域.WM客位204262,,,,1,49.8,0.0,49.8,收银pos,001-收银,2025-12-02 11:43:49,否,1,11
YY000101-251202-0024,JS000101-251202-0023,外卖区域.WM客位204262,,,,1,74.6,0.0,74.6,收银pos,001-收银,2025-12-02 11:43:01,否,1,11
YY000101-251202-0023,JS000101-251202-0022,外卖区域.WM客位204262,,,,1,42.8,0.0,42.8,收银pos,001-收银,2025-12-02 11:36:44,否,1,11
YY000101-251202-0022,JS000101-251202-0021,外卖区域.WM客位204262,,,,1,34.8,0.0,34.8,收银pos,001-收银,2025-12-02 11:35:00,否,1,11
YY000101-251202-0021,JS000101-251202-0020,外卖区域.WM客位204262,,,,1,49.6,0.0,49.6,收银pos,001-收银,2025-12-02 11:32:57,否,1,11
YY000101-251202-0020,JS000101-251202-0019,外卖区域.WM客位204262,,,,1,59.48,0.0,59.48,收银pos,001-收银,2025-12-02 11:29:17,否,1,11
YY000101-251202-0017,JS000101-251202-0016,外卖区域.WM客位204262,,,,1,49.7,0.0,49.7,收银pos,001-收银,2025-12-02 11:22:25,否,1,11
YY000101-251202-0016,JS000101-251202-0015,外卖区域.WM客位204262,,,,1,35.6,0.0,35.6,收银pos,001-收银,2025-12-02 11:20:07,否,1,11
YY000101-251202-0015,JS000101-251202-0014,外卖区域.WM客位204262,,,,1,38.64,0.0,38.64,收银pos,001-收银,2025-12-02 11:19:43,否,1,11
YY000101-251202-0014,JS000101-251202-0013,外卖区域.WM客位204262,,,,1,38.7,0.0,38.7,收银pos,001-收银,2025-12-02 11:18:50,否,1,11
YY000101-251202-0013,JS000101-251202-0012,外卖区域.WM客位204262,,,,1,48.3,0.0,48.3,收银pos,001-收银,2025-12-02 11:16:56,否,1,11
YY000101-251202-0012,JS000101-251202-0011,外卖区域.WM客位204262,,,,1,42.7,0.0,42.7,收银pos,001-收银,2025-12-02 11:16:33,否,1,11
YY000101-251202-0011,JS000101-251202-0010,外卖区域.WM客位204262,,,,1,34.8,0.0,34.8,收银pos,001-收银,2025-12-02 11:14:02,否,1,11
YY000101-251202-0010,JS000101-251202-0009,外卖区域.WM客位204262,,,,1,34.7,0.0,34.7,收银pos,001-收银,2025-12-02 11:11:38,否,1,11
YY000101-251202-0009,JS000101-251202-0008,外卖区域.WM客位204262,,,,1,39.7,0.0,39.7,收银pos,001-收银,2025-12-02 11:07:42,否,1,11
YY000101-251202-0008,JS000101-251202-0007,外卖区域.WM客位204262,,,,1,68.8,0.0,68.8,收银pos,001-收银,2025-12-02 11:07:24,否,1,11
YY000101-251202-0006,JS000101-251202-0006,外卖区域.WM客位204262,,,,1,41.8,0.0,41.8,收银pos,001-收银,2025-12-02 11:02:33,否,1,11
YY000101-251202-0005,JS000101-251202-0005,外卖区域.WM客位204262,,,,1,42.6,0.0,42.6,收银pos,001-收银,2025-12-02 10:53:10,否,1,10
YY000101-251202-0004,JS000101-251202-0004,外卖区域.WM客位204262,,,,1,34.8,0.0,34.8,收银pos,001-收银,2025-12-02 10:46:28,否,1,10
YY000101-251202-0003,JS000101-251202-0003,外卖区域.WM客位204262,,,,1,69.9,0.0,69.9,收银pos,001-收银,2025-12-02 10:33:28,否,1,10
YY000101-251202-0002,JS000101-251202-0002,外卖区域.WM客位204262,,,,1,36.6,0.0,36.6,收银pos,001-收银,2025-12-02 10:19:58,否,1,10
YY000101-251202-0001,JS000101-251202-0001,外卖区域.WM客位204262,,,,1,38.6,0.0,38.6,收银pos,001-收银,2025-12-02 09:49:42,否,1,9
YY000101-251201-0093,JS000101-251201-0093,大厅.A09,,,,3,523.0,0.0,523.0,收银pos,001-收银,2025-12-01 21:28:35,否,1,21
YY000101-251201-0094,JS000101-251201-0092,外卖区域.WM客位204262,,,,1,43.8,0.0,43.8,收银pos,001-收银,2025-12-01 20:39:40,否,1,20
YY000101-251201-0092,JS000101-251201-0091,大厅.A06,,,,1,47.0,0.0,47.0,收银pos,001-收银,2025-12-01 20:39:32,否,0,20
YY000101-251201-0089,JS000101-251201-0090,大厅.A03,,,,2,67.0,0.0,67.0,收银pos,001-收银,2025-12-01 20:31:38,否,0,20
YY000101-251201-0080,JS000101-251201-0089,大厅.A09,,,,3,219.0,43.8,175.2,收银pos,001-收银,2025-12-01 20:19:03,否,0,20
YY000101-251201-0091,JS000101-251201-0088,外卖区域.WM客位204262,,,,1,33.8,0.0,33.8,收银pos,001-收银,2025-12-01 20:11:18,否,1,20
YY000101-251201-0078,JS000101-251201-0077,大厅.A02,,,,2,222.0,0.0,222.0,收银pos,001-收银,2025-12-01 20:09:25,否,0,20
YY000101-251201-0087,JS000101-251201-0087,大厅.A07,,,,2,76.0,0.0,76.0,收银pos,001-收银,2025-12-01 20:07:15,否,0,20
YY000101-251201-0090,JS000101-251201-0086,外卖区域.WM客位204262,,,,1,34.8,0.0,34.8,收银pos,001-收银,2025-12-01 20:06:12,否,1,20
YY000101-251201-0088,JS000101-251201-0085,大厅.A04,,,,1,48.0,0.0,48.0,收银pos,001-收银,2025-12-01 19:42:51,否,0,19
YY000101-251201-0086,JS000101-251201-0084,外卖区域.WM客位204262,,,,1,50.8,0.0,50.8,收银pos,001-收银,2025-12-01 19:16:56,否,1,19
YY000101-251201-0085,JS000101-251201-0083,外卖区域.WM客位204262,,,,1,313.2,0.0,313.2,收银pos,001-收银,2025-12-01 19:14:57,否,1,19
YY000101-251201-0084,JS000101-251201-0082,外卖区域.WM客位204262,,,,1,37.8,0.0,37.8,收银pos,001-收银,2025-12-01 19:09:05,否,1,19
YY000101-251201-0083,JS000101-251201-0081,大厅.A07,,,,7,467.0,0.0,467.0,收银pos,001-收银,2025-12-01 19:06:00,否,0,19
YY000101-251201-0082,JS000101-251201-0080,外卖区域.WM客位204262,,,,1,37.7,0.0,37.7,收银pos,001-收银,2025-12-01 18:52:31,否,1,18
YY000101-251201-0081,JS000101-251201-0079,外卖区域.WM客位204262,,,,1,47.8,0.0,47.8,收银pos,001-收银,2025-12-01 18:51:02,否,1,18
YY000101-251201-0079,JS000101-251201-0078,外卖区域.WM客位204262,,,,1,40.6,0.0,40.6,收银pos,001-收银,2025-12-01 18:45:46,否,1,18
YY000101-251201-0077,JS000101-251201-0076,外卖区域.WM客位204262,,,,1,68.6,0.0,68.6,收银pos,001-收银,2025-12-01 18:41:35,否,1,18
YY000101-251201-0076,JS000101-251201-0075,外卖区域.WM客位204262,,,,1,32.8,0.0,32.8,收银pos,001-收银,2025-12-01 18:35:22,否,1,18
YY000101-251201-0075,JS000101-251201-0074,外卖区域.WM客位204262,,,,1,53.7,0.0,53.7,收银pos,001-收银,2025-12-01 18:30:16,否,1,18
YY000101-251201-0074,JS000101-251201-0073,外卖区域.WM客位204262,,,,1,39.7,0.0,39.7,收银pos,001-收银,2025-12-01 18:17:10,否,1,18
YY000101-251201-0073,JS000101-251201-0072,外卖区域.WM客位204262,,,,1,45.7,0.0,45.7,收银pos,001-收银,2025-12-01 18:05:44,否,1,18
YY000101-251201-0072,JS000101-251201-0071,外卖区域.WM客位204262,,,,1,47.7,0.0,47.7,收银pos,001-收银,2025-12-01 18:02:33,否,1,18
YY000101-251201-0071,JS000101-251201-0070,外卖区域.WM客位204262,,,,1,46.7,0.0,46.7,收银pos,001-收银,2025-12-01 18:00:04,否,1,18
YY000101-251201-0070,JS000101-251201-0069,外卖区域.WM客位204262,,,,1,36.6,0.0,36.6,收银pos,001-收银,2025-12-01 17:34:03,否,1,17
YY000101-251201-0069,JS000101-251201-0068,外卖区域.WM客位204262,,,,1,48.8,0.0,48.8,收银pos,001-收银,2025-12-01 17:32:30,否,1,17
YY000101-251201-0068,JS000101-251201-0067,外卖区域.WM客位204262,,,,1,32.8,0.0,32.8,收银pos,001-收银,2025-12-01 17:24:42,否,1,17
YY000101-251201-0067,JS000101-251201-0066,外卖区域.WM客位204262,,,,1,32.8,0.0,32.8,收银pos,001-收银,2025-12-01 17:08:12,否,1,17
YY000101-251201-0066,JS000101-251201-0065,外卖区域.WM客位204262,,,,1,46.7,0.0,46.7,收银pos,001-收银,2025-12-01 17:02:15,否,1,17
YY000101-251201-0065,JS000101-251201-0064,外卖区域.WM客位204262,,,,1,38.6,0.0,38.6,收银pos,001-收银,2025-12-01 16:59:51,否,1,16
YY000101-251201-0064,JS000101-251201-0063,外卖区域.WM客位204262,,,,1,35.8,0.0,35.8,收银pos,001-收银,2025-12-01 16:46:59,否,1,16
YY000101-251201-0062,JS000101-251201-0061,大厅.A11,,,,1,60.0,0.0,60.0,收银pos,001-收银,2025-12-01 16:17:56,否,0,16
YY000101-251201-0057,JS000101-251201-0055,大厅.A06,,,,2,337.0,0.0,337.0,收银pos,001-收银,2025-12-01 16:17:07,否,0,16
YY000101-251201-0061,JS000101-251201-0060,外卖区域.WM客位204262,,,,1,34.8,0.0,34.8,收银pos,001-收银,2025-12-01 16:01:34,否,1,16
YY000101-251201-0060,JS000101-251201-0059,外卖区域.WM客位204262,,,,1,72.8,0.0,72.8,收银pos,001-收银,2025-12-01 15:39:52,否,1,15
YY000101-251201-0052,JS000101-251201-0058,大厅.A01,,,,2,31.0,0.0,31.0,收银pos,001-收银,2025-12-01 15:18:06,否,0,15
YY000101-251201-0059,JS000101-251201-0057,外卖区域.WM客位204262,,,,1,37.8,0.0,37.8,收银pos,001-收银,2025-12-01 15:04:45,否,1,15
YY000101-251201-0058,JS000101-251201-0056,外卖区域.WM客位204262,,,,1,37.8,0.0,37.8,收银pos,001-收银,2025-12-01 15:02:06,否,1,15
YY000101-251201-0056,JS000101-251201-0054,外卖区域.WM客位204262,,,,1,40.8,0.0,40.8,收银pos,001-收银,2025-12-01 14:55:03,否,1,14
YY000101-251201-0055,JS000101-251201-0053,外卖区域.WM客位204262,,,,1,33.8,0.0,33.8,收银pos,001-收银,2025-12-01 14:44:38,否,1,14
YY000101-251201-0054,JS000101-251201-0052,外卖区域.WM客位204262,,,,1,51.8,0.0,51.8,收银pos,001-收银,2025-12-01 14:06:55,否,1,14
YY000101-251201-0053,JS000101-251201-0051,外卖区域.WM客位204262,,,,1,53.8,0.0,53.8,收银pos,001-收银,2025-12-01 14:05:16,否,1,14
YY000101-251201-0051,JS000101-251201-0050,外卖区域.WM客位204262,,,,1,36.8,0.0,36.8,收银pos,001-收银,2025-12-01 13:29:18,否,1,13
YY000101-251201-0047,JS000101-251201-0049,大厅.A06,,,,2,28.0,0.0,28.0,收银pos,001-收银,2025-12-01 13:11:49,否,0,13
YY000101-251201-0045,JS000101-251201-0048,大厅.A11,,,,2,67.0,0.0,67.0,收银pos,001-收银,2025-12-01 13:09:19,否,0,13
YY000101-251201-0049,JS000101-251201-0047,外卖区域.WM客位204262,,,,1,33.8,0.0,33.8,收银pos,001-收银,2025-12-01 13:03:10,否,1,13
YY000101-251201-0048,JS000101-251201-0046,外卖区域.WM客位204262,,,,1,38.8,0.0,38.8,收银pos,001-收银,2025-12-01 13:02:23,否,1,13
YY000101-251201-0036,JS000101-251201-0045,大厅.A08,,,,5,42.0,0.0,42.0,收银pos,001-收银,2025-12-01 12:57:03,否,0,12
YY000101-251201-0034,JS000101-251201-0044,大厅.A03,,,,1,48.0,0.0,48.0,收银pos,001-收银,2025-12-01 12:51:14,否,0,12
YY000101-251201-0046,JS000101-251201-0043,外卖区域.WM客位204262,,,,1,34.8,0.0,34.8,收银pos,001-收银,2025-12-01 12:46:36,否,1,12
YY000101-251201-0044,JS000101-251201-0042,外卖区域.WM客位204262,,,,1,34.8,0.0,34.8,收银pos,001-收银,2025-12-01 12:43:51,否,1,12
YY000101-251201-0043,JS000101-251201-0041,外卖区域.WM客位204262,,,,1,39.8,0.0,39.8,收银pos,001-收银,2025-12-01 12:42:54,否,1,12
YY000101-251201-0042,JS000101-251201-0040,外卖区域.WM客位204262,,,,1,33.8,0.0,33.8,收银pos,001-收银,2025-12-01 12:37:17,否,1,12
YY000101-251201-0041,JS000101-251201-0039,外卖区域.WM客位204262,,,,1,35.7,0.0,35.7,收银pos,001-收银,2025-12-01 12:32:52,否,1,12
YY000101-251201-0040,JS000101-251201-0038,外卖区域.WM客位204262,,,,1,38.6,0.0,38.6,收银pos,001-收银,2025-12-01 12:30:54,否,1,12
YY000101-251201-0024,JS000101-251201-0024,大厅.A04,,,,2,70.0,0.0,70.0,收银pos,001-收银,2025-12-01 12:27:45,否,0,12
YY000101-251201-0039,JS000101-251201-0037,外卖区域.WM客位204262,,,,1,39.7,0.0,39.7,收银pos,001-收银,2025-12-01 12:25:58,否,1,12
YY000101-251201-0038,JS000101-251201-0036,外卖区域.WM客位204262,,,,1,46.8,0.0,46.8,收银pos,001-收银,2025-12-01 12:25:25,否,1,12
YY000101-251201-0029,JS000101-251201-0035,大厅.A02,,,,1,28.0,0.0,28.0,收银pos,001-收银,2025-12-01 12:25:17,否,0,12
YY000101-251201-0037,JS000101-251201-0034,外卖区域.WM客位204262,,,,1,57.3,0.0,57.3,收银pos,001-收银,2025-12-01 12:24:18,否,1,12
YY000101-251201-0035,JS000101-251201-0033,外卖区域.WM客位204262,,,,1,46.8,0.0,46.8,收银pos,001-收银,2025-12-01 12:20:48,否,1,12
YY000101-251201-0033,JS000101-251201-0032,大厅.A08,,,,2,178.0,0.0,178.0,收银pos,001-收银,2025-12-01 12:18:56,否,0,12
YY000101-251201-0032,JS000101-251201-0031,大厅.A05,,,,2,178.0,0.0,178.0,收银pos,001-收银,2025-12-01 12:15:47,否,0,12
YY000101-251201-0030,JS000101-251201-0029,外卖区域.WM客位204262,,,,1,34.8,0.0,34.8,收银pos,001-收银,2025-12-01 12:09:36,否,1,12
YY000101-251201-0028,JS000101-251201-0028,外卖区域.WM客位204262,,,,1,47.8,0.0,47.8,收银pos,001-收银,2025-12-01 12:07:07,否,1,12
YY000101-251201-0027,JS000101-251201-0027,外卖区域.WM客位204262,,,,1,35.8,0.0,35.8,收银pos,001-收银,2025-12-01 12:01:20,否,1,12
YY000101-251201-0026,JS000101-251201-0026,外卖区域.WM客位204262,,,,1,51.8,0.0,51.8,收银pos,001-收银,2025-12-01 12:00:22,否,1,12
YY000101-251201-0025,JS000101-251201-0025,外卖区域.WM客位204262,,,,1,34.8,0.0,34.8,收银pos,001-收银,2025-12-01 11:57:42,否,1,11
YY000101-251201-0023,JS000101-251201-0023,外卖区域.WM客位204262,,,,1,32.8,0.0,32.8,收银pos,001-收银,2025-12-01 11:51:25,否,1,11
YY000101-251201-0022,JS000101-251201-0022,外卖区域.WM客位204262,,,,1,36.8,0.0,36.8,收银pos,001-收银,2025-12-01 11:46:24,否,1,11
YY000101-251201-0021,JS000101-251201-0021,外卖区域.WM客位204262,,,,1,36.6,0.0,36.6,收银pos,001-收银,2025-12-01 11:45:47,否,1,11
YY000101-251201-0020,JS000101-251201-0020,外卖区域.WM客位204262,,,,1,32.7,0.0,32.7,收银pos,001-收银,2025-12-01 11:32:53,否,1,11
YY000101-251201-0019,JS000101-251201-0019,外卖区域.WM客位204262,,,,1,36.8,0.0,36.8,收银pos,001-收银,2025-12-01 11:30:09,否,1,11
YY000101-251201-0018,JS000101-251201-0018,外卖区域.WM客位204262,,,,1,37.8,0.0,37.8,收银pos,001-收银,2025-12-01 11:29:41,否,1,11
YY000101-251201-0017,JS000101-251201-0017,外卖区域.WM客位204262,,,,1,40.8,0.0,40.8,收银pos,001-收银,2025-12-01 11:29:34,否,1,11
YY000101-251201-0016,JS000101-251201-0016,外卖区域.WM客位204262,,,,1,42.6,0.0,42.6,收银pos,001-收银,2025-12-01 11:27:25,否,1,11
YY000101-251201-0015,JS000101-251201-0015,外卖区域.WM客位204262,,,,1,28.8,0.0,28.8,收银pos,001-收银,2025-12-01 11:20:17,否,1,11
YY000101-251201-0014,JS000101-251201-0014,外卖区域.WM客位204262,,,,1,42.6,0.0,42.6,收银pos,001-收银,2025-12-01 11:20:10,否,1,11
YY000101-251201-0013,JS000101-251201-0013,外卖区域.WM客位204262,,,,1,34.8,0.0,34.8,收银pos,001-收银,2025-12-01 11:15:49,否,1,11
YY000101-251201-0012,JS000101-251201-0012,外卖区域.WM客位204262,,,,1,39.5,0.0,39.5,收银pos,001-收银,2025-12-01 11:15:42,否,1,11
YY000101-251201-0011,JS000101-251201-0011,外卖区域.WM客位204262,,,,1,45.5,0.0,45.5,收银pos,001-收银,2025-12-01 11:12:53,否,1,11
YY000101-251201-0010,JS000101-251201-0010,外卖区域.WM客位204262,,,,1,117.1,0.0,117.1,收银pos,001-收银,2025-12-01 11:12:31,否,1,11
YY000101-251201-0009,JS000101-251201-0009,外卖区域.WM客位204262,,,,1,34.8,0.0,34.8,收银pos,001-收银,2025-12-01 11:12:03,否,1,11
YY000101-251201-0008,JS000101-251201-0008,外卖区域.WM客位204262,,,,1,38.8,0.0,38.8,收银pos,001-收银,2025-12-01 11:09:04,否,1,11
YY000101-251201-0007,JS000101-251201-0007,外卖区域.WM客位204262,,,,1,34.8,0.0,34.8,收银pos,001-收银,2025-12-01 11:05:28,否,1,11
YY000101-251201-0006,JS000101-251201-0006,外卖区域.WM客位204262,,,,1,33.8,0.0,33.8,收银pos,001-收银,2025-12-01 11:04:51,否,1,11
YY000101-251201-0005,JS000101-251201-0005,外卖区域.WM客位204262,,,,1,40.3,0.0,40.3,收银pos,001-收银,2025-12-01 11:01:31,否,1,11
YY000101-251201-0004,JS000101-251201-0004,外卖区域.WM客位204262,,,,1,37.8,0.0,37.8,收银pos,001-收银,2025-12-01 10:37:33,否,1,10
YY000101-251201-0003,JS000101-251201-0003,外卖区域.WM客位204262,,,,1,51.8,0.0,51.8,收银pos,001-收银,2025-12-01 10:31:46,否,1,10
YY000101-251201-0002,JS000101-251201-0002,外卖区域.WM客位204262,,,,1,36.8,0.0,36.8,收银pos,001-收银,2025-12-01 09:54:23,否,1,9
YY000101-251201-0001,JS000101-251201-0001,外卖区域.WM客位204262,,,,1,36.8,0.0,36.8,收银pos,001-收银,2025-12-01 09:51:11,否,1,9
YY000101-251130-0111,JS000101-251130-0111,外卖区域.WM客位204262,,,,1,41.8,0.0,41.8,收银pos,001-收银,2025-11-30 20:46:30,否,2,20
YY000101-251130-0110,JS000101-251130-0110,外卖区域.WM客位204262,,,,1,41.8,0.0,41.8,收银pos,001-收银,2025-11-30 20:45:12,否,1,20
YY000101-251130-0095,JS000101-251130-0092,大厅.A04,,,,2,348.0,0.0,348.0,收银pos,001-收银,2025-11-30 20:45:03,否,0,20
YY000101-251130-0096,JS000101-251130-0109,大厅.A10,,,,2,168.0,50.4,117.6,收银pos,001-收银,2025-11-30 20:31:20,否,0,20
YY000101-251130-0109,JS000101-251130-0108,外卖区域.WM客位204262,,,,1,35.8,0.0,35.8,收银pos,001-收银,2025-11-30 20:30:05,否,1,20
YY000101-251130-0091,JS000101-251130-0089,大厅.A11,,,,2,178.0,0.0,178.0,收银pos,001-收银,2025-11-30 20:16:18,否,0,20
YY000101-251130-0101,JS000101-251130-0099,大厅.A02,,,,2,178.0,0.0,178.0,收银pos,001-收银,2025-11-30 20:16:11,否,0,20
YY000101-251130-0108,JS000101-251130-0107,外卖区域.WM客位204262,,,,1,39.7,0.0,39.7,收银pos,001-收银,2025-11-30 20:14:36,否,1,20
YY000101-251130-0107,JS000101-251130-0106,外卖区域.WM客位204262,,,,1,42.3,0.0,42.3,收银pos,001-收银,2025-11-30 20:14:09,否,1,20
YY000101-251130-0105,JS000101-251130-0104,外卖区域.WM客位204262,,,,1,37.8,0.0,37.8,收银pos,001-收银,2025-11-30 20:03:57,否,1,20
YY000101-251130-0104,JS000101-251130-0103,外卖区域.WM客位204262,,,,1,42.7,0.0,42.7,收银pos,001-收银,2025-11-30 19:56:20,否,1,19
YY000101-251130-0103,JS000101-251130-0102,外卖区域.WM客位204262,,,,1,38.7,0.0,38.7,收银pos,001-收银,2025-11-30 19:47:00,否,1,19
YY000101-251130-0102,JS000101-251130-0101,外卖区域.WM客位204262,,,,1,50.8,0.0,50.8,收银pos,001-收银,2025-11-30 19:44:06,否,1,19
YY000101-251130-0080,JS000101-251130-0100,大厅.A03,,,,2,226.0,0.0,226.0,收银pos,001-收银,2025-11-30 19:41:48,否,0,19
YY000101-251130-0100,JS000101-251130-0098,外卖区域.WM客位204262,,,,1,41.5,0.0,41.5,收银pos,001-收银,2025-11-30 19:33:42,否,1,19
YY000101-251130-0099,JS000101-251130-0097,大厅.A09,,,,2,221.0,0.0,221.0,收银pos,001-收银,2025-11-30 19:24:27,否,0,19
YY000101-251130-0092,JS000101-251130-0096,大厅.A08,,,,4,337.0,61.8,275.2,收银pos,001-收银,2025-11-30 19:21:30,否,0,19
YY000101-251130-0078,JS000101-251130-0095,大厅.A06,,,,3,504.0,0.0,504.0,收银pos,001-收银,2025-11-30 19:13:53,否,0,19
YY000101-251130-0098,JS000101-251130-0094,外卖区域.WM客位204262,,,,1,35.0,0.0,35.0,收银pos,001-收银,2025-11-30 19:09:38,否,1,19
YY000101-251130-0097,JS000101-251130-0093,外卖区域.WM客位204262,,,,1,32.8,0.0,32.8,收银pos,001-收银,2025-11-30 19:09:11,否,1,19
YY000101-251130-0094,JS000101-251130-0091,外卖区域.WM客位204262,,,,1,34.8,0.0,34.8,收银pos,001-收银,2025-11-30 18:59:22,否,1,18
YY000101-251130-0093,JS000101-251130-0090,外卖区域.WM客位204262,,,,1,77.6,0.0,77.6,收银pos,001-收银,2025-11-30 18:49:08,否,1,18
YY000101-251130-0090,JS000101-251130-0088,外卖区域.WM客位204262,,,,1,37.8,0.0,37.8,收银pos,001-收银,2025-11-30 18:39:34,否,1,18
YY000101-251130-0085,JS000101-251130-0087,大厅.A02,,,,2,64.0,0.0,64.0,收银pos,001-收银,2025-11-30 18:35:09,否,0,18
YY000101-251130-0079,JS000101-251130-0086,大厅.A05,,,,3,204.0,0.0,204.0,收银pos,001-收银,2025-11-30 18:34:58,否,0,18
YY000101-251130-0089,JS000101-251130-0085,外卖区域.WM客位204262,,,,1,45.8,0.0,45.8,收银pos,001-收银,2025-11-30 18:29:44,否,1,18
YY000101-251130-0088,JS000101-251130-0084,外卖区域.WM客位204262,,,,1,40.8,0.0,40.8,收银pos,001-收银,2025-11-30 18:28:01,否,1,18
YY000101-251130-0087,JS000101-251130-0083,外卖区域.WM客位204262,,,,1,75.8,0.0,75.8,收银pos,001-收银,2025-11-30 18:21:23,否,1,18
YY000101-251130-0086,JS000101-251130-0082,外卖区域.WM客位204262,,,,1,51.7,0.0,51.7,收银pos,001-收银,2025-11-30 18:12:29,否,1,18
YY000101-251130-0084,JS000101-251130-0081,外卖区域.WM客位204262,,,,1,46.7,0.0,46.7,收银pos,001-收银,2025-11-30 18:11:05,否,1,18
YY000101-251130-0083,JS000101-251130-0080,外卖区域.WM客位204262,,,,1,43.6,0.0,43.6,收银pos,001-收银,2025-11-30 18:10:08,否,1,18
YY000101-251130-0082,JS000101-251130-0079,外卖区域.WM客位204262,,,,1,38.7,0.0,38.7,收银pos,001-收银,2025-11-30 18:09:25,否,1,18
YY000101-251130-0081,JS000101-251130-0078,外卖区域.WM客位204262,,,,1,34.8,0.0,34.8,收银pos,001-收银,2025-11-30 18:07:46,否,1,18
YY000101-251130-0076,JS000101-251130-0076,大厅.A07,,,,2,59.8,0.0,59.8,收银pos,001-收银,2025-11-30 17:39:59,否,0,17
YY000101-251130-0077,JS000101-251130-0077,外卖区域.WM客位204262,,,,1,38.8,0.0,38.8,收银pos,001-收银,2025-11-30 17:36:39,否,1,17
YY000101-251130-0075,JS000101-251130-0075,外卖区域.WM客位204262,,,,1,48.2,0.0,48.2,收银pos,001-收银,2025-11-30 17:16:37,否,1,17
YY000101-251130-0074,JS000101-251130-0074,外卖区域.WM客位204262,,,,1,48.8,0.0,48.8,收银pos,001-收银,2025-11-30 17:14:48,否,1,17
YY000101-251130-0073,JS000101-251130-0073,大厅.A03,,,,1,37.0,0.0,37.0,收银pos,001-收银,2025-11-30 17:12:35,否,0,17
YY000101-251130-0061,JS000101-251130-0072,大厅.A02,,,,1,207.0,50.0,157.0,收银pos,001-收银,2025-11-30 16:45:45,否,0,16
YY000101-251130-0067,JS000101-251130-0071,大厅.A09,,,,2,396.0,63.4,332.6,收银pos,001-收银,2025-11-30 16:32:38,否,0,16
YY000101-251130-0072,JS000101-251130-0070,外卖区域.WM客位204262,,,,1,34.8,0.0,34.8,收银pos,001-收银,2025-11-30 16:32:03,否,1,16
YY000101-251130-0071,JS000101-251130-0069,外卖区域.WM客位204262,,,,1,33.8,0.0,33.8,收银pos,001-收银,2025-11-30 16:25:41,否,1,16
YY000101-251130-0070,JS000101-251130-0068,外卖区域.WM客位204262,,,,1,34.8,0.0,34.8,收银pos,001-收银,2025-11-30 16:25:24,否,1,16
YY000101-251130-0069,JS000101-251130-0067,外卖区域.WM客位204262,,,,1,38.6,0.0,38.6,收银pos,001-收银,2025-11-30 16:23:14,否,1,16
YY000101-251130-0068,JS000101-251130-0066,外卖区域.WM客位204262,,,,1,47.8,0.0,47.8,收银pos,001-收银,2025-11-30 16:19:08,否,1,16
YY000101-251130-0066,JS000101-251130-0065,外卖区域.WM客位204262,,,,1,39.6,0.0,39.6,收银pos,001-收银,2025-11-30 16:09:39,否,1,16
YY000101-251130-0065,JS000101-251130-0064,外卖区域.WM客位204262,,,,1,34.8,0.0,34.8,收银pos,001-收银,2025-11-30 16:06:45,否,1,16
YY000101-251130-0064,JS000101-251130-0063,外卖区域.WM客位204262,,,,1,41.8,0.0,41.8,收银pos,001-收银,2025-11-30 16:01:39,否,1,16
YY000101-251130-0063,JS000101-251130-0062,外卖区域.WM客位204262,,,,1,35.7,0.0,35.7,收银pos,001-收银,2025-11-30 15:43:44,否,1,15
YY000101-251130-0062,JS000101-251130-0061,外卖区域.WM客位204262,,,,1,37.7,0.0,37.7,收银pos,001-收银,2025-11-30 15:25:24,否,1,15
YY000101-251130-0060,JS000101-251130-0060,外卖区域.WM客位204262,,,,1,35.6,0.0,35.6,收银pos,001-收银,2025-11-30 15:07:48,否,1,15
YY000101-251130-0059,JS000101-251130-0059,外卖区域.WM客位204262,,,,1,43.7,0.0,43.7,收银pos,001-收银,2025-11-30 14:43:35,否,1,14
YY000101-251130-0058,JS000101-251130-0058,外卖区域.WM客位204262,,,,1,38.8,0.0,38.8,收银pos,001-收银,2025-11-30 14:42:57,否,1,14
YY000101-251130-0057,JS000101-251130-0057,外卖区域.WM客位204262,,,,1,76.6,0.0,76.6,收银pos,001-收银,2025-11-30 14:31:53,否,1,14
YY000101-251130-0056,JS000101-251130-0056,外卖区域.WM客位204262,,,,1,45.8,0.0,45.8,收银pos,001-收银,2025-11-30 14:18:57,否,1,14
YY000101-251130-0054,JS000101-251130-0054,外卖区域.WM客位204262,,,,1,49.8,0.0,49.8,收银pos,001-收银,2025-11-30 14:05:54,否,1,14
YY000101-251130-0053,JS000101-251130-0053,外卖区域.WM客位204262,,,,1,34.8,0.0,34.8,收银pos,001-收银,2025-11-30 13:50:10,否,1,13
YY000101-251130-0052,JS000101-251130-0052,外卖区域.WM客位204262,,,,1,50.8,0.0,50.8,收银pos,001-收银,2025-11-30 13:49:02,否,1,13
YY000101-251130-0051,JS000101-251130-0051,外卖区域.WM客位204262,,,,1,63.6,0.0,63.6,收银pos,001-收银,2025-11-30 13:45:12,否,1,13
YY000101-251130-0050,JS000101-251130-0050,外卖区域.WM客位204262,,,,1,45.8,0.0,45.8,收银pos,001-收银,2025-11-30 13:32:21,否,1,13
YY000101-251130-0049,JS000101-251130-0049,外卖区域.WM客位204262,,,,1,38.8,0.0,38.8,收银pos,001-收银,2025-11-30 13:29:17,否,1,13
YY000101-251130-0048,JS000101-251130-0048,大厅.A03,,,,2,272.0,0.0,272.0,收银pos,001-收银,2025-11-30 13:25:06,否,0,13
YY000101-251130-0047,JS000101-251130-0047,外卖区域.WM客位204262,,,,1,32.8,0.0,32.8,收银pos,001-收银,2025-11-30 13:22:54,否,1,13
YY000101-251130-0046,JS000101-251130-0046,外卖区域.WM客位204262,,,,1,41.7,0.0,41.7,收银pos,001-收银,2025-11-30 13:20:45,否,1,13
YY000101-251130-0045,JS000101-251130-0045,外卖区域.WM客位204262,,,,1,37.8,0.0,37.8,收银pos,001-收银,2025-11-30 13:01:33,否,1,13
YY000101-251130-0044,JS000101-251130-0044,外卖区域.WM客位204262,,,,1,40.8,0.0,40.8,收银pos,001-收银,2025-11-30 12:58:33,否,1,12
YY000101-251130-0043,JS000101-251130-0043,外卖区域.WM客位204262,,,,1,34.8,0.0,34.8,收银pos,001-收银,2025-11-30 12:55:59,否,1,12
YY000101-251130-0042,JS000101-251130-0042,外卖区域.WM客位204262,,,,1,35.6,0.0,35.6,收银pos,001-收银,2025-11-30 12:54:30,否,1,12
YY000101-251130-0041,JS000101-251130-0041,外卖区域.WM客位204262,,,,1,32.8,0.0,32.8,收银pos,001-收银,2025-11-30 12:48:34,否,1,12
YY000101-251130-0040,JS000101-251130-0040,外卖区域.WM客位204262,,,,1,37.7,0.0,37.7,收银pos,001-收银,2025-11-30 12:48:22,否,1,12
YY000101-251130-0039,JS000101-251130-0039,外卖区域.WM客位204262,,,,1,34.8,0.0,34.8,收银pos,001-收银,2025-11-30 12:47:24,否,1,12
YY000101-251130-0038,JS000101-251130-0038,外卖区域.WM客位204262,,,,1,44.8,0.0,44.8,收银pos,001-收银,2025-11-30 12:45:40,否,1,12
YY000101-251130-0037,JS000101-251130-0037,外卖区域.WM客位204262,,,,1,46.8,0.0,46.8,收银pos,001-收银,2025-11-30 12:43:01,否,1,12
YY000101-251130-0036,JS000101-251130-0036,外卖区域.WM客位204262,,,,1,34.8,0.0,34.8,收银pos,001-收银,2025-11-30 12:32:19,否,1,12
YY000101-251130-0035,JS000101-251130-0035,外卖区域.WM客位204262,,,,1,104.4,0.0,104.4,收银pos,001-收银,2025-11-30 12:29:45,否,1,12
YY000101-251130-0034,JS000101-251130-0034,外卖区域.WM客位204262,,,,1,38.7,0.0,38.7,收银pos,001-收银,2025-11-30 12:27:42,否,1,12
YY000101-251130-0033,JS000101-251130-0033,外卖区域.WM客位204262,,,,1,34.8,0.0,34.8,收银pos,001-收银,2025-11-30 12:27:35,否,1,12
YY000101-251130-0032,JS000101-251130-0032,外卖区域.WM客位204262,,,,1,27.8,0.0,27.8,收银pos,001-收银,2025-11-30 12:24:05,否,1,12
YY000101-251130-0031,JS000101-251130-0031,外卖区域.WM客位204262,,,,1,37.8,0.0,37.8,收银pos,001-收银,2025-11-30 12:02:39,否,1,12
YY000101-251130-0030,JS000101-251130-0030,外卖区域.WM客位204262,,,,1,43.5,0.0,43.5,收银pos,001-收银,2025-11-30 11:55:06,否,1,11
YY000101-251130-0029,JS000101-251130-0029,外卖区域.WM客位204262,,,,1,68.7,0.0,68.7,收银pos,001-收银,2025-11-30 11:54:44,否,1,11
YY000101-251130-0028,JS000101-251130-0028,外卖区域.WM客位204262,,,,1,46.7,0.0,46.7,收银pos,001-收银,2025-11-30 11:54:37,否,1,11
YY000101-251130-0027,JS000101-251130-0027,大厅.A07,,,,2,178.0,0.0,178.0,收银pos,001-收银,2025-11-30 11:54:24,否,0,11
YY000101-251130-0026,JS000101-251130-0026,外卖区域.WM客位204262,,,,1,32.8,0.0,32.8,收银pos,001-收银,2025-11-30 11:52:33,否,1,11
YY000101-251130-0025,JS000101-251130-0025,大厅.A11,,,,1,25.0,0.0,25.0,收银pos,001-收银,2025-11-30 11:50:02,否,0,11
YY000101-251130-0024,JS000101-251130-0024,外卖区域.WM客位204262,,,,1,36.7,0.0,36.7,收银pos,001-收银,2025-11-30 11:44:59,否,1,11
YY000101-251130-0023,JS000101-251130-0023,外卖区域.WM客位204262,,,,1,32.8,0.0,32.8,收银pos,001-收银,2025-11-30 11:44:37,否,1,11
YY000101-251130-0022,JS000101-251130-0022,外卖区域.WM客位204262,,,,1,39.8,0.0,39.8,收银pos,001-收银,2025-11-30 11:43:03,否,1,11
YY000101-251130-0021,JS000101-251130-0021,外卖区域.WM客位204262,,,,1,34.8,0.0,34.8,收银pos,001-收银,2025-11-30 11:41:29,否,1,11
YY000101-251130-0020,JS000101-251130-0020,外卖区域.WM客位204262,,,,1,42.8,0.0,42.8,收银pos,001-收银,2025-11-30 11:41:28,否,1,11
YY000101-251130-0019,JS000101-251130-0019,外卖区域.WM客位204262,,,,1,47.8,0.0,47.8,收银pos,001-收银,2025-11-30 11:39:50,否,1,11
YY000101-251130-0018,JS000101-251130-0018,外卖区域.WM客位204262,,,,1,37.8,0.0,37.8,收银pos,001-收银,2025-11-30 11:38:12,否,1,11
YY000101-251130-0017,JS000101-251130-0017,外卖区域.WM客位204262,,,,1,39.7,0.0,39.7,收银pos,001-收银,2025-11-30 11:37:24,否,1,11
YY000101-251130-0016,JS000101-251130-0016,外卖区域.WM客位204262,,,,1,43.8,0.0,43.8,收银pos,001-收银,2025-11-30 11:33:54,否,1,11
YY000101-251130-0015,JS000101-251130-0015,外卖区域.WM客位204262,,,,1,39.7,0.0,39.7,收银pos,001-收银,2025-11-30 11:20:33,否,1,11
YY000101-251130-0014,JS000101-251130-0014,外卖区域.WM客位204262,,,,1,47.8,0.0,47.8,收银pos,001-收银,2025-11-30 11:17:58,否,1,11
YY000101-251130-0013,JS000101-251130-0013,外卖区域.WM客位204262,,,,1,39.6,0.0,39.6,收银pos,001-收银,2025-11-30 11:16:00,否,1,11
YY000101-251130-0012,JS000101-251130-0012,外卖区域.WM客位204262,,,,1,40.7,0.0,40.7,收银pos,001-收银,2025-11-30 11:12:30,否,1,11
YY000101-251130-0011,JS000101-251130-0011,外卖区域.WM客位204262,,,,1,35.7,0.0,35.7,收银pos,001-收银,2025-11-30 11:06:43,否,1,11
YY000101-251130-0010,JS000101-251130-0010,外卖区域.WM客位204262,,,,1,45.8,0.0,45.8,收银pos,001-收银,2025-11-30 11:02:58,否,1,11
YY000101-251130-0009,JS000101-251130-0009,外卖区域.WM客位204262,,,,1,64.5,0.0,64.5,收银pos,001-收银,2025-11-30 10:59:28,否,1,10
YY000101-251130-0008,JS000101-251130-0008,外卖区域.WM客位204262,,,,1,37.8,0.0,37.8,收银pos,001-收银,2025-11-30 10:58:35,否,1,10
YY000101-251130-0007,JS000101-251130-0007,外卖区域.WM客位204262,,,,1,41.7,0.0,41.7,收银pos,001-收银,2025-11-30 10:50:42,否,1,10
YY000101-251130-0006,JS000101-251130-0006,外卖区域.WM客位204262,,,,1,33.8,0.0,33.8,收银pos,001-收银,2025-11-30 10:50:03,否,1,10
YY000101-251130-0005,JS000101-251130-0005,外卖区域.WM客位204262,,,,1,77.4,0.0,77.4,收银pos,001-收银,2025-11-30 10:37:48,否,1,10
YY000101-251130-0004,JS000101-251130-0004,外卖区域.WM客位204262,,,,1,33.8,0.0,33.8,收银pos,001-收银,2025-11-30 10:37:26,否,1,10
YY000101-251130-0003,JS000101-251130-0003,外卖区域.WM客位204262,,,,1,34.8,0.0,34.8,收银pos,001-收银,2025-11-30 10:27:34,否,1,10
YY000101-251130-0002,JS000101-251130-0002,外卖区域.WM客位204262,,,,1,32.7,0.0,32.7,收银pos,001-收银,2025-11-30 10:27:32,否,1,10
YY000101-251130-0001,JS000101-251130-0001,外卖区域.WM客位204262,,,,1,35.8,0.0,35.8,收银pos,001-收银,2025-11-30 10:27:29,否,1,10
YY000101-251129-0096,JS000101-251129-0095,大厅.A03,,,,2,210.0,0.0,210.0,收银pos,001-收银,2025-11-29 21:03:06,否,0,21
YY000101-251129-0086,JS000101-251129-0084,大厅.A02,,,,2,366.0,0.0,366.0,收银pos,001-收银,2025-11-29 21:01:55,否,0,21
YY000101-251129-0097,JS000101-251129-0096,外卖区域.WM客位204262,,,,1,68.5,0.0,68.5,收银pos,001-收银,2025-11-29 20:51:16,否,1,20
YY000101-251129-0093,JS000101-251129-0089,大厅.A11,,,,2,75.6,0.0,75.6,收银pos,001-收银,2025-11-29 20:22:23,否,0,20
YY000101-251129-0075,JS000101-251129-0094,大厅.A07,,,,3,318.0,0.0,318.0,收银pos,001-收银,2025-11-29 20:21:00,否,0,20
YY000101-251129-0089,JS000101-251129-0093,大厅.A06,,,,3,204.0,0.0,204.0,收银pos,001-收银,2025-11-29 20:19:31,否,0,20
YY000101-251129-0091,JS000101-251129-0092,大厅.A09,,,,2,26.0,0.0,26.0,收银pos,001-收银,2025-11-29 20:18:03,否,0,20
YY000101-251129-0095,JS000101-251129-0091,大厅.A01,,,,1,41.0,0.0,41.0,收银pos,001-收银,2025-11-29 20:13:52,否,0,20
YY000101-251129-0094,JS000101-251129-0090,外卖区域.WM客位204262,,,,1,51.2,0.0,51.2,收银pos,001-收银,2025-11-29 20:02:19,否,1,20
YY000101-251129-0092,JS000101-251129-0088,外卖区域.WM客位204262,,,,1,37.8,0.0,37.8,收银pos,001-收银,2025-11-29 19:59:50,否,1,19
YY000101-251129-0090,JS000101-251129-0087,外卖区域.WM客位204262,,,,1,39.7,0.0,39.7,收银pos,001-收银,2025-11-29 19:58:11,否,1,19
YY000101-251129-0082,JS000101-251129-0079,大厅.A05,,,,2,278.0,0.0,278.0,收银pos,001-收银,2025-11-29 19:54:19,否,0,19
YY000101-251129-0088,JS000101-251129-0086,外卖区域.WM客位204262,,,,1,31.8,0.0,31.8,收银pos,001-收银,2025-11-29 19:42:17,否,1,19
YY000101-251129-0087,JS000101-251129-0085,外卖区域.WM客位204262,,,,1,38.8,0.0,38.8,收银pos,001-收银,2025-11-29 19:36:45,否,1,19
YY000101-251129-0085,JS000101-251129-0083,外卖区域.WM客位204262,,,,1,42.7,0.0,42.7,收银pos,001-收银,2025-11-29 19:30:23,否,1,19
YY000101-251129-0080,JS000101-251129-0082,大厅.A03,,,,2,279.0,50.0,229.0,收银pos,001-收银,2025-11-29 19:30:20,否,0,19
YY000101-251129-0083,JS000101-251129-0080,外卖区域.WM客位204262,,,,1,76.8,0.0,76.8,收银pos,001-收银,2025-11-29 19:24:29,否,1,19
YY000101-251129-0081,JS000101-251129-0078,大厅.A08,,,,2,5.0,0.0,5.0,收银pos,001-收银,2025-11-29 19:05:44,否,0,19
YY000101-251129-0077,JS000101-251129-0077,大厅.A09,,,,4,334.0,0.0,334.0,收银pos,001-收银,2025-11-29 19:04:26,否,0,19
YY000101-251129-0073,JS000101-251129-0076,大厅.A02,,,,3,275.0,52.2,222.8,收银pos,001-收银,2025-11-29 18:51:06,否,0,18
YY000101-251129-0065,JS000101-251129-0075,大厅.A04,,,,2,159.0,0.0,159.0,收银pos,001-收银,2025-11-29 18:48:52,否,0,18
YY000101-251129-0079,JS000101-251129-0074,外卖区域.WM客位204262,,,,1,52.6,0.0,52.6,收银pos,001-收银,2025-11-29 18:42:37,否,1,18
YY000101-251129-0078,JS000101-251129-0073,外卖区域.WM客位204262,,,,1,36.7,0.0,36.7,收银pos,001-收银,2025-11-29 18:40:18,否,1,18
YY000101-251129-0076,JS000101-251129-0072,大厅.A08,,,,2,278.0,0.0,278.0,收银pos,001-收银,2025-11-29 18:35:21,否,0,18
YY000101-251129-0074,JS000101-251129-0071,外卖区域.WM客位204262,,,,1,69.6,0.0,69.6,收银pos,001-收银,2025-11-29 18:12:16,否,1,18
YY000101-251129-0072,JS000101-251129-0070,外卖区域.WM客位204262,,,,1,39.8,0.0,39.8,收银pos,001-收银,2025-11-29 18:01:05,否,1,18
YY000101-251129-0071,JS000101-251129-0069,外卖区域.WM客位204262,,,,1,100.4,0.0,100.4,收银pos,001-收银,2025-11-29 17:50:36,否,1,17
YY000101-251129-0070,JS000101-251129-0068,外卖区域.WM客位204262,,,,1,36.8,0.0,36.8,收银pos,001-收银,2025-11-29 17:47:41,否,1,17
YY000101-251129-0069,JS000101-251129-0067,外卖区域.WM客位204262,,,,1,34.8,0.0,34.8,收银pos,001-收银,2025-11-29 17:47:34,否,1,17
YY000101-251129-0068,JS000101-251129-0066,外卖区域.WM客位204262,,,,1,33.8,0.0,33.8,收银pos,001-收银,2025-11-29 17:47:22,否,1,17
YY000101-251129-0067,JS000101-251129-0065,外卖区域.WM客位204262,,,,1,36.8,0.0,36.8,收银pos,001-收银,2025-11-29 17:42:35,否,1,17
YY000101-251129-0066,JS000101-251129-0064,外卖区域.WM客位204262,,,,1,31.8,0.0,31.8,收银pos,001-收银,2025-11-29 17:38:30,否,1,17
YY000101-251129-0064,JS000101-251129-0063,外卖区域.WM客位204262,,,,1,42.8,0.0,42.8,收银pos,001-收银,2025-11-29 17:23:01,否,1,17
YY000101-251129-0063,JS000101-251129-0062,外卖区域.WM客位204262,,,,1,39.8,0.0,39.8,收银pos,001-收银,2025-11-29 17:15:08,否,1,17
YY000101-251129-0062,JS000101-251129-0061,外卖区域.WM客位204262,,,,1,66.8,0.0,66.8,收银pos,001-收银,2025-11-29 17:07:35,否,1,17
YY000101-251129-0061,JS000101-251129-0060,外卖区域.WM客位204262,,,,1,32.8,0.0,32.8,收银pos,001-收银,2025-11-29 17:07:07,否,1,17
YY000101-251129-0060,JS000101-251129-0059,外卖区域.WM客位204262,,,,1,38.7,0.0,38.7,收银pos,001-收银,2025-11-29 16:48:26,否,1,16
YY000101-251129-0059,JS000101-251129-0058,外卖区域.WM客位204262,,,,1,38.7,0.0,38.7,收银pos,001-收银,2025-11-29 16:40:18,否,1,16
YY000101-251129-0058,JS000101-251129-0057,外卖区域.WM客位204262,,,,1,34.7,0.0,34.7,收银pos,001-收银,2025-11-29 16:01:32,否,1,16
YY000101-251129-0057,JS000101-251129-0056,外卖区域.WM客位204262,,,,1,50.8,0.0,50.8,收银pos,001-收银,2025-11-29 15:44:22,否,1,15
YY000101-251129-0056,JS000101-251129-0055,外卖区域.WM客位204262,,,,1,41.7,0.0,41.7,收银pos,001-收银,2025-11-29 15:18:41,否,1,15
YY000101-251129-0055,JS000101-251129-0054,大厅.A07,,,,1,22.0,0.0,22.0,收银pos,001-收银,2025-11-29 15:03:54,否,0,15
YY000101-251129-0052,JS000101-251129-0053,大厅.A09,,,,2,51.0,0.0,51.0,收银pos,001-收银,2025-11-29 14:59:32,否,0,14
YY000101-251129-0054,JS000101-251129-0052,外卖区域.WM客位204262,,,,1,44.8,0.0,44.8,收银pos,001-收银,2025-11-29 14:46:00,否,1,14
YY000101-251129-0053,JS000101-251129-0051,外卖区域.WM客位204262,,,,1,34.8,0.0,34.8,收银pos,001-收银,2025-11-29 14:45:17,否,1,14
YY000101-251129-0051,JS000101-251129-0050,大厅.A01,,,,2,22.0,0.0,22.0,收银pos,001-收银,2025-11-29 14:41:25,否,0,14
YY000101-251129-0050,JS000101-251129-0049,外卖区域.WM客位204262,,,,1,39.8,0.0,39.8,收银pos,001-收银,2025-11-29 14:10:09,否,1,14
YY000101-251129-0047,JS000101-251129-0048,大厅.A01,,,,2,46.0,0.0,46.0,收银pos,001-收银,2025-11-29 14:07:41,否,0,14
YY000101-251129-0049,JS000101-251129-0047,外卖区域.WM客位204262,,,,1,47.8,0.0,47.8,收银pos,001-收银,2025-11-29 13:56:37,否,1,13
YY000101-251129-0048,JS000101-251129-0046,外卖区域.WM客位204262,,,,1,41.8,0.0,41.8,收银pos,001-收银,2025-11-29 13:49:09,否,1,13
YY000101-251129-0046,JS000101-251129-0045,外卖区域.WM客位204262,,,,1,43.7,0.0,43.7,收银pos,001-收银,2025-11-29 13:44:53,否,1,13
YY000101-251129-0045,JS000101-251129-0044,外卖区域.WM客位204262,,,,1,31.8,0.0,31.8,收银pos,001-收银,2025-11-29 13:41:22,否,1,13
YY000101-251129-0044,JS000101-251129-0043,外卖区域.WM客位204262,,,,1,36.8,0.0,36.8,收银pos,001-收银,2025-11-29 13:32:18,否,1,13
YY000101-251129-0036,JS000101-251129-0042,大厅.A06,,,,3,193.0,0.0,193.0,收银pos,001-收银,2025-11-29 13:26:13,否,0,13
YY000101-251129-0043,JS000101-251129-0041,外卖区域.WM客位204262,,,,1,32.8,0.0,32.8,收银pos,001-收银,2025-11-29 13:21:53,否,1,13
YY000101-251129-0042,JS000101-251129-0040,外卖区域.WM客位204262,,,,1,45.7,0.0,45.7,收银pos,001-收银,2025-11-29 13:20:20,否,1,13
YY000101-251129-0041,JS000101-251129-0039,外卖区域.WM客位204262,,,,1,38.8,0.0,38.8,收银pos,001-收银,2025-11-29 13:18:36,否,1,13
YY000101-251129-0040,JS000101-251129-0038,外卖区域.WM客位204262,,,,1,27.8,0.0,27.8,收银pos,001-收银,2025-11-29 12:57:53,否,1,12
YY000101-251129-0039,JS000101-251129-0037,外卖区域.WM客位204262,,,,1,41.7,0.0,41.7,收银pos,001-收银,2025-11-29 12:57:36,否,1,12
YY000101-251129-0038,JS000101-251129-0036,外卖区域.WM客位204262,,,,1,46.8,0.0,46.8,收银pos,001-收银,2025-11-29 12:56:08,否,1,12
YY000101-251129-0037,JS000101-251129-0035,外卖区域.WM客位204262,,,,1,44.7,0.0,44.7,收银pos,001-收银,2025-11-29 12:52:22,否,1,12
YY000101-251129-0035,JS000101-251129-0034,外卖区域.WM客位204262,,,,1,39.3,0.0,39.3,收银pos,001-收银,2025-11-29 12:31:59,否,1,12
YY000101-251129-0034,JS000101-251129-0033,外卖区域.WM客位204262,,,,1,32.8,0.0,32.8,收银pos,001-收银,2025-11-29 12:26:27,否,1,12
YY000101-251129-0033,JS000101-251129-0032,外卖区域.WM客位204262,,,,1,32.8,0.0,32.8,收银pos,001-收银,2025-11-29 12:18:35,否,1,12
YY000101-251129-0032,JS000101-251129-0031,外卖区域.WM客位204262,,,,1,36.8,0.0,36.8,收银pos,001-收银,2025-11-29 12:14:43,否,1,12
YY000101-251129-0031,JS000101-251129-0030,外卖区域.WM客位204262,,,,1,41.7,0.0,41.7,收银pos,001-收银,2025-11-29 12:14:00,否,1,12
YY000101-251129-0030,JS000101-251129-0029,大厅.A11,,,,1,26.0,0.0,26.0,收银pos,001-收银,2025-11-29 12:08:25,否,0,12
YY000101-251129-0029,JS000101-251129-0028,外卖区域.WM客位204262,,,,1,45.8,0.0,45.8,收银pos,001-收银,2025-11-29 12:07:12,否,1,12
YY000101-251129-0028,JS000101-251129-0027,外卖区域.WM客位204262,,,,1,43.8,0.0,43.8,收银pos,001-收银,2025-11-29 12:03:53,否,1,12
YY000101-251129-0027,JS000101-251129-0026,外卖区域.WM客位204262,,,,1,46.8,0.0,46.8,收银pos,001-收银,2025-11-29 12:02:09,否,1,12
YY000101-251129-0026,JS000101-251129-0025,外卖区域.WM客位204262,,,,1,40.8,0.0,40.8,收银pos,001-收银,2025-11-29 11:59:29,否,1,11
YY000101-251129-0025,JS000101-251129-0024,外卖区域.WM客位204262,,,,1,35.7,0.0,35.7,收银pos,001-收银,2025-11-29 11:59:01,否,1,11
YY000101-251129-0023,JS000101-251129-0023,外卖区域.WM客位204262,,,,1,52.5,0.0,52.5,收银pos,001-收银,2025-11-29 11:50:48,否,1,11
YY000101-251129-0022,JS000101-251129-0022,外卖区域.WM客位204262,,,,1,34.8,0.0,34.8,收银pos,001-收银,2025-11-29 11:49:55,否,1,11
YY000101-251129-0021,JS000101-251129-0021,外卖区域.WM客位204262,,,,1,44.6,0.0,44.6,收银pos,001-收银,2025-11-29 11:49:17,否,1,11
YY000101-251129-0020,JS000101-251129-0020,外卖区域.WM客位204262,,,,1,36.8,0.0,36.8,收银pos,001-收银,2025-11-29 11:34:57,否,1,11
YY000101-251129-0019,JS000101-251129-0019,外卖区域.WM客位204262,,,,1,37.6,0.0,37.6,收银pos,001-收银,2025-11-29 11:34:50,否,1,11
YY000101-251129-0018,JS000101-251129-0018,外卖区域.WM客位204262,,,,1,34.8,0.0,34.8,收银pos,001-收银,2025-11-29 11:33:26,否,1,11
YY000101-251129-0017,JS000101-251129-0017,外卖区域.WM客位204262,,,,1,37.8,0.0,37.8,收银pos,001-收银,2025-11-29 11:22:32,否,1,11
YY000101-251129-0016,JS000101-251129-0016,外卖区域.WM客位204262,,,,1,33.8,0.0,33.8,收银pos,001-收银,2025-11-29 11:21:13,否,1,11
YY000101-251129-0015,JS000101-251129-0015,外卖区域.WM客位204262,,,,1,34.8,0.0,34.8,收银pos,001-收银,2025-11-29 11:20:51,否,1,11
YY000101-251129-0014,JS000101-251129-0014,外卖区域.WM客位204262,,,,1,37.7,0.0,37.7,收银pos,001-收银,2025-11-29 11:16:51,否,1,11
YY000101-251129-0013,JS000101-251129-0013,外卖区域.WM客位204262,,,,1,52.2,0.0,52.2,收银pos,001-收银,2025-11-29 11:16:13,否,1,11
YY000101-251129-0012,JS000101-251129-0012,外卖区域.WM客位204262,,,,1,45.8,0.0,45.8,收银pos,001-收银,2025-11-29 11:12:48,否,1,11
YY000101-251129-0011,JS000101-251129-0011,外卖区域.WM客位204262,,,,1,69.6,0.0,69.6,收银pos,001-收银,2025-11-29 11:12:26,否,1,11
YY000101-251129-0010,JS000101-251129-0010,外卖区域.WM客位204262,,,,1,73.6,0.0,73.6,收银pos,001-收银,2025-11-29 11:10:43,否,1,11
YY000101-251129-0009,JS000101-251129-0009,外卖区域.WM客位204262,,,,1,62.8,0.0,62.8,收银pos,001-收银,2025-11-29 11:06:52,否,1,11
YY000101-251129-0008,JS000101-251129-0008,外卖区域.WM客位204262,,,,1,28.7,0.0,28.7,收银pos,001-收银,2025-11-29 11:04:28,否,1,11
YY000101-251129-0007,JS000101-251129-0007,外卖区域.WM客位204262,,,,1,35.7,0.0,35.7,收银pos,001-收银,2025-11-29 10:59:42,否,1,10
YY000101-251129-0006,JS000101-251129-0006,外卖区域.WM客位204262,,,,1,34.8,0.0,34.8,收银pos,001-收银,2025-11-29 10:38:15,否,1,10
YY000101-251129-0005,JS000101-251129-0005,外卖区域.WM客位204262,,,,1,102.8,0.0,102.8,收银pos,001-收银,2025-11-29 10:37:17,否,1,10
YY000101-251129-0004,JS000101-251129-0004,外卖区域.WM客位204262,,,,1,38.8,0.0,38.8,收银pos,001-收银,2025-11-29 10:31:11,否,1,10
YY000101-251129-0003,JS000101-251129-0003,外卖区域.WM客位204262,,,,1,34.8,0.0,34.8,收银pos,001-收银,2025-11-29 10:30:12,否,1,10
YY000101-251129-0002,JS000101-251129-0002,外卖区域.WM客位204262,,,,1,35.7,0.0,35.7,收银pos,001-收银,2025-11-29 10:25:51,否,1,10
YY000101-251129-0001,JS000101-251129-0001,外卖区域.WM客位204262,,,,1,34.8,0.0,34.8,收银pos,001-收银,2025-11-29 10:16:27,否,1,10
YY000101-251128-0114,JS000101-251128-0112,大厅.A09,,,,3,320.0,0.0,320.0,收银pos,001-收银,2025-11-28 21:46:10,否,0,21
YY000101-251128-0115,JS000101-251128-0111,外卖区域.WM客位204262,,,,1,52.8,0.0,52.8,收银pos,001-收银,2025-11-28 20:59:47,否,1,20
YY000101-251128-0113,JS000101-251128-0110,外卖区域.WM客位204262,,,,1,37.7,0.0,37.7,收银pos,001-收银,2025-11-28 20:47:01,否,1,20
YY000101-251128-0090,JS000101-251128-0086,大厅.A04,,,,3,396.0,18.0,378.0,收银pos,001-收银,2025-11-28 20:31:12,否,0,20
YY000101-251128-0098,JS000101-251128-0106,大厅.A08,,,,6,857.0,103.6,753.4,收银pos,001-收银,2025-11-28 20:17:26,否,1,20
YY000101-251128-0112,JS000101-251128-0109,外卖区域.WM客位204262,,,,1,34.8,0.0,34.8,收银pos,001-收银,2025-11-28 20:10:03,否,1,20
YY000101-251128-0111,JS000101-251128-0108,外卖区域.WM客位204262,,,,1,48.2,0.0,48.2,收银pos,001-收银,2025-11-28 20:08:29,否,1,20
YY000101-251128-0106,JS000101-251128-0107,大厅.A02,,,,3,89.0,0.0,89.0,收银pos,001-收银,2025-11-28 20:06:33,否,0,20
YY000101-251128-0110,JS000101-251128-0105,外卖区域.WM客位204262,,,,1,79.8,0.0,79.8,收银pos,001-收银,2025-11-28 20:02:47,否,1,20
YY000101-251128-0109,JS000101-251128-0104,外卖区域.WM客位204262,,,,1,78.6,0.0,78.6,收银pos,001-收银,2025-11-28 20:02:14,否,1,20
YY000101-251128-0102,JS000101-251128-0103,大厅.A06,,,,3,360.0,0.0,360.0,收银pos,001-收银,2025-11-28 19:58:15,否,0,19
YY000101-251128-0104,JS000101-251128-0102,大厅.A05,,,,3,52.0,0.0,52.0,收银pos,001-收银,2025-11-28 19:57:05,否,0,19
YY000101-251128-0108,JS000101-251128-0101,外卖区域.WM客位204262,,,,1,34.6,0.0,34.6,收银pos,001-收银,2025-11-28 19:41:52,否,1,19
YY000101-251128-0086,JS000101-251128-0083,大厅.A03,,,,2,252.0,0.0,252.0,收银pos,001-收银,2025-11-28 19:41:34,否,0,19
YY000101-251128-0107,JS000101-251128-0100,外卖区域.WM客位204262,,,,1,46.8,0.0,46.8,收银pos,001-收银,2025-11-28 19:39:17,否,1,19
YY000101-251128-0105,JS000101-251128-0099,外卖区域.WM客位204262,,,,1,51.7,0.0,51.7,收银pos,001-收银,2025-11-28 19:35:47,否,1,19
YY000101-251128-0095,JS000101-251128-0098,大厅.A07,,,,3,289.0,66.2,222.8,收银pos,001-收银,2025-11-28 19:33:43,否,0,19
YY000101-251128-0099,JS000101-251128-0097,大厅.A02,,,,1,22.0,0.0,22.0,收银pos,001-收银,2025-11-28 19:19:04,否,0,19
YY000101-251128-0103,JS000101-251128-0096,外卖区域.WM客位204262,,,,1,46.7,0.0,46.7,收银pos,001-收银,2025-11-28 19:16:00,否,1,19
YY000101-251128-0101,JS000101-251128-0095,大厅.A05,,,,4,278.0,0.0,278.0,收银pos,001-收银,2025-11-28 19:12:10,否,0,19
YY000101-251128-0085,JS000101-251128-0094,大厅.A06,,,,2,178.0,0.0,178.0,收银pos,001-收银,2025-11-28 19:09:29,否,0,19
YY000101-251128-0100,JS000101-251128-0093,外卖区域.WM客位204262,,,,1,63.6,0.0,63.6,收银pos,001-收银,2025-11-28 19:05:04,否,1,19
YY000101-251128-0097,JS000101-251128-0092,大厅.A09,,,,2,178.0,0.0,178.0,收银pos,001-收银,2025-11-28 18:44:39,否,0,18
YY000101-251128-0096,JS000101-251128-0091,外卖区域.WM客位204262,,,,1,40.8,0.0,40.8,收银pos,001-收银,2025-11-28 18:39:48,否,1,18
YY000101-251128-0094,JS000101-251128-0090,外卖区域.WM客位204262,,,,1,41.7,0.0,41.7,收银pos,001-收银,2025-11-28 18:33:00,否,1,18
YY000101-251128-0093,JS000101-251128-0089,外卖区域.WM客位204262,,,,1,41.8,0.0,41.8,收银pos,001-收银,2025-11-28 18:26:42,否,1,18
YY000101-251128-0092,JS000101-251128-0088,外卖区域.WM客位204262,,,,1,43.7,0.0,43.7,收银pos,001-收银,2025-11-28 18:25:24,否,1,18
YY000101-251128-0091,JS000101-251128-0087,外卖区域.WM客位204262,,,,1,37.8,0.0,37.8,收银pos,001-收银,2025-11-28 18:24:51,否,1,18
YY000101-251128-0089,JS000101-251128-0085,外卖区域.WM客位204262,,,,1,55.9,0.0,55.9,收银pos,001-收银,2025-11-28 18:15:06,否,1,18
YY000101-251128-0088,JS000101-251128-0084,外卖区域.WM客位204262,,,,1,46.7,0.0,46.7,收银pos,001-收银,2025-11-28 18:14:29,否,1,18
YY000101-251128-0087,JS000101-251128-0082,外卖区域.WM客位204262,,,,1,39.3,0.0,39.3,收银pos,001-收银,2025-11-28 18:04:13,否,1,18
YY000101-251128-0084,JS000101-251128-0081,外卖区域.WM客位204262,,,,1,35.8,0.0,35.8,收银pos,001-收银,2025-11-28 17:38:58,否,1,17
YY000101-251128-0083,JS000101-251128-0080,外卖区域.WM客位204262,,,,1,41.8,0.0,41.8,收银pos,001-收银,2025-11-28 17:33:56,否,1,17
YY000101-251128-0081,JS000101-251128-0078,外卖区域.WM客位204262,,,,1,35.8,0.0,35.8,收银pos,001-收银,2025-11-28 17:11:14,否,1,17
YY000101-251128-0080,JS000101-251128-0077,外卖区域.WM客位204262,,,,1,43.0,0.0,43.0,收银pos,001-收银,2025-11-28 16:52:34,否,1,16
YY000101-251128-0079,JS000101-251128-0076,外卖区域.WM客位204262,,,,1,77.5,0.0,77.5,收银pos,001-收银,2025-11-28 16:49:23,否,1,16
YY000101-251128-0078,JS000101-251128-0075,外卖区域.WM客位204262,,,,1,39.8,0.0,39.8,收银pos,001-收银,2025-11-28 16:47:04,否,1,16
YY000101-251128-0076,JS000101-251128-0073,外卖区域.WM客位204262,,,,1,32.8,0.0,32.8,收银pos,001-收银,2025-11-28 16:37:21,否,1,16
YY000101-251128-0075,JS000101-251128-0072,外卖区域.WM客位204262,,,,1,53.8,0.0,53.8,收银pos,001-收银,2025-11-28 16:11:36,否,1,16
YY000101-251128-0074,JS000101-251128-0071,外卖区域.WM客位204262,,,,1,29.8,0.0,29.8,收银pos,001-收银,2025-11-28 16:03:48,否,1,16
YY000101-251128-0072,JS000101-251128-0070,大厅.A02,,,,2,44.0,0.0,44.0,收银pos,001-收银,2025-11-28 15:53:00,否,0,15
YY000101-251128-0073,JS000101-251128-0069,外卖区域.WM客位204262,,,,1,33.8,0.0,33.8,收银pos,001-收银,2025-11-28 15:43:31,否,1,15
YY000101-251128-0069,JS000101-251128-0067,大厅.A02,,,,1,36.0,0.0,36.0,收银pos,001-收银,2025-11-28 15:34:00,否,0,15
YY000101-251128-0070,JS000101-251128-0068,外卖区域.WM客位204262,,,,1,35.8,0.0,35.8,收银pos,001-收银,2025-11-28 14:52:29,否,1,14
YY000101-251128-0068,JS000101-251128-0066,外卖区域.WM客位204262,,,,1,36.6,0.0,36.6,收银pos,001-收银,2025-11-28 14:49:24,否,1,14
YY000101-251128-0067,JS000101-251128-0065,外卖区域.WM客位204262,,,,1,49.2,0.0,49.2,收银pos,001-收银,2025-11-28 14:42:11,否,1,14
YY000101-251128-0062,JS000101-251128-0059,大厅.A03,,,,4,101.8,0.0,101.8,收银pos,001-收银,2025-11-28 14:02:47,否,0,14
YY000101-251128-0066,JS000101-251128-0064,大厅.A09,,,,2,65.0,0.0,65.0,收银pos,001-收银,2025-11-28 14:01:41,否,0,14
YY000101-251128-0061,JS000101-251128-0063,大厅.A02,,,,1,40.0,12.0,28.0,收银pos,001-收银,2025-11-28 13:45:19,否,0,13
YY000101-251128-0065,JS000101-251128-0062,外卖区域.WM客位204262,,,,1,52.8,0.0,52.8,收银pos,001-收银,2025-11-28 13:32:50,否,1,13
YY000101-251128-0055,JS000101-251128-0061,大厅.A08,,,,2,174.0,33.8,140.2,收银pos,001-收银,2025-11-28 13:25:56,否,0,13
YY000101-251128-0064,JS000101-251128-0060,外卖区域.WM客位204262,,,,1,34.8,0.0,34.8,收银pos,001-收银,2025-11-28 13:19:03,否,1,13
YY000101-251128-0063,JS000101-251128-0058,外卖区域.WM客位204262,,,,1,34.8,0.0,34.8,收银pos,001-收银,2025-11-28 13:15:33,否,1,13
YY000101-251128-0060,JS000101-251128-0057,外卖区域.WM客位204262,,,,1,51.8,0.0,51.8,收银pos,001-收银,2025-11-28 13:10:36,否,1,13
YY000101-251128-0059,JS000101-251128-0056,外卖区域.WM客位204262,,,,1,49.8,0.0,49.8,收银pos,001-收银,2025-11-28 13:04:19,否,1,13
YY000101-251128-0038,JS000101-251128-0055,大厅.A07,,,,3,239.0,33.0,206.0,收银pos,001-收银,2025-11-28 12:57:45,否,0,12
YY000101-251128-0057,JS000101-251128-0054,外卖区域.WM客位204262,,,,1,46.8,0.0,46.8,收银pos,001-收银,2025-11-28 12:52:08,否,1,12
YY000101-251128-0056,JS000101-251128-0053,外卖区域.WM客位204262,,,,1,34.8,0.0,34.8,收银pos,001-收银,2025-11-28 12:51:35,否,1,12
YY000101-251128-0042,JS000101-251128-0052,大厅.A10,,,,3,202.0,0.0,202.0,收银pos,001-收银,2025-11-28 12:49:18,否,0,12
YY000101-251128-0054,JS000101-251128-0051,外卖区域.WM客位204262,,,,1,70.8,0.0,70.8,收银pos,001-收银,2025-11-28 12:36:18,否,1,12
YY000101-251128-0053,JS000101-251128-0050,外卖区域.WM客位204262,,,,1,59.8,0.0,59.8,收银pos,001-收银,2025-11-28 12:34:48,否,1,12
YY000101-251128-0052,JS000101-251128-0049,外卖区域.WM客位204262,,,,1,46.8,0.0,46.8,收银pos,001-收银,2025-11-28 12:34:47,否,1,12
YY000101-251128-0045,JS000101-251128-0048,大厅.A05,,,,3,178.0,0.0,178.0,收银pos,001-收银,2025-11-28 12:30:40,否,0,12
YY000101-251128-0051,JS000101-251128-0047,外卖区域.WM客位204262,,,,1,36.8,0.0,36.8,收银pos,001-收银,2025-11-28 12:26:39,否,1,12
YY000101-251128-0050,JS000101-251128-0046,外卖区域.WM客位204262,,,,1,49.8,0.0,49.8,收银pos,001-收银,2025-11-28 12:26:31,否,1,12
YY000101-251128-0049,JS000101-251128-0045,外卖区域.WM客位204262,,,,1,35.8,0.0,35.8,收银pos,001-收银,2025-11-28 12:21:50,否,1,12
YY000101-251128-0048,JS000101-251128-0044,外卖区域.WM客位204262,,,,1,43.8,0.0,43.8,收银pos,001-收银,2025-11-28 12:16:43,否,1,12
YY000101-251128-0047,JS000101-251128-0043,外卖区域.WM客位204262,,,,1,36.8,0.0,36.8,收银pos,001-收银,2025-11-28 12:12:32,否,1,12
YY000101-251128-0046,JS000101-251128-0042,外卖区域.WM客位204262,,,,1,46.3,0.0,46.3,收银pos,001-收银,2025-11-28 12:12:25,否,1,12
YY000101-251128-0041,JS000101-251128-0041,大厅.A11,,,,1,37.0,0.0,37.0,收银pos,001-收银,2025-11-28 12:07:46,否,0,12
YY000101-251128-0043,JS000101-251128-0040,大厅.A09,,,,1,24.0,0.0,24.0,收银pos,001-收银,2025-11-28 12:03:57,否,0,12
YY000101-251128-0040,JS000101-251128-0039,外卖区域.WM客位204262,,,,1,72.0,0.0,72.0,收银pos,001-收银,2025-11-28 11:59:48,否,1,11
YY000101-251128-0039,JS000101-251128-0038,外卖区域.WM客位204262,,,,1,42.8,0.0,42.8,收银pos,001-收银,2025-11-28 11:58:10,否,1,11
YY000101-251128-0036,JS000101-251128-0035,大厅.A03,,,,2,36.0,0.0,36.0,收银pos,001-收银,2025-11-28 11:55:57,否,0,11
YY000101-251128-0023,JS000101-251128-0037,大厅.A09,,,,1,22.0,0.0,22.0,收银pos,001-收银,2025-11-28 11:55:51,否,0,11
YY000101-251128-0037,JS000101-251128-0036,外卖区域.WM客位204262,,,,1,42.3,0.0,42.3,收银pos,001-收银,2025-11-28 11:55:41,否,1,11
YY000101-251128-0035,JS000101-251128-0034,外卖区域.WM客位204262,,,,1,39.8,0.0,39.8,收银pos,001-收银,2025-11-28 11:52:36,否,1,11
YY000101-251128-0032,JS000101-251128-0031,大厅.A06,,,,4,114.0,0.0,114.0,收银pos,001-收银,2025-11-28 11:52:27,否,0,11
YY000101-251128-0033,JS000101-251128-0033,大厅.A02,,,,2,79.0,0.0,79.0,收银pos,001-收银,2025-11-28 11:52:24,否,0,11
YY000101-251128-0034,JS000101-251128-0032,外卖区域.WM客位204262,,,,1,39.5,0.0,39.5,收银pos,001-收银,2025-11-28 11:52:12,否,1,11
YY000101-251128-0031,JS000101-251128-0030,外卖区域.WM客位204262,,,,1,32.8,0.0,32.8,收银pos,001-收银,2025-11-28 11:47:36,否,1,11
YY000101-251128-0030,JS000101-251128-0029,外卖区域.WM客位204262,,,,1,36.8,0.0,36.8,收银pos,001-收银,2025-11-28 11:44:51,否,1,11
YY000101-251128-0029,JS000101-251128-0028,外卖区域.WM客位204262,,,,1,47.7,0.0,47.7,收银pos,001-收银,2025-11-28 11:41:51,否,1,11
YY000101-251128-0028,JS000101-251128-0027,外卖区域.WM客位204262,,,,1,34.8,0.0,34.8,收银pos,001-收银,2025-11-28 11:39:43,否,1,11
YY000101-251128-0027,JS000101-251128-0026,外卖区域.WM客位204262,,,,1,43.8,0.0,43.8,收银pos,001-收银,2025-11-28 11:37:43,否,1,11
YY000101-251128-0026,JS000101-251128-0025,外卖区域.WM客位204262,,,,1,46.7,0.0,46.7,收银pos,001-收银,2025-11-28 11:37:36,否,1,11
YY000101-251128-0025,JS000101-251128-0024,外卖区域.WM客位204262,,,,1,37.8,0.0,37.8,收银pos,001-收银,2025-11-28 11:33:00,否,1,11
YY000101-251128-0024,JS000101-251128-0023,外卖区域.WM客位204262,,,,1,35.8,0.0,35.8,收银pos,001-收银,2025-11-28 11:29:05,否,1,11
YY000101-251128-0022,JS000101-251128-0022,外卖区域.WM客位204262,,,,1,36.7,0.0,36.7,收银pos,001-收银,2025-11-28 11:21:06,否,1,11
YY000101-251128-0021,JS000101-251128-0021,外卖区域.WM客位204262,,,,1,39.8,0.0,39.8,收银pos,001-收银,2025-11-28 11:19:33,否,1,11
YY000101-251128-0020,JS000101-251128-0020,外卖区域.WM客位204262,,,,1,37.8,0.0,37.8,收银pos,001-收银,2025-11-28 11:16:53,否,1,11
YY000101-251128-0019,JS000101-251128-0019,外卖区域.WM客位204262,,,,1,47.8,0.0,47.8,收银pos,001-收银,2025-11-28 11:11:11,否,1,11
YY000101-251128-0018,JS000101-251128-0018,外卖区域.WM客位204262,,,,1,54.8,0.0,54.8,收银pos,001-收银,2025-11-28 11:08:37,否,1,11
YY000101-251128-0017,JS000101-251128-0017,外卖区域.WM客位204262,,,,1,44.7,0.0,44.7,收银pos,001-收银,2025-11-28 11:07:59,否,1,11
YY000101-251128-0016,JS000101-251128-0016,外卖区域.WM客位204262,,,,1,32.8,0.0,32.8,收银pos,001-收银,2025-11-28 11:05:35,否,1,11
YY000101-251128-0015,JS000101-251128-0015,外卖区域.WM客位204262,,,,1,36.8,0.0,36.8,收银pos,001-收银,2025-11-28 11:05:02,否,1,11
YY000101-251128-0014,JS000101-251128-0014,外卖区域.WM客位204262,,,,1,34.8,0.0,34.8,收银pos,001-收银,2025-11-28 11:03:44,否,1,11
YY000101-251128-0013,JS000101-251128-0013,外卖区域.WM客位204262,,,,1,63.75,0.0,63.75,收银pos,001-收银,2025-11-28 11:03:06,否,1,11
YY000101-251128-0012,JS000101-251128-0012,外卖区域.WM客位204262,,,,1,34.8,0.0,34.8,收银pos,001-收银,2025-11-28 11:02:18,否,1,11
YY000101-251128-0011,JS000101-251128-0011,外卖区域.WM客位204262,,,,1,34.8,0.0,34.8,收银pos,001-收银,2025-11-28 10:59:03,否,1,10
YY000101-251128-0010,JS000101-251128-0010,外卖区域.WM客位204262,,,,1,35.8,0.0,35.8,收银pos,001-收银,2025-11-28 10:58:41,否,1,10
YY000101-251128-0009,JS000101-251128-0009,外卖区域.WM客位204262,,,,1,40.7,0.0,40.7,收银pos,001-收银,2025-11-28 10:56:02,否,1,10
YY000101-251128-0008,JS000101-251128-0008,外卖区域.WM客位204262,,,,1,45.8,0.0,45.8,收银pos,001-收银,2025-11-28 10:55:44,否,1,10
YY000101-251128-0007,JS000101-251128-0007,外卖区域.WM客位204262,,,,1,35.7,0.0,35.7,收银pos,001-收银,2025-11-28 10:54:55,否,1,10
YY000101-251128-0006,JS000101-251128-0006,外卖区域.WM客位204262,,,,1,73.6,0.0,73.6,收银pos,001-收银,2025-11-28 10:48:18,否,1,10
YY000101-251128-0005,JS000101-251128-0005,外卖区域.WM客位204262,,,,1,34.8,0.0,34.8,收银pos,001-收银,2025-11-28 10:33:10,否,1,10
YY000101-251128-0004,JS000101-251128-0004,外卖区域.WM客位204262,,,,1,44.6,0.0,44.6,收银pos,001-收银,2025-11-28 10:32:37,否,1,10
YY000101-251128-0003,JS000101-251128-0003,外卖区域.WM客位204262,,,,1,39.7,0.0,39.7,收银pos,001-收银,2025-11-28 10:32:19,否,1,10
YY000101-251128-0002,JS000101-251128-0002,外卖区域.WM客位204262,,,,1,35.8,0.0,35.8,收银pos,001-收银,2025-11-28 10:30:25,否,1,10
YY000101-251128-0001,JS000101-251128-0001,外卖区域.WM客位204262,,,,1,45.7,0.0,45.7,收银pos,001-收银,2025-11-28 10:23:41,否,1,10
YY000101-251127-0098,JS000101-251127-0113,大厅.A05,,,,2,233.0,0.0,233.0,收银pos,001-收银,2025-11-27 20:53:09,否,0,20
YY000101-251127-0107,JS000101-251127-0112,大厅.A10,,,,2,207.0,0.0,207.0,收银pos,001-收银,2025-11-27 20:51:26,否,0,20
YY000101-251127-0113,JS000101-251127-0111,大厅.A01,,,,2,38.0,0.0,38.0,收银pos,001-收银,2025-11-27 20:38:28,否,0,20
YY000101-251127-0109,JS000101-251127-0106,大厅.A03,,,,2,72.0,0.0,72.0,收银pos,001-收银,2025-11-27 20:33:07,否,0,20
YY000101-251127-0112,JS000101-251127-0109,大厅.A01,,,,2,23.8,0.0,23.8,收银pos,001-收银,2025-11-27 20:33:03,否,0,20
YY000101-251127-0100,JS000101-251127-0110,大厅.A02,,,,2,243.0,67.6,175.4,收银pos,001-收银,2025-11-27 20:28:14,否,0,20
YY000101-251127-0111,JS000101-251127-0108,外卖区域.WM客位204262,,,,1,34.8,0.0,34.8,收银pos,001-收银,2025-11-27 20:24:55,否,1,20
YY000101-251127-0110,JS000101-251127-0107,外卖区域.WM客位204262,,,,1,45.6,0.0,45.6,收银pos,001-收银,2025-11-27 20:18:23,否,1,20
YY000101-251127-0108,JS000101-251127-0105,外卖区域.WM客位204262,,,,1,40.7,0.0,40.7,收银pos,001-收银,2025-11-27 20:16:55,否,1,20
YY000101-251127-0099,JS000101-251127-0096,大厅.A06,,,,2,178.0,0.0,178.0,收银pos,001-收银,2025-11-27 20:11:26,否,0,20
YY000101-251127-0097,JS000101-251127-0104,大厅.A03,,,,3,79.0,0.0,79.0,收银pos,001-收银,2025-11-27 19:53:34,否,0,19
YY000101-251127-0106,JS000101-251127-0103,外卖区域.WM客位204262,,,,1,34.8,0.0,34.8,收银pos,001-收银,2025-11-27 19:52:25,否,1,19
YY000101-251127-0105,JS000101-251127-0102,外卖区域.WM客位204262,,,,1,38.8,0.0,38.8,收银pos,001-收银,2025-11-27 19:52:13,否,1,19
YY000101-251127-0104,JS000101-251127-0101,外卖区域.WM客位204262,,,,1,43.8,0.0,43.8,收银pos,001-收银,2025-11-27 19:49:39,否,1,19
YY000101-251127-0103,JS000101-251127-0100,外卖区域.WM客位204262,,,,1,34.8,0.0,34.8,收银pos,001-收银,2025-11-27 19:41:51,否,1,19
YY000101-251127-0088,JS000101-251127-0099,大厅.A08,,,,6,111.0,0.0,111.0,收银pos,001-收银,2025-11-27 19:41:16,否,0,19
YY000101-251127-0102,JS000101-251127-0098,外卖区域.WM客位204262,,,,1,39.7,0.0,39.7,收银pos,001-收银,2025-11-27 19:38:46,否,1,19
YY000101-251127-0101,JS000101-251127-0097,外卖区域.WM客位204262,,,,1,57.7,0.0,57.7,收银pos,001-收银,2025-11-27 19:38:04,否,1,19
YY000101-251127-0095,JS000101-251127-0095,大厅.A06,,,,2,215.0,0.0,215.0,收银pos,001-收银,2025-11-27 19:15:34,否,0,19
YY000101-251127-0086,JS000101-251127-0094,大厅.A02,,,,2,154.0,0.0,154.0,收银pos,001-收银,2025-11-27 19:14:08,否,0,19
YY000101-251127-0096,JS000101-251127-0093,外卖区域.WM客位204262,,,,1,41.7,0.0,41.7,收银pos,001-收银,2025-11-27 18:56:42,否,1,18
YY000101-251127-0094,JS000101-251127-0092,外卖区域.WM客位204262,,,,1,52.8,0.0,52.8,收银pos,001-收银,2025-11-27 18:53:13,否,1,18
YY000101-251127-0093,JS000101-251127-0091,外卖区域.WM客位204262,,,,1,75.6,0.0,75.6,收银pos,001-收银,2025-11-27 18:50:49,否,1,18
YY000101-251127-0091,JS000101-251127-0089,外卖区域.WM客位204262,,,,1,37.7,0.0,37.7,收银pos,001-收银,2025-11-27 18:32:00,否,1,18
YY000101-251127-0090,JS000101-251127-0088,大厅.A03,,,,2,23.8,0.0,23.8,收银pos,001-收银,2025-11-27 18:30:55,否,0,18
YY000101-251127-0089,JS000101-251127-0087,外卖区域.WM客位204262,,,,1,100.9,0.0,100.9,收银pos,001-收银,2025-11-27 18:29:00,否,1,18
YY000101-251127-0087,JS000101-251127-0086,外卖区域.WM客位204262,,,,1,34.8,0.0,34.8,收银pos,001-收银,2025-11-27 18:25:35,否,1,18
YY000101-251127-0085,JS000101-251127-0085,大厅.A08,,,,2,278.0,0.0,278.0,收银pos,001-收银,2025-11-27 18:23:58,否,0,18
YY000101-251127-0084,JS000101-251127-0084,大厅.A04,,,,2,47.6,0.0,47.6,收银pos,001-收银,2025-11-27 18:08:16,否,0,18
YY000101-251127-0072,JS000101-251127-0083,大厅.A03,,,,2,120.0,0.0,120.0,收银pos,001-收银,2025-11-27 18:07:39,否,0,18
YY000101-251127-0071,JS000101-251127-0082,大厅.A07,,,,2,224.0,0.0,224.0,收银pos,001-收银,2025-11-27 18:06:10,否,0,18
YY000101-251127-0083,JS000101-251127-0081,外卖区域.WM客位204262,,,,1,43.8,0.0,43.8,收银pos,001-收银,2025-11-27 17:49:11,否,1,17
YY000101-251127-0082,JS000101-251127-0080,外卖区域.WM客位204262,,,,1,47.6,0.0,47.6,收银pos,001-收银,2025-11-27 17:47:38,否,1,17
YY000101-251127-0081,JS000101-251127-0079,外卖区域.WM客位204262,,,,1,39.6,0.0,39.6,收银pos,001-收银,2025-11-27 17:46:30,否,1,17
YY000101-251127-0080,JS000101-251127-0078,外卖区域.WM客位204262,,,,1,35.8,0.0,35.8,收银pos,001-收银,2025-11-27 17:36:45,否,1,17
YY000101-251127-0079,JS000101-251127-0077,外卖区域.WM客位204262,,,,1,67.7,0.0,67.7,收银pos,001-收银,2025-11-27 17:35:27,否,1,17
YY000101-251127-0066,JS000101-251127-0075,大厅.A09,,,,2,180.0,0.0,180.0,收银pos,001-收银,2025-11-27 17:29:36,否,0,17
YY000101-251127-0077,JS000101-251127-0074,外卖区域.WM客位204262,,,,1,71.8,0.0,71.8,收银pos,001-收银,2025-11-27 17:26:42,否,1,17
YY000101-251127-0075,JS000101-251127-0072,外卖区域.WM客位204262,,,,1,32.8,0.0,32.8,收银pos,001-收银,2025-11-27 17:24:10,否,1,17
YY000101-251127-0074,JS000101-251127-0071,外卖区域.WM客位204262,,,,1,61.8,0.0,61.8,收银pos,001-收银,2025-11-27 17:23:43,否,1,17
YY000101-251127-0073,JS000101-251127-0070,外卖区域.WM客位204262,,,,1,79.6,0.0,79.6,收银pos,001-收银,2025-11-27 17:17:11,否,1,17
YY000101-251127-0070,JS000101-251127-0069,外卖区域.WM客位204262,,,,1,35.8,0.0,35.8,收银pos,001-收银,2025-11-27 17:00:06,否,1,17
YY000101-251127-0069,JS000101-251127-0068,外卖区域.WM客位204262,,,,1,35.7,0.0,35.7,收银pos,001-收银,2025-11-27 16:48:36,否,1,16
YY000101-251127-0068,JS000101-251127-0067,外卖区域.WM客位204262,,,,1,35.3,0.0,35.3,收银pos,001-收银,2025-11-27 16:46:17,否,1,16
YY000101-251127-0067,JS000101-251127-0066,外卖区域.WM客位204262,,,,1,36.7,0.0,36.7,收银pos,001-收银,2025-11-27 16:43:37,否,1,16
YY000101-251127-0065,JS000101-251127-0065,外卖区域.WM客位204262,,,,1,32.8,0.0,32.8,收银pos,001-收银,2025-11-27 15:44:28,否,1,15
YY000101-251127-0064,JS000101-251127-0064,外卖区域.WM客位204262,,,,1,44.7,0.0,44.7,收银pos,001-收银,2025-11-27 14:34:38,否,1,14
YY000101-251127-0063,JS000101-251127-0063,外卖区域.WM客位204262,,,,1,39.7,0.0,39.7,收银pos,001-收银,2025-11-27 14:22:16,否,1,14
YY000101-251127-0062,JS000101-251127-0062,外卖区域.WM客位204262,,,,1,35.8,0.0,35.8,收银pos,001-收银,2025-11-27 14:20:07,否,1,14
YY000101-251127-0061,JS000101-251127-0061,外卖区域.WM客位204262,,,,1,34.8,0.0,34.8,收银pos,001-收银,2025-11-27 14:17:08,否,1,14
YY000101-251127-0057,JS000101-251127-0060,大厅.A07,,,,6,476.0,83.6,392.4,收银pos,001-收银,2025-11-27 14:14:48,否,1,14
YY000101-251127-0058,JS000101-251127-0058,大厅.A04,,,,1,32.0,0.0,32.0,收银pos,001-收银,2025-11-27 13:58:38,否,0,13
YY000101-251127-0049,JS000101-251127-0048,大厅.A08,,,,2,346.0,0.0,346.0,收银pos,001-收银,2025-11-27 13:50:42,否,0,13
YY000101-251127-0050,JS000101-251127-0057,大厅.A09,,,,2,235.0,46.0,189.0,收银pos,001-收银,2025-11-27 13:48:22,否,0,13
YY000101-251127-0059,JS000101-251127-0056,外卖区域.WM客位204262,,,,1,36.8,0.0,36.8,收银pos,001-收银,2025-11-27 13:41:13,否,1,13
YY000101-251127-0048,JS000101-251127-0055,大厅.A03,,,,2,212.0,0.0,212.0,收银pos,001-收银,2025-11-27 13:25:36,否,0,13
YY000101-251127-0056,JS000101-251127-0054,外卖区域.WM客位204262,,,,1,39.8,0.0,39.8,收银pos,001-收银,2025-11-27 13:19:51,否,1,13
YY000101-251127-0055,JS000101-251127-0053,大厅.A02,,,,1,101.0,0.0,101.0,收银pos,001-收银,2025-11-27 13:18:52,否,2,13
YY000101-251127-0054,JS000101-251127-0052,外卖区域.WM客位204262,,,,1,32.8,0.0,32.8,收银pos,001-收银,2025-11-27 13:13:08,否,1,13
YY000101-251127-0053,JS000101-251127-0051,外卖区域.WM客位204262,,,,1,29.8,0.0,29.8,收银pos,001-收银,2025-11-27 13:04:39,否,1,13
YY000101-251127-0052,JS000101-251127-0050,外卖区域.WM客位204262,,,,1,34.8,0.0,34.8,收银pos,001-收银,2025-11-27 12:56:26,否,1,12
YY000101-251127-0051,JS000101-251127-0049,外卖区域.WM客位204262,,,,1,45.8,0.0,45.8,收银pos,001-收银,2025-11-27 12:55:18,否,1,12
YY000101-251127-0047,JS000101-251127-0047,外卖区域.WM客位204262,,,,1,41.8,0.0,41.8,收银pos,001-收银,2025-11-27 12:39:20,否,1,12
YY000101-251127-0046,JS000101-251127-0046,外卖区域.WM客位204262,,,,1,45.7,0.0,45.7,收银pos,001-收银,2025-11-27 12:36:40,否,1,12
YY000101-251127-0041,JS000101-251127-0045,大厅.A02,,,,2,76.0,0.0,76.0,收银pos,001-收银,2025-11-27 12:26:10,否,0,12
YY000101-251127-0045,JS000101-251127-0044,外卖区域.WM客位204262,,,,1,44.8,0.0,44.8,收银pos,001-收银,2025-11-27 12:23:23,否,1,12
YY000101-251127-0044,JS000101-251127-0043,大厅.A11,,,,1,25.0,0.0,25.0,收银pos,001-收银,2025-11-27 12:22:16,否,0,12
YY000101-251127-0043,JS000101-251127-0042,外卖区域.WM客位204262,,,,1,37.8,0.0,37.8,收银pos,001-收银,2025-11-27 12:20:39,否,1,12
YY000101-251127-0042,JS000101-251127-0041,外卖区域.WM客位204262,,,,1,27.8,0.0,27.8,收银pos,001-收银,2025-11-27 12:20:27,否,1,12
YY000101-251127-0011,JS000101-251127-0040,大厅.A05,,,,4,224.0,8.0,216.0,收银pos,001-收银,2025-11-27 12:20:27,否,0,12
YY000101-251127-0040,JS000101-251127-0039,外卖区域.WM客位204262,,,,1,47.8,0.0,47.8,收银pos,001-收银,2025-11-27 12:11:48,否,1,12
YY000101-251127-0039,JS000101-251127-0038,外卖区域.WM客位204262,,,,1,39.8,0.0,39.8,收银pos,001-收银,2025-11-27 12:05:41,否,1,12
YY000101-251127-0038,JS000101-251127-0037,外卖区域.WM客位204262,,,,1,35.8,0.0,35.8,收银pos,001-收银,2025-11-27 12:04:43,否,1,12
YY000101-251127-0036,JS000101-251127-0035,外卖区域.WM客位204262,,,,1,32.7,0.0,32.7,收银pos,001-收银,2025-11-27 11:59:50,否,1,11
YY000101-251127-0035,JS000101-251127-0034,外卖区域.WM客位204262,,,,1,40.7,0.0,40.7,收银pos,001-收银,2025-11-27 11:58:57,否,1,11
YY000101-251127-0034,JS000101-251127-0033,外卖区域.WM客位204262,,,,1,45.8,0.0,45.8,收银pos,001-收银,2025-11-27 11:54:35,否,1,11
YY000101-251127-0033,JS000101-251127-0032,外卖区域.WM客位204262,,,,1,35.6,0.0,35.6,收银pos,001-收银,2025-11-27 11:53:13,否,1,11
YY000101-251127-0032,JS000101-251127-0031,外卖区域.WM客位204262,,,,1,67.3,0.0,67.3,收银pos,001-收银,2025-11-27 11:51:44,否,1,11
YY000101-251127-0031,JS000101-251127-0030,外卖区域.WM客位204262,,,,1,36.8,0.0,36.8,收银pos,001-收银,2025-11-27 11:44:01,否,1,11
YY000101-251127-0030,JS000101-251127-0029,外卖区域.WM客位204262,,,,1,56.8,0.0,56.8,收银pos,001-收银,2025-11-27 11:43:44,否,1,11
YY000101-251127-0029,JS000101-251127-0028,外卖区域.WM客位204262,,,,1,27.8,0.0,27.8,收银pos,001-收银,2025-11-27 11:41:55,否,1,11
YY000101-251127-0028,JS000101-251127-0027,外卖区域.WM客位204262,,,,1,62.1,0.0,62.1,收银pos,001-收银,2025-11-27 11:33:57,否,1,11
YY000101-251127-0027,JS000101-251127-0026,外卖区域.WM客位204262,,,,1,37.8,0.0,37.8,收银pos,001-收银,2025-11-27 11:32:49,否,1,11
YY000101-251127-0026,JS000101-251127-0025,外卖区域.WM客位204262,,,,1,46.7,0.0,46.7,收银pos,001-收银,2025-11-27 11:31:15,否,1,11
YY000101-251127-0025,JS000101-251127-0024,外卖区域.WM客位204262,,,,1,34.8,0.0,34.8,收银pos,001-收银,2025-11-27 11:24:42,否,1,11
YY000101-251127-0024,JS000101-251127-0023,外卖区域.WM客位204262,,,,1,44.6,0.0,44.6,收银pos,001-收银,2025-11-27 11:20:11,否,1,11
YY000101-251127-0023,JS000101-251127-0022,外卖区域.WM客位204262,,,,1,35.8,0.0,35.8,收银pos,001-收银,2025-11-27 11:19:33,否,1,11
YY000101-251127-0022,JS000101-251127-0021,外卖区域.WM客位204262,,,,1,44.7,0.0,44.7,收银pos,001-收银,2025-11-27 11:17:55,否,1,11
YY000101-251127-0021,JS000101-251127-0020,外卖区域.WM客位204262,,,,1,44.7,0.0,44.7,收银pos,001-收银,2025-11-27 11:17:11,否,1,11
YY000101-251127-0020,JS000101-251127-0019,外卖区域.WM客位204262,,,,1,35.3,0.0,35.3,收银pos,001-收银,2025-11-27 11:17:04,否,1,11
YY000101-251127-0019,JS000101-251127-0018,外卖区域.WM客位204262,,,,1,34.8,0.0,34.8,收银pos,001-收银,2025-11-27 11:14:45,否,1,11
YY000101-251127-0017,JS000101-251127-0016,外卖区域.WM客位204262,,,,1,44.6,0.0,44.6,收银pos,001-收银,2025-11-27 11:13:15,否,1,11
YY000101-251127-0016,JS000101-251127-0015,外卖区域.WM客位204262,,,,1,43.8,0.0,43.8,收银pos,001-收银,2025-11-27 11:12:42,否,1,11
YY000101-251127-0015,JS000101-251127-0014,外卖区域.WM客位204262,,,,1,37.8,0.0,37.8,收银pos,001-收银,2025-11-27 11:10:43,否,1,11
YY000101-251127-0014,JS000101-251127-0013,外卖区域.WM客位204262,,,,1,42.6,0.0,42.6,收银pos,001-收银,2025-11-27 11:09:14,否,1,11
YY000101-251127-0013,JS000101-251127-0012,外卖区域.WM客位204262,,,,1,34.7,0.0,34.7,收银pos,001-收银,2025-11-27 11:09:06,否,1,11
YY000101-251127-0012,JS000101-251127-0011,外卖区域.WM客位204262,,,,1,47.8,0.0,47.8,收银pos,001-收银,2025-11-27 11:08:44,否,1,11
YY000101-251127-0010,JS000101-251127-0010,外卖区域.WM客位204262,,,,1,38.2,0.0,38.2,收银pos,001-收银,2025-11-27 11:04:08,否,1,11
YY000101-251127-0009,JS000101-251127-0009,外卖区域.WM客位204262,,,,1,29.8,0.0,29.8,收银pos,001-收银,2025-11-27 10:59:56,否,1,10
YY000101-251127-0008,JS000101-251127-0008,外卖区域.WM客位204262,,,,1,41.7,0.0,41.7,收银pos,001-收银,2025-11-27 10:52:49,否,1,10
YY000101-251127-0007,JS000101-251127-0007,外卖区域.WM客位204262,,,,1,43.8,0.0,43.8,收银pos,001-收银,2025-11-27 10:50:19,否,1,10
YY000101-251127-0006,JS000101-251127-0006,外卖区域.WM客位204262,,,,1,58.7,0.0,58.7,收银pos,001-收银,2025-11-27 10:50:02,否,1,10
YY000101-251127-0005,JS000101-251127-0005,外卖区域.WM客位204262,,,,1,51.7,0.0,51.7,收银pos,001-收银,2025-11-27 10:44:45,否,1,10
YY000101-251127-0004,JS000101-251127-0004,外卖区域.WM客位204262,,,,1,35.8,0.0,35.8,收银pos,001-收银,2025-11-27 10:37:16,否,1,10
YY000101-251127-0003,JS000101-251127-0003,外卖区域.WM客位204262,,,,1,49.7,0.0,49.7,收银pos,001-收银,2025-11-27 10:34:57,否,1,10
YY000101-251127-0002,JS000101-251127-0002,外卖区域.WM客位204262,,,,1,49.8,0.0,49.8,收银pos,001-收银,2025-11-27 10:28:55,否,1,10
YY000101-251127-0001,JS000101-251127-0001,外卖区域.WM客位204262,,,,1,50.6,0.0,50.6,收银pos,001-收银,2025-11-27 09:16:42,否,1,9
YY000101-251126-0104,JS000101-251126-0107,大厅.A03,,,,2,272.0,0.0,272.0,收银pos,001-收银,2025-11-26 21:30:55,否,0,21
YY000101-251126-0103,JS000101-251126-0102,大厅.A09,,,,3,341.0,0.0,341.0,收银pos,001-收银,2025-11-26 21:14:38,否,1,21
YY000101-251126-0107,JS000101-251126-0106,外卖区域.WM客位204262,,,,1,42.6,0.0,42.6,收银pos,001-收银,2025-11-26 20:59:15,否,1,20
YY000101-251126-0106,JS000101-251126-0105,外卖区域.WM客位204262,,,,1,38.8,0.0,38.8,收银pos,001-收银,2025-11-26 20:25:24,否,1,20
YY000101-251126-0099,JS000101-251126-0097,大厅.A06,,,,2,178.0,0.0,178.0,收银pos,001-收银,2025-11-26 20:07:40,否,0,20
YY000101-251126-0101,JS000101-251126-0099,大厅.A05,,,,2,23.8,0.0,23.8,收银pos,001-收银,2025-11-26 20:07:35,否,0,20
YY000101-251126-0090,JS000101-251126-0103,大厅.A08,,,,5,372.0,60.0,312.0,收银pos,001-收银,2025-11-26 20:07:08,否,0,20
YY000101-251126-0091,JS000101-251126-0101,大厅.A10,,,,2,120.0,0.0,120.0,收银pos,001-收银,2025-11-26 19:59:36,否,0,19
YY000101-251126-0102,JS000101-251126-0100,外卖区域.WM客位204262,,,,1,34.8,0.0,34.8,收银pos,001-收银,2025-11-26 19:54:43,否,1,19
YY000101-251126-0100,JS000101-251126-0098,外卖区域.WM客位204262,,,,1,32.8,0.0,32.8,收银pos,001-收银,2025-11-26 19:48:16,否,1,19
YY000101-251126-0084,JS000101-251126-0081,大厅.A05,,,,2,178.0,0.0,178.0,收银pos,001-收银,2025-11-26 19:38:18,否,0,19
YY000101-251126-0093,JS000101-251126-0088,大厅.A02,,,,2,178.0,0.0,178.0,收银pos,001-收银,2025-11-26 19:38:14,否,0,19
YY000101-251126-0098,JS000101-251126-0096,外卖区域.WM客位204262,,,,1,50.7,0.0,50.7,收银pos,001-收银,2025-11-26 19:36:56,否,1,19
YY000101-251126-0097,JS000101-251126-0095,外卖区域.WM客位204262,,,,1,61.4,0.0,61.4,收银pos,001-收银,2025-11-26 19:35:18,否,1,19
YY000101-251126-0096,JS000101-251126-0094,外卖区域.WM客位204262,,,,1,46.7,0.0,46.7,收银pos,001-收银,2025-11-26 19:23:22,否,1,19
YY000101-251126-0081,JS000101-251126-0093,大厅.A09,,,,4,422.0,0.0,422.0,收银pos,001-收银,2025-11-26 19:22:24,否,0,19
YY000101-251126-0095,JS000101-251126-0092,外卖区域.WM客位204262,,,,1,33.8,0.0,33.8,收银pos,001-收银,2025-11-26 19:17:56,否,1,19
YY000101-251126-0086,JS000101-251126-0091,大厅.A06,,,,2,207.0,0.0,207.0,收银pos,001-收银,2025-11-26 19:10:44,否,0,19
YY000101-251126-0080,JS000101-251126-0090,大厅.A03,,,,2,205.0,30.6,174.4,收银pos,001-收银,2025-11-26 19:06:50,否,0,19
YY000101-251126-0094,JS000101-251126-0089,外卖区域.WM客位204262,,,,1,52.7,0.0,52.7,收银pos,001-收银,2025-11-26 19:02:03,否,1,19
YY000101-251126-0092,JS000101-251126-0087,外卖区域.WM客位204262,,,,1,40.2,0.0,40.2,收银pos,001-收银,2025-11-26 18:47:51,否,1,18
YY000101-251126-0063,JS000101-251126-0086,大厅.A02,,,,2,57.0,0.0,57.0,收银pos,001-收银,2025-11-26 18:39:54,否,0,18
YY000101-251126-0089,JS000101-251126-0085,外卖区域.WM客位204262,,,,1,34.8,0.0,34.8,收银pos,001-收银,2025-11-26 18:38:37,否,1,18
YY000101-251126-0088,JS000101-251126-0084,外卖区域.WM客位204262,,,,1,32.8,0.0,32.8,收银pos,001-收银,2025-11-26 18:35:42,否,1,18
YY000101-251126-0087,JS000101-251126-0083,大厅.A01,,,,2,8.0,0.0,8.0,收银pos,001-收银,2025-11-26 18:35:04,否,0,18
YY000101-251126-0083,JS000101-251126-0080,外卖区域.WM客位204262,,,,1,38.6,0.0,38.6,收银pos,001-收银,2025-11-26 18:25:50,否,1,18
YY000101-251126-0073,JS000101-251126-0078,大厅.A07,,,,3,220.0,154.0,66.0,收银pos,001-收银,2025-11-26 18:24:39,否,0,18
YY000101-251126-0082,JS000101-251126-0079,外卖区域.WM客位204262,,,,1,52.8,0.0,52.8,收银pos,001-收银,2025-11-26 18:22:30,否,1,18
YY000101-251126-0079,JS000101-251126-0077,外卖区域.WM客位204262,,,,1,54.8,0.0,54.8,收银pos,001-收银,2025-11-26 18:03:45,否,1,18
YY000101-251126-0078,JS000101-251126-0076,大厅.A01,,,,2,70.0,0.0,70.0,收银pos,001-收银,2025-11-26 18:01:45,否,0,18
YY000101-251126-0077,JS000101-251126-0075,外卖区域.WM客位204262,,,,1,38.8,0.0,38.8,收银pos,001-收银,2025-11-26 17:59:04,否,1,17
YY000101-251126-0076,JS000101-251126-0074,外卖区域.WM客位204262,,,,1,36.6,0.0,36.6,收银pos,001-收银,2025-11-26 17:56:45,否,1,17
YY000101-251126-0075,JS000101-251126-0073,外卖区域.WM客位204262,,,,1,171.7,0.0,171.7,收银pos,001-收银,2025-11-26 17:42:07,否,1,17
YY000101-251126-0074,JS000101-251126-0072,外卖区域.WM客位204262,,,,1,39.8,0.0,39.8,收银pos,001-收银,2025-11-26 17:34:54,否,1,17
YY000101-251126-0072,JS000101-251126-0071,外卖区域.WM客位204262,,,,1,63.6,0.0,63.6,收银pos,001-收银,2025-11-26 17:22:09,否,1,17
YY000101-251126-0071,JS000101-251126-0070,外卖区域.WM客位204262,,,,1,67.6,0.0,67.6,收银pos,001-收银,2025-11-26 17:11:40,否,1,17
YY000101-251126-0070,JS000101-251126-0069,外卖区域.WM客位204262,,,,1,37.8,0.0,37.8,收银pos,001-收银,2025-11-26 17:08:24,否,1,17
YY000101-251126-0069,JS000101-251126-0068,外卖区域.WM客位204262,,,,1,38.7,0.0,38.7,收银pos,001-收银,2025-11-26 17:02:13,否,1,17
YY000101-251126-0068,JS000101-251126-0067,外卖区域.WM客位204262,,,,1,34.8,0.0,34.8,收银pos,001-收银,2025-11-26 16:30:25,否,1,16
YY000101-251126-0067,JS000101-251126-0066,外卖区域.WM客位204262,,,,1,34.8,0.0,34.8,收银pos,001-收银,2025-11-26 16:14:13,否,1,16
YY000101-251126-0066,JS000101-251126-0065,外卖区域.WM客位204262,,,,1,48.7,0.0,48.7,收银pos,001-收银,2025-11-26 16:06:25,否,1,16
YY000101-251126-0065,JS000101-251126-0064,外卖区域.WM客位204262,,,,1,43.8,0.0,43.8,收银pos,001-收银,2025-11-26 15:57:57,否,1,15
YY000101-251126-0062,JS000101-251126-0063,大厅.A03,,,,2,111.0,0.0,111.0,收银pos,001-收银,2025-11-26 15:02:57,否,0,15
YY000101-251126-0064,JS000101-251126-0062,外卖区域.WM客位204262,,,,1,34.8,0.0,34.8,收银pos,001-收银,2025-11-26 14:36:38,否,1,14
YY000101-251126-0061,JS000101-251126-0061,外卖区域.WM客位204262,,,,1,56.8,0.0,56.8,收银pos,001-收银,2025-11-26 13:57:06,否,1,13
YY000101-251126-0060,JS000101-251126-0060,大厅.A07,,,,1,28.0,0.0,28.0,收银pos,001-收银,2025-11-26 13:50:18,否,0,13
YY000101-251126-0059,JS000101-251126-0059,外卖区域.WM客位204262,,,,1,50.3,0.0,50.3,收银pos,001-收银,2025-11-26 13:44:51,否,1,13
YY000101-251126-0056,JS000101-251126-0055,大厅.A03,,,,2,23.8,0.0,23.8,收银pos,001-收银,2025-11-26 13:39:17,否,0,13
YY000101-251126-0052,JS000101-251126-0058,大厅.A09,,,,3,342.0,0.0,342.0,收银pos,001-收银,2025-11-26 13:39:10,否,0,13
YY000101-251126-0058,JS000101-251126-0057,外卖区域.WM客位204262,,,,1,48.8,0.0,48.8,收银pos,001-收银,2025-11-26 13:33:16,否,1,13
YY000101-251126-0057,JS000101-251126-0056,外卖区域.WM客位204262,,,,1,34.8,0.0,34.8,收银pos,001-收银,2025-11-26 13:32:39,否,1,13
YY000101-251126-0055,JS000101-251126-0054,外卖区域.WM客位204262,,,,1,39.8,0.0,39.8,收银pos,001-收银,2025-11-26 13:29:09,否,1,13
YY000101-251126-0054,JS000101-251126-0053,外卖区域.WM客位204262,,,,1,43.7,0.0,43.7,收银pos,001-收银,2025-11-26 13:23:58,否,1,13
YY000101-251126-0036,JS000101-251126-0052,大厅.A05,,,,2,35.0,0.0,35.0,收银pos,001-收银,2025-11-26 12:53:32,否,0,12
YY000101-251126-0053,JS000101-251126-0051,外卖区域.WM客位204262,,,,1,62.8,0.0,62.8,收银pos,001-收银,2025-11-26 12:50:54,否,1,12
YY000101-251126-0051,JS000101-251126-0050,外卖区域.WM客位204262,,,,1,45.8,0.0,45.8,收银pos,001-收银,2025-11-26 12:42:01,否,1,12
YY000101-251126-0050,JS000101-251126-0049,外卖区域.WM客位204262,,,,1,32.8,0.0,32.8,收银pos,001-收银,2025-11-26 12:41:23,否,1,12
YY000101-251126-0049,JS000101-251126-0048,外卖区域.WM客位204262,,,,1,37.8,0.0,37.8,收银pos,001-收银,2025-11-26 12:37:28,否,1,12
YY000101-251126-0048,JS000101-251126-0047,大厅.A03,,,,2,26.0,0.0,26.0,收银pos,001-收银,2025-11-26 12:35:23,否,0,12
YY000101-251126-0033,JS000101-251126-0033,大厅.A03,,,,2,329.0,0.0,329.0,收银pos,001-收银,2025-11-26 12:32:44,否,0,12
YY000101-251126-0047,JS000101-251126-0046,外卖区域.WM客位204262,,,,1,35.8,0.0,35.8,收银pos,001-收银,2025-11-26 12:28:50,否,1,12
YY000101-251126-0046,JS000101-251126-0045,外卖区域.WM客位204262,,,,1,36.8,0.0,36.8,收银pos,001-收银,2025-11-26 12:27:36,否,1,12
YY000101-251126-0045,JS000101-251126-0044,外卖区域.WM客位204262,,,,1,37.8,0.0,37.8,收银pos,001-收银,2025-11-26 12:26:38,否,1,12
YY000101-251126-0044,JS000101-251126-0043,外卖区域.WM客位204262,,,,1,43.8,0.0,43.8,收银pos,001-收银,2025-11-26 12:24:40,否,1,12
YY000101-251126-0043,JS000101-251126-0042,大厅.A01,,,,2,23.8,0.0,23.8,收银pos,001-收银,2025-11-26 12:23:23,否,0,12
YY000101-251126-0042,JS000101-251126-0041,外卖区域.WM客位204262,,,,1,35.8,0.0,35.8,收银pos,001-收银,2025-11-26 12:21:10,否,1,12
YY000101-251126-0041,JS000101-251126-0040,外卖区域.WM客位204262,,,,1,29.8,0.0,29.8,收银pos,001-收银,2025-11-26 12:20:47,否,1,12
YY000101-251126-0040,JS000101-251126-0039,外卖区域.WM客位204262,,,,1,34.6,0.0,34.6,收银pos,001-收银,2025-11-26 12:17:42,否,1,12
YY000101-251126-0039,JS000101-251126-0038,外卖区域.WM客位204262,,,,1,41.6,0.0,41.6,收银pos,001-收银,2025-11-26 12:00:44,否,1,12
YY000101-251126-0038,JS000101-251126-0037,外卖区域.WM客位204262,,,,1,54.8,0.0,54.8,收银pos,001-收银,2025-11-26 11:59:57,否,1,11
YY000101-251126-0037,JS000101-251126-0036,外卖区域.WM客位204262,,,,1,43.7,0.0,43.7,收银pos,001-收银,2025-11-26 11:57:17,否,1,11
YY000101-251126-0035,JS000101-251126-0035,大厅.A02,,,,1,27.0,0.0,27.0,收银pos,001-收银,2025-11-26 11:45:17,否,0,11
YY000101-251126-0034,JS000101-251126-0034,外卖区域.WM客位204262,,,,1,51.8,0.0,51.8,收银pos,001-收银,2025-11-26 11:44:57,否,1,11
YY000101-251126-0032,JS000101-251126-0032,外卖区域.WM客位204262,,,,1,45.8,0.0,45.8,收银pos,001-收银,2025-11-26 11:36:50,否,1,11
YY000101-251126-0031,JS000101-251126-0031,外卖区域.WM客位204262,,,,1,35.8,0.0,35.8,收银pos,001-收银,2025-11-26 11:32:39,否,1,11
YY000101-251126-0030,JS000101-251126-0030,外卖区域.WM客位204262,,,,1,41.8,0.0,41.8,收银pos,001-收银,2025-11-26 11:31:11,否,1,11
YY000101-251126-0029,JS000101-251126-0029,外卖区域.WM客位204262,,,,1,35.8,0.0,35.8,收银pos,001-收银,2025-11-26 11:29:38,否,1,11
YY000101-251126-0028,JS000101-251126-0028,外卖区域.WM客位204262,,,,1,45.8,0.0,45.8,收银pos,001-收银,2025-11-26 11:23:00,否,1,11
YY000101-251126-0027,JS000101-251126-0027,外卖区域.WM客位204262,,,,1,37.7,0.0,37.7,收银pos,001-收银,2025-11-26 11:21:48,否,1,11
YY000101-251126-0026,JS000101-251126-0026,外卖区域.WM客位204262,,,,1,33.8,0.0,33.8,收银pos,001-收银,2025-11-26 11:19:44,否,1,11
YY000101-251126-0025,JS000101-251126-0025,外卖区域.WM客位204262,,,,1,40.7,0.0,40.7,收银pos,001-收银,2025-11-26 11:18:36,否,1,11
YY000101-251126-0024,JS000101-251126-0024,外卖区域.WM客位204262,,,,1,32.8,0.0,32.8,收银pos,001-收银,2025-11-26 11:17:54,否,1,11
YY000101-251126-0023,JS000101-251126-0023,外卖区域.WM客位204262,,,,1,32.8,0.0,32.8,收银pos,001-收银,2025-11-26 11:17:21,否,1,11
YY000101-251126-0022,JS000101-251126-0022,外卖区域.WM客位204262,,,,1,37.8,0.0,37.8,收银pos,001-收银,2025-11-26 11:15:08,否,1,11
YY000101-251126-0021,JS000101-251126-0021,外卖区域.WM客位204262,,,,1,32.7,0.0,32.7,收银pos,001-收银,2025-11-26 11:14:15,否,1,11
YY000101-251126-0020,JS000101-251126-0020,外卖区域.WM客位204262,,,,1,40.8,0.0,40.8,收银pos,001-收银,2025-11-26 11:14:08,否,1,11
YY000101-251126-0019,JS000101-251126-0019,外卖区域.WM客位204262,,,,1,32.8,0.0,32.8,收银pos,001-收银,2025-11-26 11:12:20,否,1,11
YY000101-251126-0018,JS000101-251126-0018,外卖区域.WM客位204262,,,,1,44.8,0.0,44.8,收银pos,001-收银,2025-11-26 11:11:37,否,1,11
YY000101-251126-0017,JS000101-251126-0017,外卖区域.WM客位204262,,,,1,37.8,0.0,37.8,收银pos,001-收银,2025-11-26 11:09:03,否,1,11
YY000101-251126-0016,JS000101-251126-0016,外卖区域.WM客位204262,,,,1,39.8,0.0,39.8,收银pos,001-收银,2025-11-26 11:08:56,否,1,11
YY000101-251126-0015,JS000101-251126-0015,外卖区域.WM客位204262,,,,1,32.8,0.0,32.8,收银pos,001-收银,2025-11-26 11:08:49,否,1,11
YY000101-251126-0014,JS000101-251126-0014,外卖区域.WM客位204262,,,,1,34.7,0.0,34.7,收银pos,001-收银,2025-11-26 11:08:32,否,1,11
YY000101-251126-0013,JS000101-251126-0013,外卖区域.WM客位204262,,,,1,39.8,0.0,39.8,收银pos,001-收银,2025-11-26 11:07:08,否,1,11
YY000101-251126-0012,JS000101-251126-0012,外卖区域.WM客位204262,,,,1,42.8,0.0,42.8,收银pos,001-收银,2025-11-26 11:07:00,否,1,11
YY000101-251126-0011,JS000101-251126-0011,外卖区域.WM客位204262,,,,1,34.8,0.0,34.8,收银pos,001-收银,2025-11-26 11:01:13,否,1,11
YY000101-251126-0010,JS000101-251126-0010,外卖区域.WM客位204262,,,,1,37.7,0.0,37.7,收银pos,001-收银,2025-11-26 10:58:29,否,1,10
YY000101-251126-0009,JS000101-251126-0009,外卖区域.WM客位204262,,,,1,31.8,0.0,31.8,收银pos,001-收银,2025-11-26 10:57:41,否,1,10
YY000101-251126-0008,JS000101-251126-0008,外卖区域.WM客位204262,,,,1,37.8,0.0,37.8,收银pos,001-收银,2025-11-26 10:53:10,否,1,10
YY000101-251126-0006,JS000101-251126-0006,外卖区域.WM客位204262,,,,1,41.7,0.0,41.7,收银pos,001-收银,2025-11-26 10:38:11,否,1,10
YY000101-251126-0005,JS000101-251126-0005,外卖区域.WM客位204262,,,,1,43.8,0.0,43.8,收银pos,001-收银,2025-11-26 10:37:53,否,1,10
YY000101-251126-0004,JS000101-251126-0004,外卖区域.WM客位204262,,,,1,44.8,0.0,44.8,收银pos,001-收银,2025-11-26 10:32:06,否,1,10
YY000101-251126-0003,JS000101-251126-0003,外卖区域.WM客位204262,,,,1,38.8,0.0,38.8,收银pos,001-收银,2025-11-26 10:19:09,否,1,10
YY000101-251126-0002,JS000101-251126-0002,外卖区域.WM客位204262,,,,1,44.7,0.0,44.7,收银pos,001-收银,2025-11-26 09:46:05,否,1,9
YY000101-251126-0001,JS000101-251126-0001,外卖区域.WM客位204262,,,,1,50.6,0.0,50.6,收银pos,001-收银,2025-11-26 09:13:04,否,1,9
YY000101-251125-0135,JS000101-251125-0134,大厅.A07,,,,2,330.0,115.2,214.8,收银pos,001-收银,2025-11-25 21:16:03,否,0,21
YY000101-251125-0124,JS000101-251125-0133,大厅.A02,,,,2,285.0,0.0,285.0,收银pos,001-收银,2025-11-25 21:07:27,否,0,21
YY000101-251125-0134,JS000101-251125-0132,外卖区域.WM客位204262,,,,1,39.8,0.0,39.8,收银pos,001-收银,2025-11-25 20:46:18,否,1,20
YY000101-251125-0133,JS000101-251125-0131,外卖区域.WM客位204262,,,,1,36.6,0.0,36.6,收银pos,001-收银,2025-11-25 20:43:53,否,1,20
YY000101-251125-0132,JS000101-251125-0130,外卖区域.WM客位204262,,,,1,35.8,0.0,35.8,收银pos,001-收银,2025-11-25 20:43:52,否,1,20
YY000101-251125-0131,JS000101-251125-0129,外卖区域.WM客位204262,,,,1,32.8,0.0,32.8,收银pos,001-收银,2025-11-25 20:41:07,否,1,20
YY000101-251125-0130,JS000101-251125-0128,外卖区域.WM客位204262,,,,1,58.8,0.0,58.8,收银pos,001-收银,2025-11-25 20:31:58,否,1,20
YY000101-251125-0126,JS000101-251125-0127,大厅.A09,,,,3,27.0,0.0,27.0,收银pos,001-收银,2025-11-25 20:27:31,否,0,20
YY000101-251125-0129,JS000101-251125-0126,外卖区域.WM客位204262,,,,1,49.8,0.0,49.8,收银pos,001-收银,2025-11-25 20:23:44,否,1,20
YY000101-251125-0128,JS000101-251125-0125,外卖区域.WM客位204262,,,,1,44.8,0.0,44.8,收银pos,001-收银,2025-11-25 20:19:48,否,1,20
YY000101-251125-0127,JS000101-251125-0124,外卖区域.WM客位204262,,,,1,47.8,0.0,47.8,收银pos,001-收银,2025-11-25 20:08:08,否,1,20
YY000101-251125-0112,JS000101-251125-0107,大厅.A04,,,,2,236.0,0.0,236.0,收银pos,001-收银,2025-11-25 19:55:21,否,0,19
YY000101-251125-0119,JS000101-251125-0123,大厅.A08,,,,2,87.0,0.0,87.0,收银pos,001-收银,2025-11-25 19:52:52,否,0,19
YY000101-251125-0125,JS000101-251125-0121,大厅.A09,,,,2,178.0,0.0,178.0,收银pos,001-收银,2025-11-25 19:48:21,否,0,19
YY000101-251125-0116,JS000101-251125-0122,大厅.A07,,,,2,148.0,57.2,90.8,收银pos,001-收银,2025-11-25 19:45:07,否,0,19
YY000101-251125-0122,JS000101-251125-0120,大厅.A08,,,,2,86.0,0.0,86.0,收银pos,001-收银,2025-11-25 19:34:37,否,0,19
YY000101-251125-0123,JS000101-251125-0119,外卖区域.WM客位204262,,,,1,35.8,0.0,35.8,收银pos,001-收银,2025-11-25 19:33:31,否,1,19
YY000101-251125-0110,JS000101-251125-0117,大厅.A11,,,,3,305.0,0.0,305.0,收银pos,001-收银,2025-11-25 19:23:39,否,0,19
YY000101-251125-0120,JS000101-251125-0116,大厅.A01,,,,2,36.0,0.0,36.0,收银pos,001-收银,2025-11-25 19:22:40,否,0,19
YY000101-251125-0118,JS000101-251125-0115,外卖区域.WM客位204262,,,,1,34.8,0.0,34.8,收银pos,001-收银,2025-11-25 19:14:14,否,1,19
YY000101-251125-0104,JS000101-251125-0114,大厅.A02,,,,2,177.0,0.0,177.0,收银pos,001-收银,2025-11-25 19:09:22,否,0,19
YY000101-251125-0103,JS000101-251125-0113,大厅.A09,,,,3,208.0,52.0,156.0,收银pos,001-收银,2025-11-25 19:08:28,否,0,19
YY000101-251125-0099,JS000101-251125-0112,大厅.A08,,,,5,434.0,86.0,348.0,收银pos,001-收银,2025-11-25 19:05:49,否,0,19
YY000101-251125-0117,JS000101-251125-0111,外卖区域.WM客位204262,,,,1,34.8,0.0,34.8,收银pos,001-收银,2025-11-25 19:02:48,否,1,19
YY000101-251125-0115,JS000101-251125-0110,外卖区域.WM客位204262,,,,1,63.8,0.0,63.8,收银pos,001-收银,2025-11-25 19:01:55,否,1,19
YY000101-251125-0094,JS000101-251125-0109,大厅.A06,,,,1,252.0,79.0,173.0,收银pos,001-收银,2025-11-25 18:57:26,否,0,18
YY000101-251125-0114,JS000101-251125-0108,外卖区域.WM客位204262,,,,1,71.6,0.0,71.6,收银pos,001-收银,2025-11-25 18:54:52,否,1,18
YY000101-251125-0113,JS000101-251125-0106,外卖区域.WM客位204262,,,,1,40.8,0.0,40.8,收银pos,001-收银,2025-11-25 18:50:46,否,1,18
YY000101-251125-0111,JS000101-251125-0105,外卖区域.WM客位204262,,,,1,47.45,0.0,47.45,收银pos,001-收银,2025-11-25 18:49:43,否,1,18
YY000101-251125-0098,JS000101-251125-0095,大厅.A05,,,,2,178.0,0.0,178.0,收银pos,001-收银,2025-11-25 18:48:36,否,0,18
YY000101-251125-0093,JS000101-251125-0104,大厅.A07,,,,4,349.0,81.6,267.4,收银pos,001-收银,2025-11-25 18:47:32,否,0,18
YY000101-251125-0109,JS000101-251125-0103,外卖区域.WM客位204262,,,,1,33.8,0.0,33.8,收银pos,001-收银,2025-11-25 18:44:36,否,1,18
YY000101-251125-0108,JS000101-251125-0102,外卖区域.WM客位204262,,,,1,70.7,0.0,70.7,收银pos,001-收银,2025-11-25 18:42:27,否,1,18
YY000101-251125-0107,JS000101-251125-0101,外卖区域.WM客位204262,,,,1,36.6,0.0,36.6,收银pos,001-收银,2025-11-25 18:36:15,否,1,18
YY000101-251125-0106,JS000101-251125-0100,外卖区域.WM客位204262,,,,1,44.2,0.0,44.2,收银pos,001-收银,2025-11-25 18:35:12,否,1,18
YY000101-251125-0105,JS000101-251125-0099,外卖区域.WM客位204262,,,,1,96.6,0.0,96.6,收银pos,001-收银,2025-11-25 18:34:19,否,1,18
YY000101-251125-0102,JS000101-251125-0098,外卖区域.WM客位204262,,,,1,34.8,0.0,34.8,收银pos,001-收银,2025-11-25 18:19:26,否,1,18
YY000101-251125-0101,JS000101-251125-0097,外卖区域.WM客位204262,,,,1,45.8,0.0,45.8,收银pos,001-收银,2025-11-25 18:10:07,否,1,18
YY000101-251125-0100,JS000101-251125-0096,外卖区域.WM客位204262,,,,1,34.8,0.0,34.8,收银pos,001-收银,2025-11-25 18:09:44,否,1,18
YY000101-251125-0097,JS000101-251125-0094,外卖区域.WM客位204262,,,,1,41.7,0.0,41.7,收银pos,001-收银,2025-11-25 18:01:51,否,1,18
YY000101-251125-0096,JS000101-251125-0093,外卖区域.WM客位204262,,,,1,35.6,0.0,35.6,收银pos,001-收银,2025-11-25 18:01:43,否,1,18
YY000101-251125-0095,JS000101-251125-0092,外卖区域.WM客位204262,,,,1,77.6,0.0,77.6,收银pos,001-收银,2025-11-25 17:59:04,否,1,17
YY000101-251125-0092,JS000101-251125-0091,外卖区域.WM客位204262,,,,1,34.8,0.0,34.8,收银pos,001-收银,2025-11-25 17:31:33,否,1,17
YY000101-251125-0091,JS000101-251125-0090,外卖区域.WM客位204262,,,,1,37.8,0.0,37.8,收银pos,001-收银,2025-11-25 17:30:35,否,1,17
YY000101-251125-0090,JS000101-251125-0089,外卖区域.WM客位204262,,,,1,48.7,0.0,48.7,收银pos,001-收银,2025-11-25 17:26:34,否,1,17
YY000101-251125-0089,JS000101-251125-0088,大厅.A03,,,,2,178.0,0.0,178.0,收银pos,001-收银,2025-11-25 17:20:21,否,0,17
YY000101-251125-0087,JS000101-251125-0087,大厅.A01,,,,2,26.0,4.0,22.0,收银pos,001-收银,2025-11-25 17:02:01,否,0,17
YY000101-251125-0086,JS000101-251125-0086,外卖区域.WM客位204262,,,,1,31.7,0.0,31.7,收银pos,001-收银,2025-11-25 16:58:23,否,1,16
YY000101-251125-0085,JS000101-251125-0085,外卖区域.WM客位204262,,,,1,34.8,0.0,34.8,收银pos,001-收银,2025-11-25 16:55:23,否,1,16
YY000101-251125-0084,JS000101-251125-0084,外卖区域.WM客位204262,,,,1,39.7,0.0,39.7,收银pos,001-收银,2025-11-25 16:44:17,否,1,16
YY000101-251125-0083,JS000101-251125-0083,外卖区域.WM客位204262,,,,1,35.7,0.0,35.7,收银pos,001-收银,2025-11-25 16:40:11,否,1,16
YY000101-251125-0082,JS000101-251125-0082,外卖区域.WM客位204262,,,,1,33.8,0.0,33.8,收银pos,001-收银,2025-11-25 16:27:51,否,1,16
YY000101-251125-0081,JS000101-251125-0081,外卖区域.WM客位204262,,,,1,34.8,0.0,34.8,收银pos,001-收银,2025-11-25 16:08:56,否,1,16
YY000101-251125-0049,JS000101-251125-0080,大厅.A03,,,,1,26.0,26.0,0.0,收银pos,001-收银,2025-11-25 15:56:20,否,0,15
YY000101-251125-0077,JS000101-251125-0079,大厅.A02,,,,2,227.0,0.0,227.0,收银pos,001-收银,2025-11-25 15:51:15,否,0,15
YY000101-251125-0080,JS000101-251125-0078,外卖区域.WM客位204262,,,,1,52.5,0.0,52.5,收银pos,001-收银,2025-11-25 15:39:08,否,1,15
YY000101-251125-0079,JS000101-251125-0077,外卖区域.WM客位204262,,,,1,35.8,0.0,35.8,收银pos,001-收银,2025-11-25 15:30:19,否,1,15
YY000101-251125-0078,JS000101-251125-0076,外卖区域.WM客位204262,,,,1,37.8,0.0,37.8,收银pos,001-收银,2025-11-25 15:23:21,否,1,15
YY000101-251125-0076,JS000101-251125-0075,外卖区域.WM客位204262,,,,1,39.7,0.0,39.7,收银pos,001-收银,2025-11-25 14:49:42,否,1,14
YY000101-251125-0075,JS000101-251125-0074,外卖区域.WM客位204262,,,,1,34.8,0.0,34.8,收银pos,001-收银,2025-11-25 14:30:30,否,1,14
YY000101-251125-0074,JS000101-251125-0073,外卖区域.WM客位204262,,,,1,38.8,0.0,38.8,收银pos,001-收银,2025-11-25 14:18:19,否,1,14
YY000101-251125-0073,JS000101-251125-0072,外卖区域.WM客位204262,,,,1,63.6,0.0,63.6,收银pos,001-收银,2025-11-25 14:05:48,否,1,14
YY000101-251125-0062,JS000101-251125-0060,大厅.A05,,,,2,200.0,0.0,200.0,收银pos,001-收银,2025-11-25 13:52:46,否,0,13
YY000101-251125-0065,JS000101-251125-0071,大厅.A10,,,,1,179.0,55.2,123.8,收银pos,001-收银,2025-11-25 13:45:20,否,0,13
YY000101-251125-0072,JS000101-251125-0070,大厅.A01,,,,2,36.0,0.0,36.0,收银pos,001-收银,2025-11-25 13:30:12,否,0,13
YY000101-251125-0066,JS000101-251125-0069,大厅.A09,,,,2,66.0,0.0,66.0,收银pos,001-收银,2025-11-25 13:24:36,否,0,13
YY000101-251125-0071,JS000101-251125-0068,外卖区域.WM客位204262,,,,1,32.8,0.0,32.8,收银pos,001-收银,2025-11-25 13:17:01,否,1,13
YY000101-251125-0064,JS000101-251125-0067,大厅.A11,,,,1,22.0,0.0,22.0,收银pos,001-收银,2025-11-25 13:08:31,否,0,13
YY000101-251125-0070,JS000101-251125-0066,外卖区域.WM客位204262,,,,1,40.8,0.0,40.8,收银pos,001-收银,2025-11-25 13:07:12,否,1,13
YY000101-251125-0069,JS000101-251125-0065,外卖区域.WM客位204262,,,,1,35.8,0.0,35.8,收银pos,001-收银,2025-11-25 13:04:23,否,1,13
YY000101-251125-0068,JS000101-251125-0064,外卖区域.WM客位204262,,,,1,41.8,0.0,41.8,收银pos,001-收银,2025-11-25 13:03:55,否,1,13
YY000101-251125-0067,JS000101-251125-0063,外卖区域.WM客位204262,,,,1,33.8,0.0,33.8,收银pos,001-收银,2025-11-25 13:01:31,否,1,13
YY000101-251125-0054,JS000101-251125-0062,大厅.A04,,,,1,24.0,0.0,24.0,收银pos,001-收银,2025-11-25 12:52:28,否,0,12
YY000101-251125-0063,JS000101-251125-0061,外卖区域.WM客位204262,,,,1,40.7,0.0,40.7,收银pos,001-收银,2025-11-25 12:41:52,否,1,12
YY000101-251125-0061,JS000101-251125-0059,外卖区域.WM客位204262,,,,1,45.8,0.0,45.8,收银pos,001-收银,2025-11-25 12:33:44,否,1,12
YY000101-251125-0032,JS000101-251125-0058,大厅.A08,,,,6,618.0,257.2,360.8,收银pos,001-收银,2025-11-25 12:33:22,否,1,12
YY000101-251125-0045,JS000101-251125-0057,大厅.A05,,,,1,23.0,0.0,23.0,收银pos,001-收银,2025-11-25 12:32:37,否,0,12
YY000101-251125-0060,JS000101-251125-0056,大厅.A01,,,,2,26.0,0.0,26.0,收银pos,001-收银,2025-11-25 12:30:00,否,0,12
YY000101-251125-0059,JS000101-251125-0055,大厅.A02,,,,1,22.0,0.0,22.0,收银pos,001-收银,2025-11-25 12:29:50,否,0,12
YY000101-251125-0040,JS000101-251125-0037,大厅.A06,,,,2,51.8,0.0,51.8,收银pos,001-收银,2025-11-25 12:28:56,否,0,12
YY000101-251125-0058,JS000101-251125-0054,外卖区域.WM客位204262,,,,1,39.7,0.0,39.7,收银pos,001-收银,2025-11-25 12:28:07,否,1,12
YY000101-251125-0057,JS000101-251125-0053,外卖区域.WM客位204262,,,,1,39.6,0.0,39.6,收银pos,001-收银,2025-11-25 12:26:54,否,1,12
YY000101-251125-0055,JS000101-251125-0051,外卖区域.WM客位204262,,,,1,46.8,0.0,46.8,收银pos,001-收银,2025-11-25 12:19:25,否,1,12
YY000101-251125-0053,JS000101-251125-0050,外卖区域.WM客位204262,,,,1,36.8,0.0,36.8,收银pos,001-收银,2025-11-25 12:14:29,否,1,12
YY000101-251125-0038,JS000101-251125-0049,大厅.A02,,,,2,70.0,0.0,70.0,收银pos,001-收银,2025-11-25 12:14:16,否,0,12
YY000101-251125-0052,JS000101-251125-0048,外卖区域.WM客位204262,,,,1,35.8,0.0,35.8,收银pos,001-收银,2025-11-25 12:11:25,否,1,12
YY000101-251125-0051,JS000101-251125-0047,外卖区域.WM客位204262,,,,1,67.3,0.0,67.3,收银pos,001-收银,2025-11-25 12:09:11,否,1,12
YY000101-251125-0050,JS000101-251125-0046,大厅.A04,,,,1,24.0,0.0,24.0,收银pos,001-收银,2025-11-25 12:08:29,否,0,12
YY000101-251125-0048,JS000101-251125-0045,外卖区域.WM客位204262,,,,1,32.8,0.0,32.8,收银pos,001-收银,2025-11-25 12:07:07,否,1,12
YY000101-251125-0021,JS000101-251125-0044,大厅.A09,,,,3,237.0,49.0,188.0,收银pos,001-收银,2025-11-25 12:06:20,否,0,12
YY000101-251125-0046,JS000101-251125-0043,大厅.A03,,,,2,22.0,0.0,22.0,收银pos,001-收银,2025-11-25 12:04:43,否,0,12
YY000101-251125-0047,JS000101-251125-0042,外卖区域.WM客位204262,,,,1,43.7,0.0,43.7,收银pos,001-收银,2025-11-25 12:04:32,否,1,12
YY000101-251125-0044,JS000101-251125-0041,大厅.A05,,,,1,22.0,0.0,22.0,收银pos,001-收银,2025-11-25 11:58:12,否,0,11
YY000101-251125-0043,JS000101-251125-0040,大厅.A11,,,,1,25.0,0.0,25.0,收银pos,001-收银,2025-11-25 11:55:12,否,0,11
YY000101-251125-0042,JS000101-251125-0039,外卖区域.WM客位204262,,,,1,32.8,0.0,32.8,收银pos,001-收银,2025-11-25 11:52:57,否,1,11
YY000101-251125-0041,JS000101-251125-0038,大厅.A07,,,,1,22.0,0.0,22.0,收银pos,001-收银,2025-11-25 11:52:33,否,0,11
YY000101-251125-0039,JS000101-251125-0036,外卖区域.WM客位204262,,,,1,36.8,0.0,36.8,收银pos,001-收银,2025-11-25 11:48:32,否,1,11
YY000101-251125-0037,JS000101-251125-0035,外卖区域.WM客位204262,,,,1,34.8,0.0,34.8,收银pos,001-收银,2025-11-25 11:46:33,否,1,11
YY000101-251125-0036,JS000101-251125-0034,外卖区域.WM客位204262,,,,1,27.8,0.0,27.8,收银pos,001-收银,2025-11-25 11:44:24,否,1,11
YY000101-251125-0035,JS000101-251125-0033,外卖区域.WM客位204262,,,,1,46.7,0.0,46.7,收银pos,001-收银,2025-11-25 11:43:52,否,1,11
YY000101-251125-0034,JS000101-251125-0032,外卖区域.WM客位204262,,,,1,34.6,0.0,34.6,收银pos,001-收银,2025-11-25 11:43:40,否,1,11
YY000101-251125-0033,JS000101-251125-0031,外卖区域.WM客位204262,,,,1,34.8,0.0,34.8,收银pos,001-收银,2025-11-25 11:43:03,否,1,11
YY000101-251125-0031,JS000101-251125-0030,外卖区域.WM客位204262,,,,1,44.6,0.0,44.6,收银pos,001-收银,2025-11-25 11:38:32,否,1,11
YY000101-251125-0030,JS000101-251125-0029,外卖区域.WM客位204262,,,,1,43.8,0.0,43.8,收银pos,001-收银,2025-11-25 11:38:24,否,1,11
YY000101-251125-0029,JS000101-251125-0028,外卖区域.WM客位204262,,,,1,55.8,0.0,55.8,收银pos,001-收银,2025-11-25 11:33:54,否,1,11
YY000101-251125-0028,JS000101-251125-0027,外卖区域.WM客位204262,,,,1,31.8,0.0,31.8,收银pos,001-收银,2025-11-25 11:25:31,否,1,11
YY000101-251125-0027,JS000101-251125-0026,外卖区域.WM客位204262,,,,1,48.7,0.0,48.7,收银pos,001-收银,2025-11-25 11:23:58,否,1,11
YY000101-251125-0026,JS000101-251125-0025,外卖区域.WM客位204262,,,,1,32.8,0.0,32.8,收银pos,001-收银,2025-11-25 11:23:50,否,1,11
YY000101-251125-0025,JS000101-251125-0024,外卖区域.WM客位204262,,,,1,30.8,0.0,30.8,收银pos,001-收银,2025-11-25 11:22:53,否,1,11
YY000101-251125-0024,JS000101-251125-0023,外卖区域.WM客位204262,,,,1,47.8,0.0,47.8,收银pos,001-收银,2025-11-25 11:21:45,否,1,11
YY000101-251125-0023,JS000101-251125-0022,外卖区域.WM客位204262,,,,1,67.8,0.0,67.8,收银pos,001-收银,2025-11-25 11:21:28,否,1,11
YY000101-251125-0022,JS000101-251125-0021,外卖区域.WM客位204262,,,,1,29.8,0.0,29.8,收银pos,001-收银,2025-11-25 11:21:11,否,1,11
YY000101-251125-0020,JS000101-251125-0020,外卖区域.WM客位204262,,,,1,33.8,0.0,33.8,收银pos,001-收银,2025-11-25 11:20:08,否,1,11
YY000101-251125-0019,JS000101-251125-0019,外卖区域.WM客位204262,,,,1,32.8,0.0,32.8,收银pos,001-收银,2025-11-25 11:13:01,否,1,11
YY000101-251125-0018,JS000101-251125-0018,外卖区域.WM客位204262,,,,1,33.8,0.0,33.8,收银pos,001-收银,2025-11-25 11:09:21,否,1,11
YY000101-251125-0017,JS000101-251125-0017,外卖区域.WM客位204262,,,,1,48.8,0.0,48.8,收银pos,001-收银,2025-11-25 11:07:58,否,1,11
YY000101-251125-0016,JS000101-251125-0016,外卖区域.WM客位204262,,,,1,37.8,0.0,37.8,收银pos,001-收银,2025-11-25 11:07:51,否,1,11
YY000101-251125-0015,JS000101-251125-0015,外卖区域.WM客位204262,,,,1,64.1,0.0,64.1,收银pos,001-收银,2025-11-25 11:06:18,否,1,11
YY000101-251125-0014,JS000101-251125-0014,外卖区域.WM客位204262,,,,1,63.8,0.0,63.8,收银pos,001-收银,2025-11-25 11:01:12,否,1,11
YY000101-251125-0013,JS000101-251125-0013,外卖区域.WM客位204262,,,,1,31.8,0.0,31.8,收银pos,001-收银,2025-11-25 10:59:59,否,1,10
YY000101-251125-0012,JS000101-251125-0012,外卖区域.WM客位204262,,,,1,39.8,0.0,39.8,收银pos,001-收银,2025-11-25 10:51:41,否,1,10
YY000101-251125-0011,JS000101-251125-0011,外卖区域.WM客位204262,,,,1,35.8,0.0,35.8,收银pos,001-收银,2025-11-25 10:50:58,否,1,10
YY000101-251125-0010,JS000101-251125-0010,外卖区域.WM客位204262,,,,1,44.7,0.0,44.7,收银pos,001-收银,2025-11-25 10:49:04,否,1,10
YY000101-251125-0009,JS000101-251125-0009,外卖区域.WM客位204262,,,,1,37.6,0.0,37.6,收银pos,001-收银,2025-11-25 10:42:48,否,1,10
YY000101-251125-0008,JS000101-251125-0008,外卖区域.WM客位204262,,,,1,43.8,0.0,43.8,收银pos,001-收银,2025-11-25 10:40:44,否,1,10
YY000101-251125-0007,JS000101-251125-0007,外卖区域.WM客位204262,,,,1,36.8,0.0,36.8,收银pos,001-收银,2025-11-25 10:32:06,否,1,10
YY000101-251125-0006,JS000101-251125-0006,外卖区域.WM客位204262,,,,1,47.8,0.0,47.8,收银pos,001-收银,2025-11-25 10:23:38,否,1,10
YY000101-251125-0005,JS000101-251125-0005,外卖区域.WM客位204262,,,,1,45.7,0.0,45.7,收银pos,001-收银,2025-11-25 10:19:27,否,1,10
YY000101-251125-0004,JS000101-251125-0004,外卖区域.WM客位204262,,,,1,36.6,0.0,36.6,收银pos,001-收银,2025-11-25 10:17:38,否,1,10
YY000101-251125-0003,JS000101-251125-0003,外卖区域.WM客位204262,,,,1,35.8,0.0,35.8,收银pos,001-收银,2025-11-25 10:13:17,否,1,10
YY000101-251125-0002,JS000101-251125-0002,外卖区域.WM客位204262,,,,1,34.8,0.0,34.8,收银pos,001-收银,2025-11-25 09:39:16,否,1,9
YY000101-251125-0001,JS000101-251125-0001,外卖区域.WM客位204262,,,,1,40.8,0.0,40.8,收银pos,001-收银,2025-11-25 09:39:15,否,1,9
YY000101-251124-0084,JS000101-251124-0085,外卖区域.WM客位204262,,,,1,56.2,0.0,56.2,收银pos,001-收银,2025-11-25 09:39:14,否,1,9
YY000101-251124-0140,JS000101-251124-0142,外卖区域.WM客位204262,,,,1,46.7,0.0,46.7,收银pos,001-收银,2025-11-24 20:51:27,否,1,20
YY000101-251124-0133,JS000101-251124-0141,大厅.A02,,,,3,298.0,0.0,298.0,收银pos,001-收银,2025-11-24 20:26:11,否,0,20
YY000101-251124-0125,JS000101-251124-0140,大厅.A03,,,,4,501.0,76.2,424.8,收银pos,001-收银,2025-11-24 20:24:16,否,0,20
YY000101-251124-0139,JS000101-251124-0139,外卖区域.WM客位204262,,,,1,44.7,0.0,44.7,收银pos,001-收银,2025-11-24 20:13:07,否,1,20
YY000101-251124-0134,JS000101-251124-0138,大厅.A10,,,,2,61.0,0.0,61.0,收银pos,001-收银,2025-11-24 20:10:26,否,0,20
YY000101-251124-0138,JS000101-251124-0137,外卖区域.WM客位204262,,,,1,32.8,0.0,32.8,收银pos,001-收银,2025-11-24 20:03:23,否,1,20
YY000101-251124-0137,JS000101-251124-0136,外卖区域.WM客位204262,,,,1,43.8,0.0,43.8,收银pos,001-收银,2025-11-24 19:50:33,否,1,19
YY000101-251124-0136,JS000101-251124-0135,外卖区域.WM客位204262,,,,1,64.3,0.0,64.3,收银pos,001-收银,2025-11-24 19:47:08,否,1,19
YY000101-251124-0135,JS000101-251124-0134,外卖区域.WM客位204262,,,,1,40.8,0.0,40.8,收银pos,001-收银,2025-11-24 19:43:48,否,1,19
YY000101-251124-0126,JS000101-251124-0125,大厅.A06,,,,1,105.8,0.0,105.8,收银pos,001-收银,2025-11-24 19:41:50,否,0,19
YY000101-251124-0132,JS000101-251124-0133,外卖区域.WM客位204262,,,,1,37.8,0.0,37.8,收银pos,001-收银,2025-11-24 19:32:03,否,1,19
YY000101-251124-0124,JS000101-251124-0132,大厅.A05,,,,2,178.0,0.0,178.0,收银pos,001-收银,2025-11-24 19:26:35,否,0,19
YY000101-251124-0131,JS000101-251124-0130,外卖区域.WM客位204262,,,,1,39.0,0.0,39.0,收银pos,001-收银,2025-11-24 19:25:10,否,1,19
YY000101-251124-0129,JS000101-251124-0128,外卖区域.WM客位204262,,,,1,78.6,0.0,78.6,收银pos,001-收银,2025-11-24 19:22:49,否,1,19
YY000101-251124-0128,JS000101-251124-0127,外卖区域.WM客位204262,,,,1,33.8,0.0,33.8,收银pos,001-收银,2025-11-24 19:21:21,否,1,19
YY000101-251124-0127,JS000101-251124-0126,外卖区域.WM客位204262,,,,1,37.7,0.0,37.7,收银pos,001-收银,2025-11-24 19:17:15,否,1,19
YY000101-251124-0105,JS000101-251124-0106,大厅.A04,,,,2,178.0,0.0,178.0,收银pos,001-收银,2025-11-24 19:07:53,否,0,19
YY000101-251124-0111,JS000101-251124-0124,大厅.A02,,,,2,278.0,0.0,278.0,收银pos,001-收银,2025-11-24 19:07:35,否,0,19
YY000101-251124-0123,JS000101-251124-0123,外卖区域.WM客位204262,,,,1,37.8,0.0,37.8,收银pos,001-收银,2025-11-24 19:05:25,否,1,19
YY000101-251124-0122,JS000101-251124-0122,外卖区域.WM客位204262,,,,1,47.2,0.0,47.2,收银pos,001-收银,2025-11-24 19:01:04,否,1,19
YY000101-251124-0121,JS000101-251124-0121,外卖区域.WM客位204262,,,,1,41.8,0.0,41.8,收银pos,001-收银,2025-11-24 18:56:03,否,1,18
YY000101-251124-0120,JS000101-251124-0120,外卖区域.WM客位204262,,,,1,32.8,0.0,32.8,收银pos,001-收银,2025-11-24 18:50:31,否,1,18
YY000101-251124-0106,JS000101-251124-0119,大厅.A06,,,,2,169.0,31.4,137.6,收银pos,001-收银,2025-11-24 18:43:58,否,0,18
YY000101-251124-0118,JS000101-251124-0118,大厅.A09,,,,1,102.0,0.0,102.0,收银pos,001-收银,2025-11-24 18:42:12,否,0,18
YY000101-251124-0119,JS000101-251124-0117,外卖区域.WM客位204262,,,,1,75.6,0.0,75.6,收银pos,001-收银,2025-11-24 18:41:57,否,1,18
YY000101-251124-0117,JS000101-251124-0116,外卖区域.WM客位204262,,,,1,43.3,0.0,43.3,收银pos,001-收银,2025-11-24 18:39:33,否,1,18
YY000101-251124-0116,JS000101-251124-0115,外卖区域.WM客位204262,,,,1,72.8,0.0,72.8,收银pos,001-收银,2025-11-24 18:38:00,否,1,18
YY000101-251124-0115,JS000101-251124-0114,外卖区域.WM客位204262,,,,1,37.8,0.0,37.8,收银pos,001-收银,2025-11-24 18:35:46,否,1,18
YY000101-251124-0114,JS000101-251124-0113,外卖区域.WM客位204262,,,,1,68.6,0.0,68.6,收银pos,001-收银,2025-11-24 18:34:12,否,1,18
YY000101-251124-0113,JS000101-251124-0112,大厅.A07,,,,2,12.0,0.0,12.0,收银pos,001-收银,2025-11-24 18:32:02,否,0,18
YY000101-251124-0112,JS000101-251124-0111,大厅.A01,,,,2,23.8,0.0,23.8,收银pos,001-收银,2025-11-24 18:27:26,否,0,18
YY000101-251124-0110,JS000101-251124-0110,大厅.A07,,,,1,33.0,0.0,33.0,收银pos,001-收银,2025-11-24 18:26:04,否,0,18
YY000101-251124-0109,JS000101-251124-0109,大厅.A01,,,,2,23.0,0.0,23.0,收银pos,001-收银,2025-11-24 18:25:44,否,0,18
YY000101-251124-0108,JS000101-251124-0108,外卖区域.WM客位204262,,,,1,37.8,0.0,37.8,收银pos,001-收银,2025-11-24 18:24:12,否,1,18
YY000101-251124-0107,JS000101-251124-0107,外卖区域.WM客位204262,,,,1,36.8,0.0,36.8,收银pos,001-收银,2025-11-24 18:21:38,否,1,18
YY000101-251124-0104,JS000101-251124-0105,外卖区域.WM客位204262,,,,1,71.8,0.0,71.8,收银pos,001-收银,2025-11-24 18:02:22,否,1,18
YY000101-251124-0103,JS000101-251124-0104,外卖区域.WM客位204262,,,,1,56.5,0.0,56.5,收银pos,001-收银,2025-11-24 17:59:53,否,1,17
YY000101-251124-0102,JS000101-251124-0103,外卖区域.WM客位204262,,,,1,36.8,0.0,36.8,收银pos,001-收银,2025-11-24 17:57:34,否,1,17
YY000101-251124-0101,JS000101-251124-0102,外卖区域.WM客位204262,,,,1,34.8,0.0,34.8,收银pos,001-收银,2025-11-24 17:49:21,否,1,17
YY000101-251124-0100,JS000101-251124-0101,外卖区域.WM客位204262,,,,1,41.7,0.0,41.7,收银pos,001-收银,2025-11-24 17:39:17,否,1,17
YY000101-251124-0099,JS000101-251124-0100,外卖区域.WM客位204262,,,,1,43.5,0.0,43.5,收银pos,001-收银,2025-11-24 17:39:10,否,1,17
YY000101-251124-0098,JS000101-251124-0099,外卖区域.WM客位204262,,,,1,34.8,0.0,34.8,收银pos,001-收银,2025-11-24 17:38:17,否,1,17
YY000101-251124-0097,JS000101-251124-0098,外卖区域.WM客位204262,,,,1,49.7,0.0,49.7,收银pos,001-收银,2025-11-24 17:36:48,否,1,17
YY000101-251124-0096,JS000101-251124-0097,外卖区域.WM客位204262,,,,1,30.8,0.0,30.8,收银pos,001-收银,2025-11-24 17:34:29,否,1,17
YY000101-251124-0094,JS000101-251124-0095,外卖区域.WM客位204262,,,,1,48.8,0.0,48.8,收银pos,001-收银,2025-11-24 17:28:15,否,1,17
YY000101-251124-0086,JS000101-251124-0094,大厅.A02,,,,3,409.0,0.0,409.0,收银pos,001-收银,2025-11-24 17:27:58,否,0,17
YY000101-251124-0093,JS000101-251124-0093,外卖区域.WM客位204262,,,,1,37.7,0.0,37.7,收银pos,001-收银,2025-11-24 17:25:36,否,1,17
YY000101-251124-0092,JS000101-251124-0092,外卖区域.WM客位204262,,,,1,44.8,0.0,44.8,收银pos,001-收银,2025-11-24 17:15:17,否,1,17
YY000101-251124-0091,JS000101-251124-0091,外卖区域.WM客位204262,,,,1,32.8,0.0,32.8,收银pos,001-收银,2025-11-24 17:08:14,否,1,17
YY000101-251124-0090,JS000101-251124-0090,外卖区域.WM客位204262,,,,1,51.8,0.0,51.8,收银pos,001-收银,2025-11-24 16:57:15,否,1,16
YY000101-251124-0089,JS000101-251124-0089,外卖区域.WM客位204262,,,,1,34.8,0.0,34.8,收银pos,001-收银,2025-11-24 16:41:47,否,1,16
YY000101-251124-0088,JS000101-251124-0088,外卖区域.WM客位204262,,,,1,34.8,0.0,34.8,收银pos,001-收银,2025-11-24 16:34:35,否,1,16
YY000101-251124-0087,JS000101-251124-0087,外卖区域.WM客位204262,,,,1,49.08,0.0,49.08,收银pos,001-收银,2025-11-24 16:33:22,否,1,16
YY000101-251124-0085,JS000101-251124-0086,外卖区域.WM客位204262,,,,1,38.7,0.0,38.7,收银pos,001-收银,2025-11-24 16:14:06,否,1,16
YY000101-251124-0083,JS000101-251124-0084,外卖区域.WM客位204262,,,,1,39.8,0.0,39.8,收银pos,001-收银,2025-11-24 15:57:21,否,1,15
YY000101-251124-0082,JS000101-251124-0083,外卖区域.WM客位204262,,,,1,55.7,0.0,55.7,收银pos,001-收银,2025-11-24 15:54:52,否,1,15
YY000101-251124-0080,JS000101-251124-0081,外卖区域.WM客位204262,,,,1,41.8,0.0,41.8,收银pos,001-收银,2025-11-24 15:38:55,否,1,15
YY000101-251124-0077,JS000101-251124-0080,大厅.A09,,,,1,36.0,0.0,36.0,收银pos,001-收银,2025-11-24 15:29:01,否,0,15
YY000101-251124-0079,JS000101-251124-0079,外卖区域.WM客位204262,,,,1,38.8,0.0,38.8,收银pos,001-收银,2025-11-24 15:25:44,否,1,15
YY000101-251124-0078,JS000101-251124-0078,外卖区域.WM客位204262,,,,1,33.8,0.0,33.8,收银pos,001-收银,2025-11-24 15:13:48,否,1,15
YY000101-251124-0076,JS000101-251124-0077,外卖区域.WM客位204262,,,,1,41.4,0.0,41.4,收银pos,001-收银,2025-11-24 15:05:29,否,1,15
YY000101-251124-0069,JS000101-251124-0070,大厅.A09,,,,2,23.8,0.0,23.8,收银pos,001-收银,2025-11-24 14:51:05,否,0,14
YY000101-251124-0065,JS000101-251124-0066,大厅.A01,,,,2,23.8,0.0,23.8,收银pos,001-收银,2025-11-24 14:51:00,否,0,14
YY000101-251124-0075,JS000101-251124-0076,外卖区域.WM客位204262,,,,1,52.7,0.0,52.7,收银pos,001-收银,2025-11-24 14:32:45,否,1,14
YY000101-251124-0074,JS000101-251124-0075,外卖区域.WM客位204262,,,,1,64.7,0.0,64.7,收银pos,001-收银,2025-11-24 14:32:12,否,1,14
YY000101-251124-0073,JS000101-251124-0074,外卖区域.WM客位204262,,,,1,37.8,0.0,37.8,收银pos,001-收银,2025-11-24 14:15:39,否,1,14
YY000101-251124-0072,JS000101-251124-0073,外卖区域.WM客位204262,,,,1,34.8,0.0,34.8,收银pos,001-收银,2025-11-24 14:14:56,否,1,14
YY000101-251124-0071,JS000101-251124-0072,外卖区域.WM客位204262,,,,1,86.8,0.0,86.8,收银pos,001-收银,2025-11-24 14:11:41,否,1,14
YY000101-251124-0070,JS000101-251124-0071,外卖区域.WM客位204262,,,,1,27.8,0.0,27.8,收银pos,001-收银,2025-11-24 14:10:13,否,1,14
YY000101-251124-0067,JS000101-251124-0068,外卖区域.WM客位204262,,,,1,34.8,0.0,34.8,收银pos,001-收银,2025-11-24 13:25:48,否,1,13
YY000101-251124-0066,JS000101-251124-0067,外卖区域.WM客位204262,,,,1,46.7,0.0,46.7,收银pos,001-收银,2025-11-24 12:54:14,否,1,12
YY000101-251124-0064,JS000101-251124-0065,外卖区域.WM客位204262,,,,1,31.8,0.0,31.8,收银pos,001-收银,2025-11-24 12:43:24,否,1,12
YY000101-251124-0063,JS000101-251124-0064,外卖区域.WM客位204262,,,,1,34.8,0.0,34.8,收银pos,001-收银,2025-11-24 12:43:17,否,1,12
YY000101-251124-0062,JS000101-251124-0063,外卖区域.WM客位204262,,,,1,45.8,0.0,45.8,收银pos,001-收银,2025-11-24 12:41:28,否,1,12
YY000101-251124-0061,JS000101-251124-0062,外卖区域.WM客位204262,,,,1,27.8,0.0,27.8,收银pos,001-收银,2025-11-24 12:37:23,否,1,12
YY000101-251124-0060,JS000101-251124-0061,外卖区域.WM客位204262,,,,1,36.7,0.0,36.7,收银pos,001-收银,2025-11-24 12:34:54,否,1,12
YY000101-251124-0059,JS000101-251124-0060,外卖区域.WM客位204262,,,,1,39.8,0.0,39.8,收银pos,001-收银,2025-11-24 12:34:01,否,1,12
YY000101-251124-0042,JS000101-251124-0041,大厅.A04,,,,2,47.6,0.0,47.6,收银pos,001-收银,2025-11-24 12:31:30,否,0,12
YY000101-251124-0047,JS000101-251124-0059,大厅.A02,,,,2,52.0,0.0,52.0,收银pos,001-收银,2025-11-24 12:24:07,否,0,12
YY000101-251124-0058,JS000101-251124-0058,外卖区域.WM客位204262,,,,1,34.8,0.0,34.8,收银pos,001-收银,2025-11-24 12:23:22,否,1,12
YY000101-251124-0057,JS000101-251124-0057,大厅.A05,,,,2,63.0,0.0,63.0,收银pos,001-收银,2025-11-24 12:13:53,否,0,12
YY000101-251124-0056,JS000101-251124-0056,外卖区域.WM客位204262,,,,1,34.7,0.0,34.7,收银pos,001-收银,2025-11-24 12:13:32,否,1,12
YY000101-251124-0055,JS000101-251124-0055,外卖区域.WM客位204262,,,,1,35.8,0.0,35.8,收银pos,001-收银,2025-11-24 12:10:37,否,1,12
YY000101-251124-0054,JS000101-251124-0054,外卖区域.WM客位204262,,,,1,39.8,0.0,39.8,收银pos,001-收银,2025-11-24 12:09:14,否,1,12
YY000101-251124-0053,JS000101-251124-0053,外卖区域.WM客位204262,,,,1,27.8,0.0,27.8,收银pos,001-收银,2025-11-24 12:08:32,否,1,12
YY000101-251124-0052,JS000101-251124-0052,外卖区域.WM客位204262,,,,1,40.8,0.0,40.8,收银pos,001-收银,2025-11-24 12:07:24,否,1,12
YY000101-251124-0051,JS000101-251124-0051,外卖区域.WM客位204262,,,,1,27.8,0.0,27.8,收银pos,001-收银,2025-11-24 12:06:51,否,1,12
YY000101-251124-0050,JS000101-251124-0050,外卖区域.WM客位204262,,,,1,38.7,0.0,38.7,收银pos,001-收银,2025-11-24 12:04:33,否,1,12
YY000101-251124-0048,JS000101-251124-0048,外卖区域.WM客位204262,,,,1,34.8,0.0,34.8,收银pos,001-收银,2025-11-24 12:02:42,否,1,12
YY000101-251124-0046,JS000101-251124-0047,外卖区域.WM客位204262,,,,1,35.6,0.0,35.6,收银pos,001-收银,2025-11-24 11:53:48,否,1,11
YY000101-251124-0045,JS000101-251124-0046,外卖区域.WM客位204262,,,,1,47.7,0.0,47.7,收银pos,001-收银,2025-11-24 11:53:41,否,1,11
YY000101-251124-0044,JS000101-251124-0045,大厅.A06,,,,2,94.0,18.8,75.2,收银pos,001-收银,2025-11-24 11:53:13,否,0,11
YY000101-251124-0027,JS000101-251124-0043,大厅.A09,,,,2,64.0,0.0,64.0,收银pos,001-收银,2025-11-24 11:48:15,否,0,11
YY000101-251124-0043,JS000101-251124-0042,外卖区域.WM客位204262,,,,1,34.8,0.0,34.8,收银pos,001-收银,2025-11-24 11:45:58,否,1,11
YY000101-251124-0041,JS000101-251124-0040,外卖区域.WM客位204262,,,,1,41.7,0.0,41.7,收银pos,001-收银,2025-11-24 11:38:46,否,1,11
YY000101-251124-0040,JS000101-251124-0039,外卖区域.WM客位204262,,,,1,33.7,0.0,33.7,收银pos,001-收银,2025-11-24 11:36:37,否,1,11
YY000101-251124-0039,JS000101-251124-0038,外卖区域.WM客位204262,,,,1,34.8,0.0,34.8,收银pos,001-收银,2025-11-24 11:35:19,否,1,11
YY000101-251124-0038,JS000101-251124-0037,外卖区域.WM客位204262,,,,1,33.8,0.0,33.8,收银pos,001-收银,2025-11-24 11:32:09,否,1,11
YY000101-251124-0037,JS000101-251124-0036,外卖区域.WM客位204262,,,,1,32.8,0.0,32.8,收银pos,001-收银,2025-11-24 11:30:31,否,1,11
YY000101-251124-0036,JS000101-251124-0035,外卖区域.WM客位204262,,,,1,33.8,0.0,33.8,收银pos,001-收银,2025-11-24 11:29:38,否,1,11
YY000101-251124-0035,JS000101-251124-0034,外卖区域.WM客位204262,,,,1,37.8,0.0,37.8,收银pos,001-收银,2025-11-24 11:25:23,否,1,11
YY000101-251124-0034,JS000101-251124-0033,外卖区域.WM客位204262,,,,1,27.48,0.0,27.48,收银pos,001-收银,2025-11-24 11:23:29,否,1,11
YY000101-251124-0033,JS000101-251124-0032,外卖区域.WM客位204262,,,,1,27.8,0.0,27.8,收银pos,001-收银,2025-11-24 11:22:36,否,1,11
YY000101-251124-0032,JS000101-251124-0031,外卖区域.WM客位204262,,,,1,40.7,0.0,40.7,收银pos,001-收银,2025-11-24 11:21:13,否,1,11
YY000101-251124-0031,JS000101-251124-0030,外卖区域.WM客位204262,,,,1,35.8,0.0,35.8,收银pos,001-收银,2025-11-24 11:19:09,否,1,11
YY000101-251124-0030,JS000101-251124-0029,外卖区域.WM客位204262,,,,1,37.8,0.0,37.8,收银pos,001-收银,2025-11-24 11:18:57,否,1,11
YY000101-251124-0029,JS000101-251124-0028,外卖区域.WM客位204262,,,,1,69.6,0.0,69.6,收银pos,001-收银,2025-11-24 11:16:38,否,1,11
YY000101-251124-0028,JS000101-251124-0027,外卖区域.WM客位204262,,,,1,38.7,0.0,38.7,收银pos,001-收银,2025-11-24 11:16:26,否,1,11
YY000101-251124-0026,JS000101-251124-0026,外卖区域.WM客位204262,,,,1,39.8,0.0,39.8,收银pos,001-收银,2025-11-24 11:13:27,否,1,11
YY000101-251124-0025,JS000101-251124-0025,外卖区域.WM客位204262,,,,1,40.8,0.0,40.8,收银pos,001-收银,2025-11-24 11:12:54,否,1,11
YY000101-251124-0024,JS000101-251124-0024,外卖区域.WM客位204262,,,,1,40.8,0.0,40.8,收银pos,001-收银,2025-11-24 11:12:01,否,1,11
YY000101-251124-0023,JS000101-251124-0023,外卖区域.WM客位204262,,,,1,37.7,0.0,37.7,收银pos,001-收银,2025-11-24 11:11:43,否,1,11
YY000101-251124-0022,JS000101-251124-0022,外卖区域.WM客位204262,,,,1,39.7,0.0,39.7,收银pos,001-收银,2025-11-24 11:11:26,否,1,11
YY000101-251124-0020,JS000101-251124-0020,外卖区域.WM客位204262,,,,1,44.6,0.0,44.6,收银pos,001-收银,2025-11-24 11:09:56,否,1,11
YY000101-251124-0019,JS000101-251124-0019,外卖区域.WM客位204262,,,,1,41.7,0.0,41.7,收银pos,001-收银,2025-11-24 11:09:43,否,1,11
YY000101-251124-0018,JS000101-251124-0018,外卖区域.WM客位204262,,,,1,37.8,0.0,37.8,收银pos,001-收银,2025-11-24 11:09:01,否,1,11
YY000101-251124-0017,JS000101-251124-0017,外卖区域.WM客位204262,,,,1,49.6,0.0,49.6,收银pos,001-收银,2025-11-24 11:08:03,否,1,11
YY000101-251124-0016,JS000101-251124-0016,外卖区域.WM客位204262,,,,1,72.8,0.0,72.8,收银pos,001-收银,2025-11-24 11:00:50,否,1,11
YY000101-251124-0015,JS000101-251124-0015,外卖区域.WM客位204262,,,,1,32.8,0.0,32.8,收银pos,001-收银,2025-11-24 11:00:22,否,1,11
YY000101-251124-0014,JS000101-251124-0014,外卖区域.WM客位204262,,,,1,45.8,0.0,45.8,收银pos,001-收银,2025-11-24 10:58:13,否,1,10
YY000101-251124-0013,JS000101-251124-0013,外卖区域.WM客位204262,,,,1,34.8,0.0,34.8,收银pos,001-收银,2025-11-24 10:53:26,否,1,10
YY000101-251124-0012,JS000101-251124-0012,外卖区域.WM客位204262,,,,1,33.7,0.0,33.7,收银pos,001-收银,2025-11-24 10:53:19,否,1,10
YY000101-251124-0011,JS000101-251124-0011,外卖区域.WM客位204262,,,,1,40.8,0.0,40.8,收银pos,001-收银,2025-11-24 10:49:23,否,1,10
YY000101-251124-0010,JS000101-251124-0010,外卖区域.WM客位204262,,,,1,52.6,0.0,52.6,收银pos,001-收银,2025-11-24 10:45:32,否,1,10
YY000101-251124-0009,JS000101-251124-0009,外卖区域.WM客位204262,,,,1,55.5,0.0,55.5,收银pos,001-收银,2025-11-24 10:38:14,否,1,10
YY000101-251124-0008,JS000101-251124-0008,外卖区域.WM客位204262,,,,1,35.7,0.0,35.7,收银pos,001-收银,2025-11-24 10:35:51,否,1,10
YY000101-251124-0007,JS000101-251124-0007,外卖区域.WM客位204262,,,,1,44.8,0.0,44.8,收银pos,001-收银,2025-11-24 10:34:47,否,1,10
YY000101-251124-0006,JS000101-251124-0006,外卖区域.WM客位204262,,,,1,70.0,0.0,70.0,收银pos,001-收银,2025-11-24 10:32:02,否,1,10
YY000101-251124-0005,JS000101-251124-0005,外卖区域.WM客位204262,,,,1,48.8,0.0,48.8,收银pos,001-收银,2025-11-24 10:31:55,否,1,10
YY000101-251124-0004,JS000101-251124-0004,大厅.A01,,,,2,26.0,0.0,26.0,收银pos,001-收银,2025-11-24 10:31:47,否,0,10
YY000101-251124-0003,JS000101-251124-0003,外卖区域.WM客位204262,,,,1,71.7,0.0,71.7,收银pos,001-收银,2025-11-24 09:42:42,否,1,9
YY000101-251124-0002,JS000101-251124-0002,外卖区域.WM客位204262,,,,1,35.3,0.0,35.3,收银pos,001-收银,2025-11-24 09:33:29,否,1,9
YY000101-251124-0001,JS000101-251124-0001,外卖区域.WM客位204262,,,,1,33.6,0.0,33.6,收银pos,001-收银,2025-11-24 09:33:28,否,1,9
YY000101-251123-0118,JS000101-251123-0124,大厅.A08,,,,4,308.0,0.0,308.0,收银pos,001-收银,2025-11-23 21:26:49,否,0,21
YY000101-251123-0123,JS000101-251123-0123,大厅.A06,,,,1,41.0,0.0,41.0,收银pos,001-收银,2025-11-23 21:11:05,否,0,21
YY000101-251123-0122,JS000101-251123-0122,外卖区域.WM客位204262,,,,1,32.6,0.0,32.6,收银pos,001-收银,2025-11-23 20:56:18,否,1,20
YY000101-251123-0121,JS000101-251123-0121,外卖区域.WM客位204262,,,,1,32.8,0.0,32.8,收银pos,001-收银,2025-11-23 20:56:11,否,1,20
YY000101-251123-0120,JS000101-251123-0120,外卖区域.WM客位204262,,,,1,41.8,0.0,41.8,收银pos,001-收银,2025-11-23 20:52:55,否,1,20
YY000101-251123-0119,JS000101-251123-0119,外卖区域.WM客位204262,,,,1,45.8,0.0,45.8,收银pos,001-收银,2025-11-23 20:44:12,否,1,20
YY000101-251123-0114,JS000101-251123-0113,大厅.A08,,,,4,278.0,0.0,278.0,收银pos,001-收银,2025-11-23 20:35:55,否,0,20
YY000101-251123-0117,JS000101-251123-0118,外卖区域.WM客位204262,,,,1,36.7,0.0,36.7,收银pos,001-收银,2025-11-23 20:35:14,否,1,20
YY000101-251123-0111,JS000101-251123-0115,大厅.A02,,,,2,297.0,0.0,297.0,收银pos,001-收银,2025-11-23 20:35:07,否,0,20
YY000101-251123-0115,JS000101-251123-0116,外卖区域.WM客位204262,,,,1,39.7,0.0,39.7,收银pos,001-收银,2025-11-23 20:33:13,否,1,20
YY000101-251123-0112,JS000101-251123-0114,大厅.A09,,,,2,203.0,0.0,203.0,收银pos,001-收银,2025-11-23 20:32:47,否,0,20
YY000101-251123-0113,JS000101-251123-0112,外卖区域.WM客位204262,,,,1,34.8,0.0,34.8,收银pos,001-收银,2025-11-23 20:30:13,否,1,20
YY000101-251123-0109,JS000101-251123-0109,大厅.A07,,,,2,440.0,10.0,430.0,收银pos,001-收银,2025-11-23 20:27:15,否,0,20
YY000101-251123-0108,JS000101-251123-0106,大厅.A04,,,,4,393.0,0.0,393.0,收银pos,001-收银,2025-11-23 19:59:58,否,1,19
YY000101-251123-0099,JS000101-251123-0097,大厅.A03,,,,2,276.0,0.0,276.0,收银pos,001-收银,2025-11-23 19:41:13,否,0,19
YY000101-251123-0107,JS000101-251123-0111,大厅.A06,,,,3,74.0,36.0,38.0,收银pos,001-收银,2025-11-23 19:37:06,否,0,19
YY000101-251123-0110,JS000101-251123-0110,大厅.A05,,,,2,178.0,0.0,178.0,收银pos,001-收银,2025-11-23 19:35:33,否,0,19
YY000101-251123-0098,JS000101-251123-0096,大厅.A08,,,,5,481.0,0.0,481.0,收银pos,001-收银,2025-11-23 19:35:13,否,0,19
YY000101-251123-0105,JS000101-251123-0102,大厅.A10,,,,2,257.0,0.0,257.0,收银pos,001-收银,2025-11-23 19:31:53,否,0,19
YY000101-251123-0101,JS000101-251123-0108,大厅.A07,,,,3,219.0,0.0,219.0,收银pos,001-收银,2025-11-23 19:22:16,否,0,19
YY000101-251123-0104,JS000101-251123-0101,大厅.A01,,,,2,178.0,0.0,178.0,收银pos,001-收银,2025-11-23 19:18:42,否,0,19
YY000101-251123-0094,JS000101-251123-0107,大厅.A02,,,,4,335.0,21.0,314.0,收银pos,001-收银,2025-11-23 19:18:31,否,0,19
YY000101-251123-0090,JS000101-251123-0105,大厅.A09,,,,3,339.0,116.6,222.4,收银pos,001-收银,2025-11-23 18:56:30,否,0,18
YY000101-251123-0106,JS000101-251123-0104,大厅.A11,,,,1,78.0,0.0,78.0,收银pos,001-收银,2025-11-23 18:54:04,否,0,18
YY000101-251123-0093,JS000101-251123-0103,大厅.A04,,,,4,202.0,39.4,162.6,收银pos,001-收银,2025-11-23 18:39:55,否,0,18
YY000101-251123-0103,JS000101-251123-0100,外卖区域.WM客位204262,,,,1,47.8,0.0,47.8,收银pos,001-收银,2025-11-23 18:23:03,否,1,18
YY000101-251123-0102,JS000101-251123-0099,外卖区域.WM客位204262,,,,1,32.8,0.0,32.8,收银pos,001-收银,2025-11-23 18:19:57,否,1,18
YY000101-251123-0100,JS000101-251123-0098,外卖区域.WM客位204262,,,,1,33.8,0.0,33.8,收银pos,001-收银,2025-11-23 18:18:29,否,1,18
YY000101-251123-0097,JS000101-251123-0095,外卖区域.WM客位204262,,,,1,50.7,0.0,50.7,收银pos,001-收银,2025-11-23 18:16:30,否,1,18
YY000101-251123-0096,JS000101-251123-0094,外卖区域.WM客位204262,,,,1,48.8,0.0,48.8,收银pos,001-收银,2025-11-23 18:15:16,否,1,18
YY000101-251123-0082,JS000101-251123-0093,大厅.A10,,,,2,66.0,0.0,66.0,收银pos,001-收银,2025-11-23 18:14:46,否,0,18
YY000101-251123-0095,JS000101-251123-0092,外卖区域.WM客位204262,,,,1,40.2,0.0,40.2,收银pos,001-收银,2025-11-23 18:13:43,否,1,18
YY000101-251123-0091,JS000101-251123-0088,大厅.A05,,,,2,178.0,0.0,178.0,收银pos,001-收银,2025-11-23 18:01:48,否,0,18
YY000101-251123-0072,JS000101-251123-0091,大厅.A03,,,,2,193.0,15.0,178.0,收银pos,001-收银,2025-11-23 18:01:37,否,0,18
YY000101-251123-0092,JS000101-251123-0090,外卖区域.WM客位204262,,,,1,32.8,0.0,32.8,收银pos,001-收银,2025-11-23 18:01:02,否,1,18
YY000101-251123-0088,JS000101-251123-0086,大厅.A06,,,,2,278.0,0.0,278.0,收银pos,001-收银,2025-11-23 17:59:13,否,0,17
YY000101-251123-0089,JS000101-251123-0087,外卖区域.WM客位204262,,,,1,79.7,0.0,79.7,收银pos,001-收银,2025-11-23 17:59:02,否,1,17
YY000101-251123-0087,JS000101-251123-0085,外卖区域.WM客位204262,,,,1,39.8,0.0,39.8,收银pos,001-收银,2025-11-23 17:57:34,否,1,17
YY000101-251123-0086,JS000101-251123-0084,外卖区域.WM客位204262,,,,1,71.7,0.0,71.7,收银pos,001-收银,2025-11-23 17:54:59,否,1,17
YY000101-251123-0085,JS000101-251123-0083,外卖区域.WM客位204262,,,,1,45.8,0.0,45.8,收银pos,001-收银,2025-11-23 17:47:32,否,1,17
YY000101-251123-0084,JS000101-251123-0082,外卖区域.WM客位204262,,,,1,34.8,0.0,34.8,收银pos,001-收银,2025-11-23 17:44:28,否,1,17
YY000101-251123-0083,JS000101-251123-0081,外卖区域.WM客位204262,,,,1,32.8,0.0,32.8,收银pos,001-收银,2025-11-23 17:38:57,否,1,17
YY000101-251123-0081,JS000101-251123-0080,外卖区域.WM客位204262,,,,1,41.7,0.0,41.7,收银pos,001-收银,2025-11-23 17:37:13,否,1,17
YY000101-251123-0080,JS000101-251123-0079,外卖区域.WM客位204262,,,,1,39.6,0.0,39.6,收银pos,001-收银,2025-11-23 17:34:08,否,1,17
YY000101-251123-0079,JS000101-251123-0078,外卖区域.WM客位204262,,,,1,42.7,0.0,42.7,收银pos,001-收银,2025-11-23 17:33:40,否,1,17
YY000101-251123-0078,JS000101-251123-0077,外卖区域.WM客位204262,,,,1,33.6,0.0,33.6,收银pos,001-收银,2025-11-23 17:26:44,否,1,17
YY000101-251123-0077,JS000101-251123-0076,外卖区域.WM客位204262,,,,1,34.8,0.0,34.8,收银pos,001-收银,2025-11-23 17:21:27,否,1,17
YY000101-251123-0076,JS000101-251123-0075,外卖区域.WM客位204262,,,,1,34.8,0.0,34.8,收银pos,001-收银,2025-11-23 17:17:32,否,1,17
YY000101-251123-0075,JS000101-251123-0074,外卖区域.WM客位204262,,,,1,47.8,0.0,47.8,收银pos,001-收银,2025-11-23 17:14:47,否,1,17
YY000101-251123-0074,JS000101-251123-0073,外卖区域.WM客位204262,,,,1,32.8,0.0,32.8,收银pos,001-收银,2025-11-23 17:13:44,否,1,17
YY000101-251123-0073,JS000101-251123-0072,外卖区域.WM客位204262,,,,1,52.7,0.0,52.7,收银pos,001-收银,2025-11-23 17:08:02,否,1,17
YY000101-251123-0071,JS000101-251123-0071,外卖区域.WM客位204262,,,,1,42.8,0.0,42.8,收银pos,001-收银,2025-11-23 16:55:36,否,1,16
YY000101-251123-0065,JS000101-251123-0070,大厅.A06,,,,2,256.0,70.6,185.4,收银pos,001-收银,2025-11-23 16:47:06,否,0,16
YY000101-251123-0070,JS000101-251123-0069,外卖区域.WM客位204262,,,,1,34.8,0.0,34.8,收银pos,001-收银,2025-11-23 16:40:44,否,1,16
YY000101-251123-0069,JS000101-251123-0068,外卖区域.WM客位204262,,,,1,54.3,0.0,54.3,收银pos,001-收银,2025-11-23 16:33:21,否,1,16
YY000101-251123-0068,JS000101-251123-0067,外卖区域.WM客位204262,,,,1,32.8,0.0,32.8,收银pos,001-收银,2025-11-23 16:24:22,否,1,16
YY000101-251123-0067,JS000101-251123-0066,外卖区域.WM客位204262,,,,1,34.8,0.0,34.8,收银pos,001-收银,2025-11-23 16:13:37,否,1,16
YY000101-251123-0066,JS000101-251123-0065,外卖区域.WM客位204262,,,,1,75.5,0.0,75.5,收银pos,001-收银,2025-11-23 16:01:47,否,1,16
YY000101-251123-0064,JS000101-251123-0064,外卖区域.WM客位204262,,,,1,43.8,0.0,43.8,收银pos,001-收银,2025-11-23 15:40:10,否,1,15
YY000101-251123-0059,JS000101-251123-0063,大厅.A08,,,,3,235.0,0.0,235.0,收银pos,001-收银,2025-11-23 15:34:07,否,0,15
YY000101-251123-0063,JS000101-251123-0062,外卖区域.WM客位204262,,,,1,41.8,0.0,41.8,收银pos,001-收银,2025-11-23 15:26:54,否,1,15
YY000101-251123-0062,JS000101-251123-0061,外卖区域.WM客位204262,,,,1,35.8,0.0,35.8,收银pos,001-收银,2025-11-23 15:21:27,否,1,15
YY000101-251123-0054,JS000101-251123-0060,大厅.A05,,,,2,316.0,0.0,316.0,收银pos,001-收银,2025-11-23 15:15:56,否,0,15
YY000101-251123-0061,JS000101-251123-0059,外卖区域.WM客位204262,,,,1,36.8,0.0,36.8,收银pos,001-收银,2025-11-23 15:12:48,否,1,15
YY000101-251123-0057,JS000101-251123-0058,大厅.A06,,,,1,38.0,0.0,38.0,收银pos,001-收银,2025-11-23 14:47:45,否,0,14
YY000101-251123-0060,JS000101-251123-0057,外卖区域.WM客位204262,,,,1,32.8,0.0,32.8,收银pos,001-收银,2025-11-23 14:47:04,否,1,14
YY000101-251123-0058,JS000101-251123-0056,外卖区域.WM客位204262,,,,1,35.3,0.0,35.3,收银pos,001-收银,2025-11-23 14:44:54,否,1,14
YY000101-251123-0047,JS000101-251123-0055,大厅.A08,,,,5,611.0,141.0,470.0,收银pos,001-收银,2025-11-23 14:27:53,否,0,14
YY000101-251123-0056,JS000101-251123-0054,外卖区域.WM客位204262,,,,1,31.8,0.0,31.8,收银pos,001-收银,2025-11-23 14:19:29,否,1,14
YY000101-251123-0055,JS000101-251123-0053,外卖区域.WM客位204262,,,,1,32.8,0.0,32.8,收银pos,001-收银,2025-11-23 14:19:06,否,1,14
YY000101-251123-0053,JS000101-251123-0052,大厅.A04,,,,2,26.0,0.0,26.0,收银pos,001-收银,2025-11-23 14:10:23,否,0,14
YY000101-251123-0052,JS000101-251123-0051,外卖区域.WM客位204262,,,,1,35.8,0.0,35.8,收银pos,001-收银,2025-11-23 14:04:13,否,1,14
YY000101-251123-0051,JS000101-251123-0050,外卖区域.WM客位204262,,,,1,35.7,0.0,35.7,收银pos,001-收银,2025-11-23 13:53:03,否,1,13
YY000101-251123-0050,JS000101-251123-0049,外卖区域.WM客位204262,,,,1,41.7,0.0,41.7,收银pos,001-收银,2025-11-23 13:41:53,否,1,13
YY000101-251123-0049,JS000101-251123-0048,外卖区域.WM客位204262,,,,1,34.8,0.0,34.8,收银pos,001-收银,2025-11-23 13:32:18,否,1,13
YY000101-251123-0048,JS000101-251123-0047,外卖区域.WM客位204262,,,,1,34.8,0.0,34.8,收银pos,001-收银,2025-11-23 13:30:09,否,1,13
YY000101-251123-0046,JS000101-251123-0046,外卖区域.WM客位204262,,,,1,34.8,0.0,34.8,收银pos,001-收银,2025-11-23 13:25:48,否,1,13
YY000101-251123-0045,JS000101-251123-0045,外卖区域.WM客位204262,,,,1,41.7,0.0,41.7,收银pos,001-收银,2025-11-23 13:16:14,否,1,13
YY000101-251123-0044,JS000101-251123-0044,外卖区域.WM客位204262,,,,1,39.8,0.0,39.8,收银pos,001-收银,2025-11-23 13:13:04,否,1,13
YY000101-251123-0043,JS000101-251123-0043,外卖区域.WM客位204262,,,,1,47.8,0.0,47.8,收银pos,001-收银,2025-11-23 13:10:45,否,1,13
YY000101-251123-0042,JS000101-251123-0042,外卖区域.WM客位204262,,,,1,68.8,0.0,68.8,收银pos,001-收银,2025-11-23 13:07:09,否,1,13
YY000101-251123-0033,JS000101-251123-0041,大厅.A05,,,,3,185.0,50.0,135.0,收银pos,001-收银,2025-11-23 13:06:32,否,0,13
YY000101-251123-0034,JS000101-251123-0040,大厅.A08,,,,2,26.0,3.0,23.0,收银pos,001-收银,2025-11-23 13:03:42,否,0,13
YY000101-251123-0041,JS000101-251123-0039,外卖区域.WM客位204262,,,,1,34.8,0.0,34.8,收银pos,001-收银,2025-11-23 12:59:46,否,1,12
YY000101-251123-0030,JS000101-251123-0031,大厅.A03,,,,3,278.0,0.0,278.0,收银pos,001-收银,2025-11-23 12:55:55,否,0,12
YY000101-251123-0040,JS000101-251123-0038,外卖区域.WM客位204262,,,,1,35.7,0.0,35.7,收银pos,001-收银,2025-11-23 12:47:51,否,1,12
YY000101-251123-0039,JS000101-251123-0037,外卖区域.WM客位204262,,,,1,38.8,0.0,38.8,收银pos,001-收银,2025-11-23 12:45:22,否,1,12
YY000101-251123-0038,JS000101-251123-0036,外卖区域.WM客位204262,,,,1,73.5,0.0,73.5,收银pos,001-收银,2025-11-23 12:44:44,否,1,12
YY000101-251123-0037,JS000101-251123-0035,外卖区域.WM客位204262,,,,1,37.8,0.0,37.8,收银pos,001-收银,2025-11-23 12:42:51,否,1,12
YY000101-251123-0036,JS000101-251123-0034,外卖区域.WM客位204262,,,,1,37.8,0.0,37.8,收银pos,001-收银,2025-11-23 12:39:21,否,1,12
YY000101-251123-0035,JS000101-251123-0033,外卖区域.WM客位204262,,,,1,34.8,0.0,34.8,收银pos,001-收银,2025-11-23 12:32:33,否,1,12
YY000101-251123-0032,JS000101-251123-0032,大厅.A08,,,,4,69.6,0.0,69.6,收银pos,001-收银,2025-11-23 12:24:18,否,0,12
YY000101-251123-0031,JS000101-251123-0030,外卖区域.WM客位204262,,,,1,44.7,0.0,44.7,收银pos,001-收银,2025-11-23 12:21:58,否,1,12
YY000101-251123-0029,JS000101-251123-0029,外卖区域.WM客位204262,,,,1,52.5,0.0,52.5,收银pos,001-收银,2025-11-23 12:17:18,否,1,12
YY000101-251123-0028,JS000101-251123-0028,外卖区域.WM客位204262,,,,1,46.7,0.0,46.7,收银pos,001-收银,2025-11-23 12:14:13,否,1,12
YY000101-251123-0027,JS000101-251123-0027,外卖区域.WM客位204262,,,,1,33.8,0.0,33.8,收银pos,001-收银,2025-11-23 12:08:00,否,1,12
YY000101-251123-0026,JS000101-251123-0026,外卖区域.WM客位204262,,,,1,27.8,0.0,27.8,收银pos,001-收银,2025-11-23 12:06:42,否,1,12
YY000101-251123-0025,JS000101-251123-0025,外卖区域.WM客位204262,,,,1,33.8,0.0,33.8,收银pos,001-收银,2025-11-23 12:05:03,否,1,12
YY000101-251123-0019,JS000101-251123-0019,大厅.A09,,,,2,178.0,0.0,178.0,收银pos,001-收银,2025-11-23 12:02:41,否,0,12
YY000101-251123-0024,JS000101-251123-0024,外卖区域.WM客位204262,,,,1,45.8,0.0,45.8,收银pos,001-收银,2025-11-23 12:02:14,否,1,12
YY000101-251123-0023,JS000101-251123-0023,外卖区域.WM客位204262,,,,1,35.8,0.0,35.8,收银pos,001-收银,2025-11-23 12:01:57,否,1,12
YY000101-251123-0022,JS000101-251123-0022,外卖区域.WM客位204262,,,,1,44.7,0.0,44.7,收银pos,001-收银,2025-11-23 12:00:08,否,1,12
YY000101-251123-0021,JS000101-251123-0021,外卖区域.WM客位204262,,,,1,48.7,0.0,48.7,收银pos,001-收银,2025-11-23 11:56:53,否,1,11
YY000101-251123-0020,JS000101-251123-0020,外卖区域.WM客位204262,,,,1,44.7,0.0,44.7,收银pos,001-收银,2025-11-23 11:47:23,否,1,11
YY000101-251123-0018,JS000101-251123-0018,外卖区域.WM客位204262,,,,1,75.8,0.0,75.8,收银pos,001-收银,2025-11-23 11:44:59,否,1,11
YY000101-251123-0017,JS000101-251123-0017,外卖区域.WM客位204262,,,,1,32.8,0.0,32.8,收银pos,001-收银,2025-11-23 11:40:07,否,1,11
YY000101-251123-0016,JS000101-251123-0016,外卖区域.WM客位204262,,,,1,33.8,0.0,33.8,收银pos,001-收银,2025-11-23 11:38:08,否,1,11
YY000101-251123-0015,JS000101-251123-0015,外卖区域.WM客位204262,,,,1,35.3,0.0,35.3,收银pos,001-收银,2025-11-23 11:36:14,否,1,11
YY000101-251123-0014,JS000101-251123-0014,外卖区域.WM客位204262,,,,1,47.8,0.0,47.8,收银pos,001-收银,2025-11-23 11:35:21,否,1,11
YY000101-251123-0013,JS000101-251123-0013,外卖区域.WM客位204262,,,,1,34.8,0.0,34.8,收银pos,001-收银,2025-11-23 11:33:17,否,1,11
YY000101-251123-0012,JS000101-251123-0012,外卖区域.WM客位204262,,,,1,69.1,0.0,69.1,收银pos,001-收银,2025-11-23 11:22:58,否,1,11
YY000101-251123-0011,JS000101-251123-0011,外卖区域.WM客位204262,,,,1,33.8,0.0,33.8,收银pos,001-收银,2025-11-23 11:22:25,否,1,11
YY000101-251123-0010,JS000101-251123-0010,外卖区域.WM客位204262,,,,1,38.8,0.0,38.8,收银pos,001-收银,2025-11-23 11:17:29,否,1,11
YY000101-251123-0009,JS000101-251123-0009,外卖区域.WM客位204262,,,,1,45.8,0.0,45.8,收银pos,001-收银,2025-11-23 11:15:45,否,1,11
YY000101-251123-0008,JS000101-251123-0008,外卖区域.WM客位204262,,,,1,48.7,0.0,48.7,收银pos,001-收银,2025-11-23 11:14:47,否,1,11
YY000101-251123-0007,JS000101-251123-0007,外卖区域.WM客位204262,,,,1,31.8,0.0,31.8,收银pos,001-收银,2025-11-23 11:14:05,否,1,11
YY000101-251123-0006,JS000101-251123-0006,外卖区域.WM客位204262,,,,1,35.8,0.0,35.8,收银pos,001-收银,2025-11-23 11:12:16,否,1,11
YY000101-251123-0005,JS000101-251123-0005,外卖区域.WM客位204262,,,,1,36.8,0.0,36.8,收银pos,001-收银,2025-11-23 10:57:22,否,1,10
YY000101-251123-0004,JS000101-251123-0004,外卖区域.WM客位204262,,,,1,34.8,0.0,34.8,收银pos,001-收银,2025-11-23 10:32:08,否,1,10
YY000101-251123-0003,JS000101-251123-0003,大厅.A06,,,,1,30.0,0.0,30.0,收银pos,001-收银,2025-11-23 10:04:02,否,0,10
YY000101-251123-0002,JS000101-251123-0002,外卖区域.WM客位204262,,,,1,54.7,0.0,54.7,收银pos,001-收银,2025-11-23 09:08:54,否,1,9
YY000101-251122-0117,JS000101-251122-0116,外卖区域.WM客位204262,,,,1,47.8,0.0,47.8,收银pos,001-收银,2025-11-22 20:52:23,否,1,20
YY000101-251122-0116,JS000101-251122-0115,大厅.A02,,,,2,56.0,0.0,56.0,收银pos,001-收银,2025-11-22 20:24:44,否,0,20
YY000101-251122-0115,JS000101-251122-0114,外卖区域.WM客位204262,,,,1,42.7,0.0,42.7,收银pos,001-收银,2025-11-22 20:19:28,否,1,20
YY000101-251122-0100,JS000101-251122-0113,大厅.A08,,,,5,416.0,56.4,359.6,收银pos,001-收银,2025-11-22 20:16:11,否,0,20
YY000101-251122-0114,JS000101-251122-0112,外卖区域.WM客位204262,,,,1,36.8,0.0,36.8,收银pos,001-收银,2025-11-22 19:54:17,否,1,19
YY000101-251122-0105,JS000101-251122-0103,大厅.A06,,,,2,174.0,8.0,166.0,收银pos,001-收银,2025-11-22 19:47:18,否,0,19
YY000101-251122-0112,JS000101-251122-0108,大厅.A05,,,,2,23.8,0.0,23.8,收银pos,001-收银,2025-11-22 19:46:29,否,0,19
YY000101-251122-0106,JS000101-251122-0111,大厅.A02,,,,2,68.0,0.0,68.0,收银pos,001-收银,2025-11-22 19:46:24,否,0,19
YY000101-251122-0113,JS000101-251122-0110,外卖区域.WM客位204262,,,,1,49.7,0.0,49.7,收银pos,001-收银,2025-11-22 19:44:27,否,1,19
YY000101-251122-0108,JS000101-251122-0109,大厅.A03,,,,1,199.0,0.0,199.0,收银pos,001-收银,2025-11-22 19:34:27,否,0,19
YY000101-251122-0111,JS000101-251122-0107,大厅.A01,,,,2,23.8,0.0,23.8,收银pos,001-收银,2025-11-22 19:18:31,否,0,19
YY000101-251122-0110,JS000101-251122-0106,外卖区域.WM客位204262,,,,1,40.7,0.0,40.7,收银pos,001-收银,2025-11-22 19:15:45,否,1,19
YY000101-251122-0109,JS000101-251122-0105,外卖区域.WM客位204262,,,,1,37.8,0.0,37.8,收银pos,001-收银,2025-11-22 19:04:56,否,1,19
YY000101-251122-0107,JS000101-251122-0104,外卖区域.WM客位204262,,,,1,44.2,0.0,44.2,收银pos,001-收银,2025-11-22 18:45:55,否,1,18
YY000101-251122-0095,JS000101-251122-0094,大厅.A04,,,,2,172.0,0.0,172.0,收银pos,001-收银,2025-11-22 18:44:50,否,0,18
YY000101-251122-0103,JS000101-251122-0102,大厅.A02,,,,2,278.0,0.0,278.0,收银pos,001-收银,2025-11-22 18:24:36,否,0,18
YY000101-251122-0104,JS000101-251122-0101,外卖区域.WM客位204262,,,,1,35.8,0.0,35.8,收银pos,001-收银,2025-11-22 18:23:17,否,1,18
YY000101-251122-0102,JS000101-251122-0100,外卖区域.WM客位204262,,,,1,37.8,0.0,37.8,收银pos,001-收银,2025-11-22 18:20:48,否,1,18
YY000101-251122-0101,JS000101-251122-0099,外卖区域.WM客位204262,,,,1,34.7,0.0,34.7,收银pos,001-收银,2025-11-22 18:16:37,否,1,18
YY000101-251122-0099,JS000101-251122-0098,外卖区域.WM客位204262,,,,1,40.7,0.0,40.7,收银pos,001-收银,2025-11-22 18:06:08,否,1,18
YY000101-251122-0098,JS000101-251122-0097,外卖区域.WM客位204262,,,,1,62.5,0.0,62.5,收银pos,001-收银,2025-11-22 17:59:25,否,1,17
YY000101-251122-0097,JS000101-251122-0096,大厅.A06,,,,1,47.0,0.0,47.0,收银pos,001-收银,2025-11-22 17:54:08,否,0,17
YY000101-251122-0096,JS000101-251122-0095,外卖区域.WM客位204262,,,,1,69.5,0.0,69.5,收银pos,001-收银,2025-11-22 17:53:13,否,1,17
YY000101-251122-0094,JS000101-251122-0093,外卖区域.WM客位204262,,,,1,45.8,0.0,45.8,收银pos,001-收银,2025-11-22 17:47:11,否,1,17
YY000101-251122-0084,JS000101-251122-0083,大厅.A04,,,,2,128.0,0.0,128.0,收银pos,001-收银,2025-11-22 17:46:17,否,0,17
YY000101-251122-0093,JS000101-251122-0092,外卖区域.WM客位204262,,,,1,41.6,0.0,41.6,收银pos,001-收银,2025-11-22 17:46:08,否,1,17
YY000101-251122-0092,JS000101-251122-0091,外卖区域.WM客位204262,,,,1,40.8,0.0,40.8,收银pos,001-收银,2025-11-22 17:42:33,否,1,17
YY000101-251122-0091,JS000101-251122-0090,外卖区域.WM客位204262,,,,1,69.7,0.0,69.7,收银pos,001-收银,2025-11-22 17:40:49,否,1,17
YY000101-251122-0083,JS000101-251122-0089,大厅.A03,,,,2,160.0,0.0,160.0,收银pos,001-收银,2025-11-22 17:26:32,否,0,17
YY000101-251122-0090,JS000101-251122-0088,外卖区域.WM客位204262,,,,1,32.8,0.0,32.8,收银pos,001-收银,2025-11-22 17:26:22,否,1,17
YY000101-251122-0089,JS000101-251122-0087,外卖区域.WM客位204262,,,,1,63.6,0.0,63.6,收银pos,001-收银,2025-11-22 17:18:24,否,1,17
YY000101-251122-0088,JS000101-251122-0086,外卖区域.WM客位204262,,,,1,32.7,0.0,32.7,收银pos,001-收银,2025-11-22 17:14:34,否,1,17
YY000101-251122-0087,JS000101-251122-0085,外卖区域.WM客位204262,,,,1,34.8,0.0,34.8,收银pos,001-收银,2025-11-22 17:03:14,否,1,17
YY000101-251122-0085,JS000101-251122-0084,外卖区域.WM客位204262,,,,1,54.2,0.0,54.2,收银pos,001-收银,2025-11-22 16:41:15,否,1,16
YY000101-251122-0082,JS000101-251122-0082,外卖区域.WM客位204262,,,,1,43.0,0.0,43.0,收银pos,001-收银,2025-11-22 16:28:10,否,1,16
YY000101-251122-0081,JS000101-251122-0081,外卖区域.WM客位204262,,,,1,41.8,0.0,41.8,收银pos,001-收银,2025-11-22 16:22:02,否,1,16
YY000101-251122-0080,JS000101-251122-0080,外卖区域.WM客位204262,,,,1,34.8,0.0,34.8,收银pos,001-收银,2025-11-22 16:18:03,否,1,16
YY000101-251122-0079,JS000101-251122-0079,外卖区域.WM客位204262,,,,1,40.4,0.0,40.4,收银pos,001-收银,2025-11-22 16:15:03,否,1,16
YY000101-251122-0078,JS000101-251122-0078,外卖区域.WM客位204262,,,,1,34.8,0.0,34.8,收银pos,001-收银,2025-11-22 16:09:56,否,1,16
YY000101-251122-0077,JS000101-251122-0077,外卖区域.WM客位204262,,,,1,34.8,0.0,34.8,收银pos,001-收银,2025-11-22 16:09:39,否,1,16
YY000101-251122-0076,JS000101-251122-0076,外卖区域.WM客位204262,,,,1,47.8,0.0,47.8,收银pos,001-收银,2025-11-22 15:55:58,否,1,15
YY000101-251122-0075,JS000101-251122-0075,外卖区域.WM客位204262,,,,1,50.8,0.0,50.8,收银pos,001-收银,2025-11-22 15:28:52,否,1,15
YY000101-251122-0074,JS000101-251122-0074,外卖区域.WM客位204262,,,,1,35.8,0.0,35.8,收银pos,001-收银,2025-11-22 15:16:42,否,1,15
YY000101-251122-0073,JS000101-251122-0073,外卖区域.WM客位204262,,,,1,31.8,0.0,31.8,收银pos,001-收银,2025-11-22 15:10:04,否,1,15
YY000101-251122-0072,JS000101-251122-0072,外卖区域.WM客位204262,,,,1,33.8,0.0,33.8,收银pos,001-收银,2025-11-22 14:59:00,否,1,14
YY000101-251122-0071,JS000101-251122-0071,外卖区域.WM客位204262,,,,1,32.8,0.0,32.8,收银pos,001-收银,2025-11-22 14:47:50,否,1,14
YY000101-251122-0070,JS000101-251122-0070,外卖区域.WM客位204262,,,,1,34.8,0.0,34.8,收银pos,001-收银,2025-11-22 14:35:49,否,1,14
YY000101-251122-0069,JS000101-251122-0069,外卖区域.WM客位204262,,,,1,42.7,0.0,42.7,收银pos,001-收银,2025-11-22 14:15:23,否,1,14
YY000101-251122-0068,JS000101-251122-0068,外卖区域.WM客位204262,,,,1,32.8,0.0,32.8,收银pos,001-收银,2025-11-22 14:09:46,否,1,14
YY000101-251122-0067,JS000101-251122-0067,外卖区域.WM客位204262,,,,1,41.6,0.0,41.6,收银pos,001-收银,2025-11-22 14:07:07,否,1,14
YY000101-251122-0066,JS000101-251122-0066,外卖区域.WM客位204262,,,,1,52.5,0.0,52.5,收银pos,001-收银,2025-11-22 14:03:37,否,1,14
YY000101-251122-0065,JS000101-251122-0065,外卖区域.WM客位204262,,,,1,69.8,0.0,69.8,收银pos,001-收银,2025-11-22 14:02:03,否,1,14
YY000101-251122-0064,JS000101-251122-0064,外卖区域.WM客位204262,,,,1,34.8,0.0,34.8,收银pos,001-收银,2025-11-22 14:01:21,否,1,14
YY000101-251122-0063,JS000101-251122-0063,外卖区域.WM客位204262,,,,1,34.8,0.0,34.8,收银pos,001-收银,2025-11-22 13:58:57,否,1,13
YY000101-251122-0062,JS000101-251122-0062,外卖区域.WM客位204262,,,,1,36.6,0.0,36.6,收银pos,001-收银,2025-11-22 13:49:02,否,1,13
YY000101-251122-0054,JS000101-251122-0054,大厅.A01,,,,2,23.8,0.0,23.8,收银pos,001-收银,2025-11-22 13:29:48,否,0,13
YY000101-251122-0049,JS000101-251122-0049,大厅.A02,,,,2,178.0,0.0,178.0,收银pos,001-收银,2025-11-22 13:29:45,否,0,13
YY000101-251122-0031,JS000101-251122-0029,大厅.A07,,,,2,178.0,0.0,178.0,收银pos,001-收银,2025-11-22 13:29:27,否,0,13
YY000101-251122-0055,JS000101-251122-0055,大厅.A06,,,,2,178.0,0.0,178.0,收银pos,001-收银,2025-11-22 13:29:24,否,0,13
YY000101-251122-0051,JS000101-251122-0051,大厅.A04,,,,2,23.8,0.0,23.8,收银pos,001-收银,2025-11-22 13:29:21,否,0,13
YY000101-251122-0061,JS000101-251122-0061,外卖区域.WM客位204262,,,,1,32.8,0.0,32.8,收银pos,001-收银,2025-11-22 13:25:58,否,1,13
YY000101-251122-0060,JS000101-251122-0060,外卖区域.WM客位204262,,,,1,69.6,0.0,69.6,收银pos,001-收银,2025-11-22 13:20:16,否,1,13
YY000101-251122-0059,JS000101-251122-0059,外卖区域.WM客位204262,,,,1,39.8,0.0,39.8,收银pos,001-收银,2025-11-22 13:20:08,否,1,13
YY000101-251122-0058,JS000101-251122-0058,外卖区域.WM客位204262,,,,1,67.8,0.0,67.8,收银pos,001-收银,2025-11-22 13:17:54,否,1,13
YY000101-251122-0057,JS000101-251122-0057,外卖区域.WM客位204262,,,,1,36.8,0.0,36.8,收银pos,001-收银,2025-11-22 13:10:01,否,1,13
YY000101-251122-0056,JS000101-251122-0056,外卖区域.WM客位204262,,,,1,37.8,0.0,37.8,收银pos,001-收银,2025-11-22 13:09:54,否,1,13
YY000101-251122-0053,JS000101-251122-0053,外卖区域.WM客位204262,,,,1,38.8,0.0,38.8,收银pos,001-收银,2025-11-22 13:04:17,否,1,13
YY000101-251122-0052,JS000101-251122-0052,外卖区域.WM客位204262,,,,1,34.8,0.0,34.8,收银pos,001-收银,2025-11-22 13:03:04,否,1,13
YY000101-251122-0050,JS000101-251122-0050,外卖区域.WM客位204262,,,,1,69.7,0.0,69.7,收银pos,001-收银,2025-11-22 12:57:58,否,1,12
YY000101-251122-0048,JS000101-251122-0048,外卖区域.WM客位204262,,,,1,48.8,0.0,48.8,收银pos,001-收银,2025-11-22 12:54:53,否,1,12
YY000101-251122-0047,JS000101-251122-0047,外卖区域.WM客位204262,,,,1,40.8,0.0,40.8,收银pos,001-收银,2025-11-22 12:54:36,否,1,12
YY000101-251122-0046,JS000101-251122-0046,外卖区域.WM客位204262,,,,1,87.2,0.0,87.2,收银pos,001-收银,2025-11-22 12:50:56,否,1,12
YY000101-251122-0028,JS000101-251122-0044,大厅.A05,,,,2,168.0,32.8,135.2,收银pos,001-收银,2025-11-22 12:46:31,否,0,12
YY000101-251122-0045,JS000101-251122-0045,外卖区域.WM客位204262,,,,1,40.8,0.0,40.8,收银pos,001-收银,2025-11-22 12:46:30,否,1,12
YY000101-251122-0044,JS000101-251122-0043,外卖区域.WM客位204262,,,,1,35.8,0.0,35.8,收银pos,001-收银,2025-11-22 12:44:46,否,1,12
YY000101-251122-0043,JS000101-251122-0042,外卖区域.WM客位204262,,,,1,29.8,0.0,29.8,收银pos,001-收银,2025-11-22 12:33:31,否,1,12
YY000101-251122-0042,JS000101-251122-0041,外卖区域.WM客位204262,,,,1,32.8,0.0,32.8,收银pos,001-收银,2025-11-22 12:33:03,否,1,12
YY000101-251122-0041,JS000101-251122-0040,外卖区域.WM客位204262,,,,1,33.8,0.0,33.8,收银pos,001-收银,2025-11-22 12:27:06,否,1,12
YY000101-251122-0040,JS000101-251122-0039,外卖区域.WM客位204262,,,,1,35.8,0.0,35.8,收银pos,001-收银,2025-11-22 12:16:06,否,1,12
YY000101-251122-0039,JS000101-251122-0038,外卖区域.WM客位204262,,,,1,35.8,0.0,35.8,收银pos,001-收银,2025-11-22 12:15:38,否,1,12
YY000101-251122-0038,JS000101-251122-0037,外卖区域.WM客位204262,,,,1,34.8,0.0,34.8,收银pos,001-收银,2025-11-22 12:13:14,否,1,12
YY000101-251122-0025,JS000101-251122-0036,大厅.A03,,,,2,50.0,0.0,50.0,收银pos,001-收银,2025-11-22 12:12:31,否,0,12
YY000101-251122-0037,JS000101-251122-0035,外卖区域.WM客位204262,,,,1,35.8,0.0,35.8,收银pos,001-收银,2025-11-22 12:10:50,否,1,12
YY000101-251122-0036,JS000101-251122-0034,外卖区域.WM客位204262,,,,1,37.8,0.0,37.8,收银pos,001-收银,2025-11-22 12:10:07,否,1,12
YY000101-251122-0035,JS000101-251122-0033,外卖区域.WM客位204262,,,,1,39.6,0.0,39.6,收银pos,001-收银,2025-11-22 12:08:09,否,1,12
YY000101-251122-0034,JS000101-251122-0032,外卖区域.WM客位204262,,,,1,37.8,0.0,37.8,收银pos,001-收银,2025-11-22 12:06:00,否,1,12
YY000101-251122-0033,JS000101-251122-0031,外卖区域.WM客位204262,,,,1,35.7,0.0,35.7,收银pos,001-收银,2025-11-22 12:05:13,否,1,12
YY000101-251122-0032,JS000101-251122-0030,外卖区域.WM客位204262,,,,1,41.8,0.0,41.8,收银pos,001-收银,2025-11-22 12:02:49,否,1,12
YY000101-251122-0030,JS000101-251122-0028,外卖区域.WM客位204262,,,,1,70.6,0.0,70.6,收银pos,001-收银,2025-11-22 12:00:14,否,1,12
YY000101-251122-0029,JS000101-251122-0027,外卖区域.WM客位204262,,,,1,34.8,0.0,34.8,收银pos,001-收银,2025-11-22 11:56:38,否,1,11
YY000101-251122-0019,JS000101-251122-0026,大厅.A06,,,,1,22.0,0.0,22.0,收银pos,001-收银,2025-11-22 11:54:13,否,0,11
YY000101-251122-0027,JS000101-251122-0025,外卖区域.WM客位204262,,,,1,44.6,0.0,44.6,收银pos,001-收银,2025-11-22 11:51:22,否,1,11
YY000101-251122-0024,JS000101-251122-0023,外卖区域.WM客位204262,,,,1,35.8,0.0,35.8,收银pos,001-收银,2025-11-22 11:40:09,否,1,11
YY000101-251122-0023,JS000101-251122-0022,外卖区域.WM客位204262,,,,1,37.8,0.0,37.8,收银pos,001-收银,2025-11-22 11:38:51,否,1,11
YY000101-251122-0022,JS000101-251122-0021,外卖区域.WM客位204262,,,,1,40.7,0.0,40.7,收银pos,001-收银,2025-11-22 11:37:58,否,1,11
YY000101-251122-0021,JS000101-251122-0020,外卖区域.WM客位204262,,,,1,33.8,0.0,33.8,收银pos,001-收银,2025-11-22 11:37:31,否,1,11
YY000101-251122-0020,JS000101-251122-0019,外卖区域.WM客位204262,,,,1,37.8,0.0,37.8,收银pos,001-收银,2025-11-22 11:34:41,否,1,11
YY000101-251122-0018,JS000101-251122-0018,外卖区域.WM客位204262,,,,1,39.7,0.0,39.7,收银pos,001-收银,2025-11-22 11:32:12,否,1,11
YY000101-251122-0017,JS000101-251122-0017,外卖区域.WM客位204262,,,,1,35.7,0.0,35.7,收银pos,001-收银,2025-11-22 11:30:38,否,1,11
YY000101-251122-0016,JS000101-251122-0016,外卖区域.WM客位204262,,,,1,32.8,0.0,32.8,收银pos,001-收银,2025-11-22 11:30:31,否,1,11
YY000101-251122-0015,JS000101-251122-0015,外卖区域.WM客位204262,,,,1,32.8,0.0,32.8,收银pos,001-收银,2025-11-22 11:28:02,否,1,11
YY000101-251122-0014,JS000101-251122-0014,外卖区域.WM客位204262,,,,1,66.8,0.0,66.8,收银pos,001-收银,2025-11-22 11:24:11,否,1,11
YY000101-251122-0013,JS000101-251122-0013,外卖区域.WM客位204262,,,,1,37.7,0.0,37.7,收银pos,001-收银,2025-11-22 11:18:40,否,1,11
YY000101-251122-0012,JS000101-251122-0012,外卖区域.WM客位204262,,,,1,46.7,0.0,46.7,收银pos,001-收银,2025-11-22 11:18:22,否,1,11
YY000101-251122-0011,JS000101-251122-0011,外卖区域.WM客位204262,,,,1,34.8,0.0,34.8,收银pos,001-收银,2025-11-22 11:17:54,否,1,11
YY000101-251122-0010,JS000101-251122-0010,外卖区域.WM客位204262,,,,1,45.8,0.0,45.8,收银pos,001-收银,2025-11-22 11:17:53,否,1,11
YY000101-251122-0009,JS000101-251122-0009,外卖区域.WM客位204262,,,,1,34.8,0.0,34.8,收银pos,001-收银,2025-11-22 11:16:55,否,1,11
YY000101-251122-0008,JS000101-251122-0008,外卖区域.WM客位204262,,,,1,37.7,0.0,37.7,收银pos,001-收银,2025-11-22 11:12:39,否,1,11
YY000101-251122-0007,JS000101-251122-0007,外卖区域.WM客位204262,,,,1,37.8,0.0,37.8,收银pos,001-收银,2025-11-22 11:11:21,否,1,11
YY000101-251122-0006,JS000101-251122-0006,外卖区域.WM客位204262,,,,1,47.8,0.0,47.8,收银pos,001-收银,2025-11-22 11:07:56,否,1,11
YY000101-251122-0005,JS000101-251122-0005,外卖区域.WM客位204262,,,,1,39.7,0.0,39.7,收银pos,001-收银,2025-11-22 11:06:07,否,1,11
YY000101-251122-0004,JS000101-251122-0004,外卖区域.WM客位204262,,,,1,39.7,0.0,39.7,收银pos,001-收银,2025-11-22 11:00:45,否,1,11
YY000101-251122-0003,JS000101-251122-0003,外卖区域.WM客位204262,,,,1,40.8,0.0,40.8,收银pos,001-收银,2025-11-22 10:57:56,否,1,10
YY000101-251122-0002,JS000101-251122-0002,外卖区域.WM客位204262,,,,1,45.8,0.0,45.8,收银pos,001-收银,2025-11-22 10:30:25,否,1,10
YY000101-251122-0001,JS000101-251122-0001,外卖区域.WM客位204262,,,,1,37.7,0.0,37.7,收银pos,001-收银,2025-11-22 10:14:32,否,1,10
YY000101-251121-0127,JS000101-251121-0127,大厅.A03,,,,2,36.0,0.0,36.0,收银pos,001-收银,2025-11-21 21:07:09,否,0,21
YY000101-251121-0125,JS000101-251121-0125,外卖区域.WM客位204262,,,,1,38.8,0.0,38.8,收银pos,001-收银,2025-11-21 20:43:30,否,1,20
YY000101-251121-0079,JS000101-251121-0083,大厅.A01,,,,2,240.0,48.0,192.0,收银pos,001-收银,2025-11-21 20:41:08,否,0,20
YY000101-251121-0122,JS000101-251121-0122,大厅.A03,,,,2,178.0,0.0,178.0,收银pos,001-收银,2025-11-21 20:37:14,否,0,20
YY000101-251121-0112,JS000101-251121-0109,大厅.A07,,,,2,184.0,6.0,178.0,收银pos,001-收银,2025-11-21 20:37:10,否,0,20
YY000101-251121-0123,JS000101-251121-0123,大厅.A05,,,,2,178.0,0.0,178.0,收银pos,001-收银,2025-11-21 20:36:56,否,0,20
YY000101-251121-0124,JS000101-251121-0124,外卖区域.WM客位204262,,,,1,38.89,0.0,38.89,收银pos,001-收银,2025-11-21 20:26:46,否,1,20
YY000101-251121-0121,JS000101-251121-0121,外卖区域.WM客位204262,,,,1,35.8,0.0,35.8,收银pos,001-收银,2025-11-21 20:10:07,否,1,20
YY000101-251121-0116,JS000101-251121-0120,大厅.A02,,,,3,160.0,0.0,160.0,收银pos,001-收银,2025-11-21 20:08:43,否,0,20
YY000101-251121-0100,JS000101-251121-0119,大厅.A09,,,,2,240.0,0.0,240.0,收银pos,001-收银,2025-11-21 19:56:38,否,0,19
YY000101-251121-0120,JS000101-251121-0118,外卖区域.WM客位204262,,,,1,33.8,0.0,33.8,收银pos,001-收银,2025-11-21 19:52:47,否,1,19
YY000101-251121-0108,JS000101-251121-0117,大厅.A04,,,,3,271.0,53.2,217.8,收银pos,001-收银,2025-11-21 19:38:36,否,0,19
YY000101-251121-0119,JS000101-251121-0116,外卖区域.WM客位204262,,,,1,25.0,0.0,25.0,收银pos,001-收银,2025-11-21 19:32:55,否,1,19
YY000101-251121-0118,JS000101-251121-0115,外卖区域.WM客位204262,,,,1,32.8,0.0,32.8,收银pos,001-收银,2025-11-21 19:32:33,否,1,19
YY000101-251121-0092,JS000101-251121-0114,大厅.A08,,,,5,624.0,109.6,514.4,收银pos,001-收银,2025-11-21 19:29:50,否,0,19
YY000101-251121-0117,JS000101-251121-0113,外卖区域.WM客位204262,,,,1,37.7,0.0,37.7,收银pos,001-收银,2025-11-21 19:24:55,否,1,19
YY000101-251121-0115,JS000101-251121-0112,外卖区域.WM客位204262,,,,1,68.8,0.0,68.8,收银pos,001-收银,2025-11-21 19:13:35,否,1,19
YY000101-251121-0114,JS000101-251121-0111,外卖区域.WM客位204262,,,,1,40.7,0.0,40.7,收银pos,001-收银,2025-11-21 19:09:40,否,1,19
YY000101-251121-0113,JS000101-251121-0110,外卖区域.WM客位204262,,,,1,36.8,0.0,36.8,收银pos,001-收银,2025-11-21 19:05:24,否,1,19
YY000101-251121-0098,JS000101-251121-0096,大厅.A03,,,,2,309.0,0.0,309.0,收银pos,001-收银,2025-11-21 19:01:59,否,0,19
YY000101-251121-0111,JS000101-251121-0108,外卖区域.WM客位204262,,,,1,67.1,0.0,67.1,收银pos,001-收银,2025-11-21 18:56:39,否,1,18
YY000101-251121-0109,JS000101-251121-0107,大厅.A11,,,,2,49.0,0.0,49.0,收银pos,001-收银,2025-11-21 18:53:19,否,0,18
YY000101-251121-0110,JS000101-251121-0106,外卖区域.WM客位204262,,,,1,35.8,0.0,35.8,收银pos,001-收银,2025-11-21 18:52:50,否,1,18
YY000101-251121-0106,JS000101-251121-0103,大厅.A06,,,,2,178.0,0.0,178.0,收银pos,001-收银,2025-11-21 18:52:25,否,0,18
YY000101-251121-0095,JS000101-251121-0105,大厅.A07,,,,2,26.0,0.0,26.0,收银pos,001-收银,2025-11-21 18:49:04,否,0,18
YY000101-251121-0107,JS000101-251121-0104,外卖区域.WM客位204262,,,,1,35.7,0.0,35.7,收银pos,001-收银,2025-11-21 18:47:18,否,1,18
YY000101-251121-0105,JS000101-251121-0102,外卖区域.WM客位204262,,,,1,58.6,0.0,58.6,收银pos,001-收银,2025-11-21 18:44:03,否,1,18
YY000101-251121-0104,JS000101-251121-0101,外卖区域.WM客位204262,,,,1,41.7,0.0,41.7,收银pos,001-收银,2025-11-21 18:39:32,否,1,18
YY000101-251121-0103,JS000101-251121-0100,外卖区域.WM客位204262,,,,1,59.6,0.0,59.6,收银pos,001-收银,2025-11-21 18:31:14,否,1,18
YY000101-251121-0087,JS000101-251121-0085,大厅.A02,,,,2,178.0,0.0,178.0,收银pos,001-收银,2025-11-21 18:29:53,否,0,18
YY000101-251121-0096,JS000101-251121-0093,大厅.A05,,,,2,178.0,0.0,178.0,收银pos,001-收银,2025-11-21 18:29:39,否,0,18
YY000101-251121-0102,JS000101-251121-0099,外卖区域.WM客位204262,,,,1,104.6,0.0,104.6,收银pos,001-收银,2025-11-21 18:29:15,否,1,18
YY000101-251121-0101,JS000101-251121-0098,外卖区域.WM客位204262,,,,1,36.8,0.0,36.8,收银pos,001-收银,2025-11-21 18:25:04,否,1,18
YY000101-251121-0099,JS000101-251121-0097,外卖区域.WM客位204262,,,,1,75.8,0.0,75.8,收银pos,001-收银,2025-11-21 18:15:25,否,1,18
YY000101-251121-0085,JS000101-251121-0095,大厅.A09,,,,3,390.0,70.0,320.0,收银pos,001-收银,2025-11-21 18:03:39,否,0,18
YY000101-251121-0097,JS000101-251121-0094,大厅.A11,,,,2,23.8,0.0,23.8,收银pos,001-收银,2025-11-21 18:00:22,否,0,18
YY000101-251121-0094,JS000101-251121-0092,外卖区域.WM客位204262,,,,1,33.8,0.0,33.8,收银pos,001-收银,2025-11-21 17:52:36,否,1,17
YY000101-251121-0093,JS000101-251121-0091,外卖区域.WM客位204262,,,,1,37.8,0.0,37.8,收银pos,001-收银,2025-11-21 17:52:03,否,1,17
YY000101-251121-0091,JS000101-251121-0090,外卖区域.WM客位204262,,,,1,55.7,0.0,55.7,收银pos,001-收银,2025-11-21 17:41:59,否,1,17
YY000101-251121-0084,JS000101-251121-0089,大厅.A04,,,,2,28.0,3.36,24.64,收银pos,001-收银,2025-11-21 17:38:33,否,0,17
YY000101-251121-0090,JS000101-251121-0088,外卖区域.WM客位204262,,,,1,28.8,0.0,28.8,收银pos,001-收银,2025-11-21 17:37:27,否,1,17
YY000101-251121-0089,JS000101-251121-0087,外卖区域.WM客位204262,,,,1,34.8,0.0,34.8,收银pos,001-收银,2025-11-21 17:36:09,否,1,17
YY000101-251121-0088,JS000101-251121-0086,外卖区域.WM客位204262,,,,1,33.8,0.0,33.8,收银pos,001-收银,2025-11-21 17:35:01,否,1,17
YY000101-251121-0086,JS000101-251121-0084,大厅.A07,,,,2,178.0,0.0,178.0,收银pos,001-收银,2025-11-21 17:24:05,否,0,17
YY000101-251121-0083,JS000101-251121-0082,外卖区域.WM客位204262,,,,1,34.8,0.0,34.8,收银pos,001-收银,2025-11-21 16:52:24,否,1,16
YY000101-251121-0082,JS000101-251121-0081,外卖区域.WM客位204262,,,,1,45.8,0.0,45.8,收银pos,001-收银,2025-11-21 16:35:55,否,1,16
YY000101-251121-0081,JS000101-251121-0080,外卖区域.WM客位204262,,,,1,50.8,0.0,50.8,收银pos,001-收银,2025-11-21 16:26:31,否,1,16
YY000101-251121-0080,JS000101-251121-0079,外卖区域.WM客位204262,,,,1,43.6,0.0,43.6,收银pos,001-收银,2025-11-21 16:07:15,否,1,16
YY000101-251121-0078,JS000101-251121-0078,外卖区域.WM客位204262,,,,1,35.8,0.0,35.8,收银pos,001-收银,2025-11-21 15:48:15,否,1,15
YY000101-251121-0077,JS000101-251121-0077,外卖区域.WM客位204262,,,,1,42.8,0.0,42.8,收银pos,001-收银,2025-11-21 15:42:17,否,1,15
YY000101-251121-0076,JS000101-251121-0076,外卖区域.WM客位204262,,,,1,54.7,0.0,54.7,收银pos,001-收银,2025-11-21 15:34:39,否,1,15
YY000101-251121-0075,JS000101-251121-0075,外卖区域.WM客位204262,,,,1,34.8,0.0,34.8,收银pos,001-收银,2025-11-21 15:32:35,否,1,15
YY000101-251121-0073,JS000101-251121-0074,大厅.A11,,,,1,23.0,0.0,23.0,收银pos,001-收银,2025-11-21 15:24:09,否,0,15
YY000101-251121-0074,JS000101-251121-0073,外卖区域.WM客位204262,,,,1,71.6,0.0,71.6,收银pos,001-收银,2025-11-21 15:23:15,否,1,15
YY000101-251121-0072,JS000101-251121-0072,外卖区域.WM客位204262,,,,1,35.7,0.0,35.7,收银pos,001-收银,2025-11-21 14:38:37,否,1,14
YY000101-251121-0071,JS000101-251121-0071,外卖区域.WM客位204262,,,,1,32.8,0.0,32.8,收银pos,001-收银,2025-11-21 14:19:07,否,1,14
YY000101-251121-0070,JS000101-251121-0070,外卖区域.WM客位204262,,,,1,50.8,0.0,50.8,收银pos,001-收银,2025-11-21 14:07:57,否,1,14
YY000101-251121-0063,JS000101-251121-0069,大厅.A04,,,,4,325.0,59.4,265.6,收银pos,001-收银,2025-11-21 13:33:18,否,0,13
YY000101-251121-0067,JS000101-251121-0068,大厅.A06,,,,2,78.0,0.0,78.0,收银pos,001-收银,2025-11-21 13:25:32,否,0,13
YY000101-251121-0069,JS000101-251121-0067,外卖区域.WM客位204262,,,,1,32.8,0.0,32.8,收银pos,001-收银,2025-11-21 13:23:08,否,1,13
YY000101-251121-0056,JS000101-251121-0053,大厅.A07,,,,2,95.2,0.0,95.2,收银pos,001-收银,2025-11-21 13:10:14,否,0,13
YY000101-251121-0061,JS000101-251121-0060,大厅.A08,,,,2,23.8,0.0,23.8,收银pos,001-收银,2025-11-21 13:10:08,否,0,13
YY000101-251121-0068,JS000101-251121-0066,外卖区域.WM客位204262,,,,1,48.8,0.0,48.8,收银pos,001-收银,2025-11-21 13:07:40,否,1,13
YY000101-251121-0066,JS000101-251121-0065,外卖区域.WM客位204262,,,,1,40.7,0.0,40.7,收银pos,001-收银,2025-11-21 13:01:12,否,1,13
YY000101-251121-0065,JS000101-251121-0064,外卖区域.WM客位204262,,,,1,34.7,0.0,34.7,收银pos,001-收银,2025-11-21 12:59:04,否,1,12
YY000101-251121-0064,JS000101-251121-0063,大厅.A11,,,,1,24.0,0.0,24.0,收银pos,001-收银,2025-11-21 12:47:54,否,0,12
YY000101-251121-0054,JS000101-251121-0062,大厅.A03,,,,2,30.0,0.0,30.0,收银pos,001-收银,2025-11-21 12:44:16,否,0,12
YY000101-251121-0062,JS000101-251121-0061,外卖区域.WM客位204262,,,,1,40.8,0.0,40.8,收银pos,001-收银,2025-11-21 12:39:42,否,1,12
YY000101-251121-0060,JS000101-251121-0059,外卖区域.WM客位204262,,,,1,42.8,0.0,42.8,收银pos,001-收银,2025-11-21 12:28:57,否,1,12
YY000101-251121-0059,JS000101-251121-0058,外卖区域.WM客位204262,,,,1,35.8,0.0,35.8,收银pos,001-收银,2025-11-21 12:23:41,否,1,12
YY000101-251121-0058,JS000101-251121-0057,外卖区域.WM客位204262,,,,1,41.8,0.0,41.8,收银pos,001-收银,2025-11-21 12:18:49,否,1,12
YY000101-251121-0057,JS000101-251121-0056,外卖区域.WM客位204262,,,,1,34.8,0.0,34.8,收银pos,001-收银,2025-11-21 12:18:16,否,1,12
YY000101-251121-0050,JS000101-251121-0055,大厅.A06,,,,3,84.0,10.08,73.92,收银pos,001-收银,2025-11-21 12:16:21,否,0,12
YY000101-251121-0055,JS000101-251121-0054,大厅.A08,,,,5,28.0,0.0,28.0,收银pos,001-收银,2025-11-21 12:14:38,否,0,12
YY000101-251121-0053,JS000101-251121-0052,大厅.A03,,,,2,43.0,0.0,43.0,收银pos,001-收银,2025-11-21 12:10:30,否,0,12
YY000101-251121-0052,JS000101-251121-0051,外卖区域.WM客位204262,,,,1,41.8,0.0,41.8,收银pos,001-收银,2025-11-21 12:03:14,否,1,12
YY000101-251121-0051,JS000101-251121-0050,外卖区域.WM客位204262,,,,1,27.8,0.0,27.8,收银pos,001-收银,2025-11-21 12:02:41,否,1,12
YY000101-251121-0049,JS000101-251121-0049,外卖区域.WM客位204262,,,,1,42.8,0.0,42.8,收银pos,001-收银,2025-11-21 11:53:42,否,1,11
YY000101-251121-0048,JS000101-251121-0048,外卖区域.WM客位204262,,,,1,32.8,0.0,32.8,收银pos,001-收银,2025-11-21 11:53:09,否,1,11
YY000101-251121-0047,JS000101-251121-0047,外卖区域.WM客位204262,,,,1,62.6,0.0,62.6,收银pos,001-收银,2025-11-21 11:52:57,否,1,11
YY000101-251121-0046,JS000101-251121-0046,外卖区域.WM客位204262,,,,1,41.5,0.0,41.5,收银pos,001-收银,2025-11-21 11:40:21,否,1,11
YY000101-251121-0045,JS000101-251121-0045,外卖区域.WM客位204262,,,,1,46.7,0.0,46.7,收银pos,001-收银,2025-11-21 11:37:26,否,1,11
YY000101-251121-0044,JS000101-251121-0044,外卖区域.WM客位204262,,,,1,40.8,0.0,40.8,收银pos,001-收银,2025-11-21 11:35:13,否,1,11
YY000101-251121-0043,JS000101-251121-0043,外卖区域.WM客位204262,,,,1,44.8,0.0,44.8,收银pos,001-收银,2025-11-21 11:34:10,否,1,11
YY000101-251121-0042,JS000101-251121-0042,外卖区域.WM客位204262,,,,1,27.8,0.0,27.8,收银pos,001-收银,2025-11-21 11:33:42,否,1,11
YY000101-251121-0041,JS000101-251121-0041,外卖区域.WM客位204262,,,,1,32.8,0.0,32.8,收银pos,001-收银,2025-11-21 11:31:49,否,1,11
YY000101-251121-0040,JS000101-251121-0040,外卖区域.WM客位204262,,,,1,32.8,0.0,32.8,收银pos,001-收银,2025-11-21 11:31:26,否,1,11
YY000101-251121-0039,JS000101-251121-0039,外卖区域.WM客位204262,,,,1,91.7,0.0,91.7,收银pos,001-收银,2025-11-21 11:31:03,否,1,11
YY000101-251121-0038,JS000101-251121-0038,外卖区域.WM客位204262,,,,1,43.8,0.0,43.8,收银pos,001-收银,2025-11-21 11:29:30,否,1,11
YY000101-251121-0037,JS000101-251121-0037,外卖区域.WM客位204262,,,,1,48.8,0.0,48.8,收银pos,001-收银,2025-11-21 11:28:17,否,1,11
YY000101-251121-0006,JS000101-251121-0036,大厅.A05,,,,1,107.0,0.0,107.0,收银pos,001-收银,2025-11-21 11:28:15,否,0,11
YY000101-251121-0036,JS000101-251121-0035,外卖区域.WM客位204262,,,,1,33.8,0.0,33.8,收银pos,001-收银,2025-11-21 11:26:53,否,1,11
YY000101-251121-0035,JS000101-251121-0034,外卖区域.WM客位204262,,,,1,34.8,0.0,34.8,收银pos,001-收银,2025-11-21 11:26:52,否,1,11
YY000101-251121-0034,JS000101-251121-0033,外卖区域.WM客位204262,,,,1,31.8,0.0,31.8,收银pos,001-收银,2025-11-21 11:23:57,否,1,11
YY000101-251121-0032,JS000101-251121-0031,外卖区域.WM客位204262,,,,1,39.7,0.0,39.7,收银pos,001-收银,2025-11-21 11:21:56,否,1,11
YY000101-251121-0031,JS000101-251121-0030,外卖区域.WM客位204262,,,,1,45.8,0.0,45.8,收银pos,001-收银,2025-11-21 11:20:18,否,1,11
YY000101-251121-0030,JS000101-251121-0029,外卖区域.WM客位204262,,,,1,44.8,0.0,44.8,收银pos,001-收银,2025-11-21 11:20:01,否,1,11
YY000101-251121-0029,JS000101-251121-0028,外卖区域.WM客位204262,,,,1,53.7,0.0,53.7,收银pos,001-收银,2025-11-21 11:16:56,否,1,11
YY000101-251121-0028,JS000101-251121-0027,外卖区域.WM客位204262,,,,1,33.8,0.0,33.8,收银pos,001-收银,2025-11-21 11:13:31,否,1,11
YY000101-251121-0027,JS000101-251121-0026,外卖区域.WM客位204262,,,,1,41.7,0.0,41.7,收银pos,001-收银,2025-11-21 11:13:24,否,1,11
YY000101-251121-0026,JS000101-251121-0025,外卖区域.WM客位204262,,,,1,54.8,0.0,54.8,收银pos,001-收银,2025-11-21 11:12:06,否,1,11
YY000101-251121-0025,JS000101-251121-0024,外卖区域.WM客位204262,,,,1,35.8,0.0,35.8,收银pos,001-收银,2025-11-21 11:10:48,否,1,11
YY000101-251121-0024,JS000101-251121-0023,外卖区域.WM客位204262,,,,1,35.8,0.0,35.8,收银pos,001-收银,2025-11-21 11:09:50,否,1,11
YY000101-251121-0023,JS000101-251121-0022,外卖区域.WM客位204262,,,,1,33.8,0.0,33.8,收银pos,001-收银,2025-11-21 11:07:40,否,1,11
YY000101-251121-0022,JS000101-251121-0021,外卖区域.WM客位204262,,,,1,55.8,0.0,55.8,收银pos,001-收银,2025-11-21 11:07:39,否,1,11
YY000101-251121-0020,JS000101-251121-0019,外卖区域.WM客位204262,,,,1,65.2,0.0,65.2,收银pos,001-收银,2025-11-21 11:06:59,否,1,11
YY000101-251121-0019,JS000101-251121-0018,外卖区域.WM客位204262,,,,1,34.8,0.0,34.8,收银pos,001-收银,2025-11-21 11:06:27,否,1,11
YY000101-251121-0018,JS000101-251121-0017,外卖区域.WM客位204262,,,,1,44.2,0.0,44.2,收银pos,001-收银,2025-11-21 11:05:08,否,1,11
YY000101-251121-0017,JS000101-251121-0016,外卖区域.WM客位204262,,,,1,41.7,0.0,41.7,收银pos,001-收银,2025-11-21 11:05:07,否,1,11
YY000101-251121-0016,JS000101-251121-0015,外卖区域.WM客位204262,,,,1,45.7,0.0,45.7,收银pos,001-收银,2025-11-21 11:04:59,否,1,11
YY000101-251121-0015,JS000101-251121-0014,外卖区域.WM客位204262,,,,1,32.8,0.0,32.8,收银pos,001-收银,2025-11-21 11:03:41,否,1,11
YY000101-251121-0014,JS000101-251121-0013,外卖区域.WM客位204262,,,,1,40.8,0.0,40.8,收银pos,001-收银,2025-11-21 11:02:43,否,1,11
YY000101-251121-0013,JS000101-251121-0012,外卖区域.WM客位204262,,,,1,34.7,0.0,34.7,收银pos,001-收银,2025-11-21 11:02:31,否,1,11
YY000101-251121-0012,JS000101-251121-0011,外卖区域.WM客位204262,,,,1,47.8,0.0,47.8,收银pos,001-收银,2025-11-21 11:00:28,否,1,11
YY000101-251121-0011,JS000101-251121-0010,外卖区域.WM客位204262,,,,1,45.8,0.0,45.8,收银pos,001-收银,2025-11-21 10:58:24,否,1,10
YY000101-251121-0010,JS000101-251121-0009,外卖区域.WM客位204262,,,,1,34.8,0.0,34.8,收银pos,001-收银,2025-11-21 10:58:17,否,1,10
YY000101-251121-0009,JS000101-251121-0008,外卖区域.WM客位204262,,,,1,32.8,0.0,32.8,收银pos,001-收银,2025-11-21 10:56:43,否,1,10
YY000101-251121-0008,JS000101-251121-0007,外卖区域.WM客位204262,,,,1,34.8,0.0,34.8,收银pos,001-收银,2025-11-21 10:47:14,否,1,10
YY000101-251121-0007,JS000101-251121-0006,外卖区域.WM客位204262,,,,1,78.5,0.0,78.5,收银pos,001-收银,2025-11-21 10:47:07,否,1,10
YY000101-251121-0005,JS000101-251121-0005,外卖区域.WM客位204262,,,,1,69.6,0.0,69.6,收银pos,001-收银,2025-11-21 10:44:28,否,1,10
YY000101-251121-0003,JS000101-251121-0003,外卖区域.WM客位204262,,,,1,34.8,0.0,34.8,收银pos,001-收银,2025-11-21 10:33:26,否,1,10
YY000101-251121-0001,JS000101-251121-0001,外卖区域.WM客位204262,,,,1,38.7,0.0,38.7,收银pos,001-收银,2025-11-21 10:08:13,否,1,10
YY000101-251120-0114,JS000101-251120-0119,大厅.A02,,,,2,24.0,0.0,24.0,收银pos,001-收银,2025-11-20 21:33:16,否,0,21
YY000101-251120-0120,JS000101-251120-0118,大厅.A05,,,,2,199.0,0.0,199.0,收银pos,001-收银,2025-11-20 21:26:40,否,0,21
YY000101-251120-0119,JS000101-251120-0117,外卖区域.WM客位204262,,,,1,60.8,0.0,60.8,收银pos,001-收银,2025-11-20 20:55:17,否,1,20
YY000101-251120-0103,JS000101-251120-0116,大厅.A06,,,,4,251.0,48.8,202.2,收银pos,001-收银,2025-11-20 20:54:25,否,0,20
YY000101-251120-0118,JS000101-251120-0115,大厅.A04,,,,2,178.0,0.0,178.0,收银pos,001-收银,2025-11-20 20:49:22,否,0,20
YY000101-251120-0117,JS000101-251120-0114,外卖区域.WM客位204262,,,,1,39.7,0.0,39.7,收银pos,001-收银,2025-11-20 20:43:51,否,1,20
YY000101-251120-0116,JS000101-251120-0113,外卖区域.WM客位204262,,,,1,52.8,0.0,52.8,收银pos,001-收银,2025-11-20 20:40:16,否,1,20
YY000101-251120-0108,JS000101-251120-0112,大厅.A07,,,,2,135.0,0.0,135.0,收银pos,001-收银,2025-11-20 20:29:15,否,0,20
YY000101-251120-0107,JS000101-251120-0102,大厅.A05,,,,2,262.0,0.0,262.0,收银pos,001-收银,2025-11-20 20:27:53,否,0,20
YY000101-251120-0115,JS000101-251120-0111,外卖区域.WM客位204262,,,,1,32.8,0.0,32.8,收银pos,001-收银,2025-11-20 20:19:43,否,1,20
YY000101-251120-0102,JS000101-251120-0110,大厅.A04,,,,1,185.0,0.0,185.0,收银pos,001-收银,2025-11-20 20:13:44,否,1,20
YY000101-251120-0113,JS000101-251120-0109,外卖区域.WM客位204262,,,,1,34.8,0.0,34.8,收银pos,001-收银,2025-11-20 19:54:53,否,1,19
YY000101-251120-0090,JS000101-251120-0108,大厅.A02,,,,2,356.0,0.0,356.0,收银pos,001-收银,2025-11-20 19:48:44,否,0,19
YY000101-251120-0112,JS000101-251120-0107,外卖区域.WM客位204262,,,,1,43.7,0.0,43.7,收银pos,001-收银,2025-11-20 19:39:35,否,1,19
YY000101-251120-0111,JS000101-251120-0106,外卖区域.WM客位204262,,,,1,48.2,0.0,48.2,收银pos,001-收银,2025-11-20 19:38:02,否,1,19
YY000101-251120-0110,JS000101-251120-0105,外卖区域.WM客位204262,,,,1,57.6,0.0,57.6,收银pos,001-收银,2025-11-20 19:36:13,否,1,19
YY000101-251120-0109,JS000101-251120-0104,外卖区域.WM客位204262,,,,1,32.8,0.0,32.8,收银pos,001-收银,2025-11-20 19:32:58,否,1,19
YY000101-251120-0098,JS000101-251120-0103,大厅.A03,,,,2,238.0,0.0,238.0,收银pos,001-收银,2025-11-20 19:31:56,否,0,19
YY000101-251120-0105,JS000101-251120-0101,外卖区域.WM客位204262,,,,1,36.8,0.0,36.8,收银pos,001-收银,2025-11-20 19:27:16,否,1,19
YY000101-251120-0095,JS000101-251120-0100,大厅.A09,,,,2,256.0,0.0,256.0,收银pos,001-收银,2025-11-20 19:19:55,否,0,19
YY000101-251120-0104,JS000101-251120-0099,外卖区域.WM客位204262,,,,1,43.7,0.0,43.7,收银pos,001-收银,2025-11-20 19:19:03,否,1,19
YY000101-251120-0101,JS000101-251120-0098,外卖区域.WM客位204262,,,,1,50.8,0.0,50.8,收银pos,001-收银,2025-11-20 19:11:04,否,1,19
YY000101-251120-0100,JS000101-251120-0097,外卖区域.WM客位204262,,,,1,42.7,0.0,42.7,收银pos,001-收银,2025-11-20 19:07:29,否,1,19
YY000101-251120-0097,JS000101-251120-0095,外卖区域.WM客位204262,,,,1,34.8,0.0,34.8,收银pos,001-收银,2025-11-20 18:49:07,否,1,18
YY000101-251120-0096,JS000101-251120-0094,外卖区域.WM客位204262,,,,1,46.7,0.0,46.7,收银pos,001-收银,2025-11-20 18:39:33,否,1,18
YY000101-251120-0094,JS000101-251120-0093,外卖区域.WM客位204262,,,,1,32.8,0.0,32.8,收银pos,001-收银,2025-11-20 18:18:11,否,1,18
YY000101-251120-0093,JS000101-251120-0092,大厅.A01,,,,2,49.0,0.0,49.0,收银pos,001-收银,2025-11-20 18:18:04,否,0,18
YY000101-251120-0092,JS000101-251120-0091,外卖区域.WM客位204262,,,,1,34.8,0.0,34.8,收银pos,001-收银,2025-11-20 18:14:45,否,1,18
YY000101-251120-0080,JS000101-251120-0079,大厅.A03,,,,2,36.0,0.0,36.0,收银pos,001-收银,2025-11-20 18:07:38,否,0,18
YY000101-251120-0091,JS000101-251120-0090,大厅.A01,,,,2,36.0,0.0,36.0,收银pos,001-收银,2025-11-20 18:07:17,否,0,18
YY000101-251120-0089,JS000101-251120-0089,外卖区域.WM客位204262,,,,1,41.6,0.0,41.6,收银pos,001-收银,2025-11-20 17:58:32,否,1,17
YY000101-251120-0086,JS000101-251120-0088,大厅.A11,,,,1,28.0,0.0,28.0,收银pos,001-收银,2025-11-20 17:58:09,否,0,17
YY000101-251120-0088,JS000101-251120-0087,外卖区域.WM客位204262,,,,1,42.7,0.0,42.7,收银pos,001-收银,2025-11-20 17:49:03,否,1,17
YY000101-251120-0087,JS000101-251120-0086,外卖区域.WM客位204262,,,,1,54.3,0.0,54.3,收银pos,001-收银,2025-11-20 17:48:15,否,1,17
YY000101-251120-0085,JS000101-251120-0085,外卖区域.WM客位204262,,,,1,36.7,0.0,36.7,收银pos,001-收银,2025-11-20 17:30:09,否,1,17
YY000101-251120-0084,JS000101-251120-0084,外卖区域.WM客位204262,,,,1,31.8,0.0,31.8,收银pos,001-收银,2025-11-20 17:24:07,否,1,17
YY000101-251120-0076,JS000101-251120-0083,大厅.A06,,,,4,294.0,54.4,239.6,收银pos,001-收银,2025-11-20 17:21:11,否,0,17
YY000101-251120-0083,JS000101-251120-0082,外卖区域.WM客位204262,,,,1,34.8,0.0,34.8,收银pos,001-收银,2025-11-20 17:20:12,否,1,17
YY000101-251120-0082,JS000101-251120-0081,外卖区域.WM客位204262,,,,1,37.6,0.0,37.6,收银pos,001-收银,2025-11-20 17:16:31,否,1,17
YY000101-251120-0081,JS000101-251120-0080,外卖区域.WM客位204262,,,,1,33.8,0.0,33.8,收银pos,001-收银,2025-11-20 17:01:54,否,1,17
YY000101-251120-0079,JS000101-251120-0078,外卖区域.WM客位204262,,,,1,35.7,0.0,35.7,收银pos,001-收银,2025-11-20 16:59:45,否,1,16
YY000101-251120-0078,JS000101-251120-0077,外卖区域.WM客位204262,,,,1,42.7,0.0,42.7,收银pos,001-收银,2025-11-20 16:55:50,否,1,16
YY000101-251120-0077,JS000101-251120-0076,外卖区域.WM客位204262,,,,1,34.8,0.0,34.8,收银pos,001-收银,2025-11-20 16:53:26,否,1,16
YY000101-251120-0075,JS000101-251120-0075,外卖区域.WM客位204262,,,,1,34.8,0.0,34.8,收银pos,001-收银,2025-11-20 16:37:27,否,1,16
YY000101-251120-0074,JS000101-251120-0074,外卖区域.WM客位204262,,,,1,54.8,0.0,54.8,收银pos,001-收银,2025-11-20 16:34:12,否,1,16
YY000101-251120-0073,JS000101-251120-0073,外卖区域.WM客位204262,,,,1,52.5,0.0,52.5,收银pos,001-收银,2025-11-20 16:22:27,否,1,16
YY000101-251120-0072,JS000101-251120-0072,外卖区域.WM客位204262,,,,1,41.6,0.0,41.6,收银pos,001-收银,2025-11-20 16:20:23,否,1,16
YY000101-251120-0071,JS000101-251120-0071,外卖区域.WM客位204262,,,,1,41.7,0.0,41.7,收银pos,001-收银,2025-11-20 16:08:57,否,1,16
YY000101-251120-0070,JS000101-251120-0070,外卖区域.WM客位204262,,,,1,35.7,0.0,35.7,收银pos,001-收银,2025-11-20 16:03:25,否,1,16
YY000101-251120-0068,JS000101-251120-0068,大厅.A09,,,,2,388.0,0.0,388.0,收银pos,001-收银,2025-11-20 15:51:06,否,0,15
YY000101-251120-0069,JS000101-251120-0069,外卖区域.WM客位204262,,,,1,53.6,0.0,53.6,收银pos,001-收银,2025-11-20 15:25:22,否,1,15
YY000101-251120-0066,JS000101-251120-0067,大厅.A10,,,,1,32.0,0.0,32.0,收银pos,001-收银,2025-11-20 15:10:39,否,0,15
YY000101-251120-0067,JS000101-251120-0066,外卖区域.WM客位204262,,,,1,44.6,0.0,44.6,收银pos,001-收银,2025-11-20 15:09:43,否,1,15
YY000101-251120-0065,JS000101-251120-0065,外卖区域.WM客位204262,,,,1,38.3,0.0,38.3,收银pos,001-收银,2025-11-20 14:53:25,否,1,14
YY000101-251120-0064,JS000101-251120-0064,大厅.A09,,,,2,38.0,0.0,38.0,收银pos,001-收银,2025-11-20 14:42:52,否,0,14
YY000101-251120-0063,JS000101-251120-0063,外卖区域.WM客位204262,,,,1,46.8,0.0,46.8,收银pos,001-收银,2025-11-20 14:35:25,否,1,14
YY000101-251120-0062,JS000101-251120-0062,外卖区域.WM客位204262,,,,1,34.8,0.0,34.8,收银pos,001-收银,2025-11-20 14:14:33,否,1,14
YY000101-251120-0061,JS000101-251120-0061,外卖区域.WM客位204262,,,,1,50.8,0.0,50.8,收银pos,001-收银,2025-11-20 14:13:15,否,1,14
YY000101-251120-0060,JS000101-251120-0060,外卖区域.WM客位204262,,,,1,33.8,0.0,33.8,收银pos,001-收银,2025-11-20 13:54:09,否,1,13
YY000101-251120-0059,JS000101-251120-0059,外卖区域.WM客位204262,,,,1,44.8,0.0,44.8,收银pos,001-收银,2025-11-20 13:43:45,否,1,13
YY000101-251120-0046,JS000101-251120-0042,大厅.A03,,,,2,211.0,0.0,211.0,收银pos,001-收银,2025-11-20 13:33:52,否,0,13
YY000101-251120-0039,JS000101-251120-0058,大厅.A09,,,,1,36.0,0.0,36.0,收银pos,001-收银,2025-11-20 13:33:46,否,0,13
YY000101-251120-0057,JS000101-251120-0057,大厅.A11,,,,1,22.0,0.0,22.0,收银pos,001-收银,2025-11-20 13:31:04,否,0,13
YY000101-251120-0047,JS000101-251120-0043,大厅.A04,,,,2,304.0,0.0,304.0,收银pos,001-收银,2025-11-20 13:27:21,否,1,13
YY000101-251120-0058,JS000101-251120-0056,外卖区域.WM客位204262,,,,1,48.7,0.0,48.7,收银pos,001-收银,2025-11-20 13:27:01,否,1,13
YY000101-251120-0044,JS000101-251120-0055,大厅.A07,,,,6,531.0,87.0,444.0,收银pos,001-收银,2025-11-20 13:26:27,否,1,13
YY000101-251120-0041,JS000101-251120-0037,大厅.A06,,,,2,47.6,0.0,47.6,收银pos,001-收银,2025-11-20 13:16:09,否,0,13
YY000101-251120-0056,JS000101-251120-0054,外卖区域.WM客位204262,,,,1,35.3,0.0,35.3,收银pos,001-收银,2025-11-20 13:04:09,否,1,13
YY000101-251120-0048,JS000101-251120-0053,大厅.A11,,,,1,36.0,0.0,36.0,收银pos,001-收银,2025-11-20 13:04:05,否,0,13
YY000101-251120-0028,JS000101-251120-0052,大厅.A05,,,,2,183.0,0.0,183.0,收银pos,001-收银,2025-11-20 13:02:22,否,0,13
YY000101-251120-0055,JS000101-251120-0051,外卖区域.WM客位204262,,,,1,33.8,0.0,33.8,收银pos,001-收银,2025-11-20 12:57:41,否,1,12
YY000101-251120-0034,JS000101-251120-0050,大厅.A08,,,,5,304.0,0.0,304.0,收银pos,001-收银,2025-11-20 12:53:10,否,0,12
YY000101-251120-0054,JS000101-251120-0049,外卖区域.WM客位204262,,,,1,46.7,0.0,46.7,收银pos,001-收银,2025-11-20 12:51:19,否,1,12
YY000101-251120-0053,JS000101-251120-0048,外卖区域.WM客位204262,,,,1,32.8,0.0,32.8,收银pos,001-收银,2025-11-20 12:47:44,否,1,12
YY000101-251120-0052,JS000101-251120-0047,大厅.A02,,,,2,52.0,0.0,52.0,收银pos,001-收银,2025-11-20 12:45:23,否,0,12
YY000101-251120-0051,JS000101-251120-0046,外卖区域.WM客位204262,,,,1,48.7,0.0,48.7,收银pos,001-收银,2025-11-20 12:43:49,否,1,12
YY000101-251120-0050,JS000101-251120-0045,大厅.A02,,,,1,4.0,0.0,4.0,收银pos,001-收银,2025-11-20 12:43:27,否,0,12
YY000101-251120-0049,JS000101-251120-0044,大厅.A02,,,,1,28.0,0.0,28.0,收银pos,001-收银,2025-11-20 12:41:15,否,0,12
YY000101-251120-0027,JS000101-251120-0040,大厅.A03,,,,1,43.0,0.0,43.0,收银pos,001-收银,2025-11-20 12:28:42,否,0,12
YY000101-251120-0045,JS000101-251120-0041,外卖区域.WM客位204262,,,,1,34.8,0.0,34.8,收银pos,001-收银,2025-11-20 12:28:41,否,1,12
YY000101-251120-0043,JS000101-251120-0039,大厅.A02,,,,2,78.0,0.0,78.0,收银pos,001-收银,2025-11-20 12:26:07,否,0,12
YY000101-251120-0042,JS000101-251120-0038,外卖区域.WM客位204262,,,,1,36.8,0.0,36.8,收银pos,001-收银,2025-11-20 12:23:45,否,1,12
YY000101-251120-0040,JS000101-251120-0036,外卖区域.WM客位204262,,,,1,33.6,0.0,33.6,收银pos,001-收银,2025-11-20 12:20:09,否,1,12
YY000101-251120-0038,JS000101-251120-0035,外卖区域.WM客位204262,,,,1,34.8,0.0,34.8,收银pos,001-收银,2025-11-20 12:17:15,否,1,12
YY000101-251120-0037,JS000101-251120-0034,外卖区域.WM客位204262,,,,1,34.8,0.0,34.8,收银pos,001-收银,2025-11-20 12:16:42,否,1,12
YY000101-251120-0036,JS000101-251120-0033,外卖区域.WM客位204262,,,,1,39.8,0.0,39.8,收银pos,001-收银,2025-11-20 12:11:46,否,1,12
YY000101-251120-0035,JS000101-251120-0032,外卖区域.WM客位204262,,,,1,47.8,0.0,47.8,收银pos,001-收银,2025-11-20 12:05:09,否,1,12
YY000101-251120-0033,JS000101-251120-0031,外卖区域.WM客位204262,,,,1,33.8,0.0,33.8,收银pos,001-收银,2025-11-20 11:53:29,否,1,11
YY000101-251120-0032,JS000101-251120-0030,外卖区域.WM客位204262,,,,1,34.8,0.0,34.8,收银pos,001-收银,2025-11-20 11:52:16,否,1,11
YY000101-251120-0031,JS000101-251120-0029,外卖区域.WM客位204262,,,,1,69.6,0.0,69.6,收银pos,001-收银,2025-11-20 11:51:33,否,1,11
YY000101-251120-0029,JS000101-251120-0028,大厅.A09,,,,1,25.0,0.0,25.0,收银pos,001-收银,2025-11-20 11:50:51,否,0,11
YY000101-251120-0030,JS000101-251120-0027,外卖区域.WM客位204262,,,,1,37.8,0.0,37.8,收银pos,001-收银,2025-11-20 11:50:40,否,1,11
YY000101-251120-0026,JS000101-251120-0026,外卖区域.WM客位204262,,,,1,42.7,0.0,42.7,收银pos,001-收银,2025-11-20 11:44:44,否,1,11
YY000101-251120-0025,JS000101-251120-0025,外卖区域.WM客位204262,,,,1,34.8,0.0,34.8,收银pos,001-收银,2025-11-20 11:42:50,否,1,11
YY000101-251120-0024,JS000101-251120-0024,外卖区域.WM客位204262,,,,1,37.8,0.0,37.8,收银pos,001-收银,2025-11-20 11:42:18,否,1,11
YY000101-251120-0023,JS000101-251120-0023,外卖区域.WM客位204262,,,,1,34.8,0.0,34.8,收银pos,001-收银,2025-11-20 11:39:18,否,1,11
YY000101-251120-0022,JS000101-251120-0022,外卖区域.WM客位204262,,,,1,34.8,0.0,34.8,收银pos,001-收银,2025-11-20 11:37:04,否,1,11
YY000101-251120-0021,JS000101-251120-0021,外卖区域.WM客位204262,,,,1,50.8,0.0,50.8,收银pos,001-收银,2025-11-20 11:34:55,否,1,11
YY000101-251120-0020,JS000101-251120-0020,外卖区域.WM客位204262,,,,1,32.7,0.0,32.7,收银pos,001-收银,2025-11-20 11:29:13,否,1,11
YY000101-251120-0019,JS000101-251120-0019,外卖区域.WM客位204262,,,,1,37.8,0.0,37.8,收银pos,001-收银,2025-11-20 11:23:51,否,1,11
YY000101-251120-0018,JS000101-251120-0018,外卖区域.WM客位204262,,,,1,46.7,0.0,46.7,收银pos,001-收银,2025-11-20 11:18:15,否,1,11
YY000101-251120-0017,JS000101-251120-0017,外卖区域.WM客位204262,,,,1,45.8,0.0,45.8,收银pos,001-收银,2025-11-20 11:17:52,否,1,11
YY000101-251120-0016,JS000101-251120-0016,外卖区域.WM客位204262,,,,1,39.7,0.0,39.7,收银pos,001-收银,2025-11-20 11:17:25,否,1,11
YY000101-251120-0015,JS000101-251120-0015,外卖区域.WM客位204262,,,,1,35.8,0.0,35.8,收银pos,001-收银,2025-11-20 11:15:01,否,1,11
YY000101-251120-0014,JS000101-251120-0014,外卖区域.WM客位204262,,,,1,32.8,0.0,32.8,收银pos,001-收银,2025-11-20 11:11:36,否,1,11
YY000101-251120-0013,JS000101-251120-0013,外卖区域.WM客位204262,,,,1,45.7,0.0,45.7,收银pos,001-收银,2025-11-20 11:10:53,否,1,11
YY000101-251120-0012,JS000101-251120-0012,外卖区域.WM客位204262,,,,1,41.1,0.0,41.1,收银pos,001-收银,2025-11-20 11:07:48,否,1,11
YY000101-251120-0011,JS000101-251120-0011,外卖区域.WM客位204262,,,,1,31.8,0.0,31.8,收银pos,001-收银,2025-11-20 11:07:26,否,1,11
YY000101-251120-0010,JS000101-251120-0010,外卖区域.WM客位204262,,,,1,43.7,0.0,43.7,收银pos,001-收银,2025-11-20 11:06:53,否,1,11
YY000101-251120-0009,JS000101-251120-0009,外卖区域.WM客位204262,,,,1,63.8,0.0,63.8,收银pos,001-收银,2025-11-20 11:04:22,否,1,11
YY000101-251120-0008,JS000101-251120-0008,外卖区域.WM客位204262,,,,1,35.7,0.0,35.7,收银pos,001-收银,2025-11-20 11:04:21,否,1,11
YY000101-251120-0007,JS000101-251120-0007,外卖区域.WM客位204262,,,,1,47.6,0.0,47.6,收银pos,001-收银,2025-11-20 10:58:13,否,1,10
YY000101-251120-0005,JS000101-251120-0005,外卖区域.WM客位204262,,,,1,39.7,0.0,39.7,收银pos,001-收银,2025-11-20 10:55:57,否,1,10
YY000101-251120-0004,JS000101-251120-0004,外卖区域.WM客位204262,,,,1,39.8,0.0,39.8,收银pos,001-收银,2025-11-20 10:52:47,否,1,10
YY000101-251120-0003,JS000101-251120-0003,外卖区域.WM客位204262,,,,1,45.7,0.0,45.7,收银pos,001-收银,2025-11-20 10:25:45,否,1,10
YY000101-251120-0001,JS000101-251120-0001,外卖区域.WM客位204262,,,,1,39.6,0.0,39.6,收银pos,001-收银,2025-11-20 09:55:20,否,1,9
